label,pred,prob
1,1,0.8642024221994022
1,0,0.015465103943269477
1,1,0.9662135981893207
1,1,0.954532645325376
0,0,0.12277004332983808
1,0,0.22644056230176243
0,0,0.01430056678117438
0,0,0.12302315228112935
1,1,0.9967485930292305
1,1,0.941062548257289
1,1,0.5297458779252626
0,0,0.029251735869856348
1,1,0.77690983207315
0,0,0.009144661844995024
1,1,0.9081354362638675
0,1,0.710794721149327
1,1,0.985064928807128
1,0,0.30681292903436125
1,1,0.9049893276889791
1,1,0.973649535599313
0,0,0.37434824245380705
1,1,0.887713887120739
0,0,0.0059215138629936884
1,0,0.17200773808479666
0,0,0.06626580940880304
1,0,0.2460338337058528
0,0,0.17498566085540015
1,1,0.6283265761105675
1,0,0.24124752983647976
0,1,0.7224029650495796
0,1,0.8052220712934111
0,0,0.10902861276538686
1,1,0.9308638340995642
1,1,0.9948372338493374
0,1,0.6504629065361245
1,1,0.944544889744311
1,1,0.9930564749150423
0,0,0.0994895748016189
0,1,0.5986738337302414
0,0,0.10298089211442026
0,0,0.017409251401165886
1,1,0.9444737904914727
0,0,0.005515865231562772
0,0,0.02674036903118291
1,0,0.4897210270798316
0,1,0.9289924525543747
1,1,0.9739272536817916
1,1,0.6154450569485017
0,0,0.0895417436287256
1,1,0.5369244984256528
1,1,0.6799071062233097
1,1,0.9789564421029353
0,0,0.007552856646661022
0,0,0.011598201819536877
0,0,0.016181946562864116
0,0,0.0050786868854797084
1,1,0.9563867242901825
0,0,0.008978604741510174
0,0,0.36521346720814
0,0,0.06482095688592057
0,0,0.15790073326956786
0,0,0.15507453015986647
0,0,0.06875520269961372
1,1,0.9848022834599626
1,1,0.983662249977323
0,0,0.009515257553293037
0,0,0.06811150116450636
0,0,0.01667032441603491
1,1,0.9166948804642475
0,0,0.02414741999952177
1,1,0.9894840690740425
1,1,0.981571040881838
1,1,0.8716247096808103
0,0,0.1907896757999138
0,1,0.6011070818999219
1,1,0.8145419153308624
0,0,0.039624319214704766
1,1,0.9435562016364504
0,0,0.12975397865037808
0,0,0.08584385867772956
0,1,0.942730585823292
1,1,0.7872984267393883
0,1,0.9726998985430765
0,0,0.006802318463849007
1,1,0.9698001426130906
1,1,0.7969018512098637
0,0,0.09829855102334067
0,0,0.006091979779077748
1,1,0.9944144344054647
0,0,0.08845005007493578
0,1,0.8271585770098328
1,1,0.7398454138733314
0,1,0.9533367685699676
0,0,0.030616929286295513
1,1,0.9945871426482017
0,0,0.04874847861795974
1,1,0.9938987487888604
1,0,0.31516375434320815
0,0,0.07115737782660907
0,0,0.16905149885317866
1,1,0.99553424363551
0,0,0.00851744076177442
1,1,0.9423316738024442
1,1,0.9969329519964627
1,1,0.9391802385226561
1,1,0.8152201066310977
1,1,0.7263241849076736
0,0,0.008930019939955744
0,1,0.6349731557213267
1,1,0.665031841404042
0,0,0.3854472006796448
0,0,0.08508046226788549
0,0,0.38538968458338674
1,1,0.9513809018305364
0,0,0.004163323411139891
0,0,0.015458002446575907
1,1,0.9871198819981295
0,0,0.4557649315784595
1,0,0.17407753855587138
1,1,0.9525572504828996
1,1,0.9326958435341866
1,0,0.30066275163396905
1,1,0.9101557546034987
0,0,0.0038516331551863418
0,0,0.17075106287357847
0,0,0.0105197272627398
0,0,0.037886131087463124
1,1,0.9695456406307182
1,1,0.9826841650035976
0,0,0.008632928436249543
1,1,0.9835602353122337
0,1,0.5169719249224005
1,1,0.9255109411859231
0,0,0.08035406963338487
0,1,0.621885670219125
1,1,0.6842032222794584
0,1,0.9353442039169888
0,1,0.5785761001172806
0,0,0.010011210712161584
1,1,0.9941435776747918
1,0,0.295871713759481
0,0,0.002516846869081207
1,1,0.9051270155493141
1,1,0.5790277064778461
0,1,0.9328053032901741
1,1,0.9943340976304528
0,0,0.014598197730460812
0,0,0.46134377424490786
1,1,0.5461979431891614
0,0,0.024341360802608476
1,1,0.880416476984772
1,1,0.9879542477973122
0,1,0.8830636424795429
0,0,0.052750022729138084
0,0,0.07800857594901636
1,1,0.9894183841557012
1,1,0.5606674197316469
0,0,0.038955583525637
0,0,0.031841205630857
0,0,0.17573602148629863
1,0,0.3889420584299593
0,1,0.5558559692445331
0,1,0.9289162838230699
0,0,0.15946941349561497
0,0,0.07731811758747505
0,0,0.12482333333003247
1,1,0.9849463869497136
0,0,0.010823444771613414
1,0,0.3528211043238355
1,1,0.8570450190197116
1,1,0.5062001951303537
0,0,0.02217610975119651
0,1,0.9128218485819969
0,0,0.00250687643333877
0,0,0.009727740602125496
0,0,0.224609993068173
0,0,0.12377643375919506
0,0,0.00274002971432296
1,1,0.7131560171991781
1,1,0.9977460305533689
0,1,0.6582390575951764
1,1,0.9268242107355777
1,1,0.9941418992799225
0,0,0.0354611414476226
0,0,0.003910350722360155
1,1,0.9975807782840217
1,1,0.7561008230547132
1,1,0.9826702729264357
0,1,0.504953921460736
0,0,0.017748360747014594
1,1,0.9943857004059609
1,1,0.9960233593991282
1,1,0.9983023772757043
1,1,0.9900109848124539
0,0,0.0049965308223201
0,1,0.5478236454636511
0,0,0.33377075300911646
1,1,0.9333286899623414
0,1,0.5913304406168448
0,0,0.029706078746345635
0,0,0.0037849252837757114
1,1,0.9977592354632877
1,1,0.9501193856109841
1,1,0.9875815326681634
1,1,0.9715857841943362
0,0,0.21140460345768944
1,1,0.9393278967976854
0,0,0.06204461120283381
0,1,0.8277187998645533
1,1,0.6832879868042026
0,0,0.04887215195406084
0,0,0.011438695605179619
0,0,0.0031607387935657354
1,1,0.9193899352571624
1,1,0.9809330636374318
1,1,0.7475645249517426
0,0,0.005568293573826437
1,1,0.9641471418719606
0,1,0.7257316140561162
1,1,0.942788549653313
1,1,0.977662589020997
1,1,0.9867666213329457
1,1,0.8922965891063062
1,1,0.9630623778610733
1,1,0.9911317258638243
0,0,0.026731188304776048
0,0,0.006305193632515721
0,0,0.3569206931503758
0,0,0.09495059168504799
1,1,0.8387229541409384
1,1,0.9636389512845717
1,1,0.9964183710799378
1,1,0.873909946080805
0,0,0.3881270063822113
1,1,0.6367080846864419
0,0,0.0043965748555706416
1,1,0.8633034886724442
0,0,0.006848828269837323
0,0,0.02406057485751973
1,1,0.9467950965368894
0,0,0.05090294475519141
0,0,0.01582814456843733
1,1,0.9643184610658448
0,1,0.8155336582074234
1,1,0.6274050265712641
1,0,0.15282318122767774
1,1,0.9957510438618559
0,0,0.10015026958762005
0,0,0.04814494736656088
0,1,0.7667551361816501
1,1,0.9923613981440654
1,1,0.9948569622642254
0,0,0.007590584028176529
1,1,0.8390962057981204
1,1,0.7786754961581019
1,1,0.9959661567032508
0,1,0.7112290248039183
1,1,0.9629435661036305
0,1,0.926962197987463
1,1,0.8819287151323774
1,1,0.9748673927723287
1,1,0.9798977449269827
0,0,0.0406313670491978
1,1,0.9874513932002343
0,1,0.5095064288124505
0,1,0.9726512192344962
0,0,0.025133649444794567
1,1,0.9961357539146972
1,1,0.9487955673967955
0,0,0.10904220392311853
1,1,0.9739768212833521
1,1,0.6259074552041237
0,0,0.07485273177538246
0,0,0.43997147168986245
1,1,0.9619158795476642
1,1,0.7900270003936348
0,0,0.006851484074510576
0,0,0.004468795291689546
1,1,0.9917030464691311
1,1,0.9952957119817814
0,0,0.34078099383163607
0,0,0.0881881709027946
0,0,0.19700003269071203
0,0,0.09480275692500202
0,0,0.016006970270658647
1,1,0.9985450521558537
0,0,0.07179890790193337
0,0,0.014447814988370571
0,0,0.023830951766532472
0,0,0.0030549074000811843
1,1,0.9762824687167682
1,0,0.16006345338218791
0,0,0.004465481648297867
1,0,0.48075796876258997
1,1,0.9974923939621677
1,1,0.9951777713964289
0,0,0.005703027243222772
1,1,0.9913817627739352
1,1,0.9921254821035961
0,0,0.05053031129275737
1,1,0.9980550083002308
1,1,0.9406688036497427
0,1,0.5015611113410461
1,1,0.9948192840676772
1,1,0.9929836803138936
1,1,0.9177393590437104
0,0,0.008461952054338029
0,0,0.013502360411687628
1,1,0.9218430652667606
1,1,0.995464115472329
1,0,0.1725694154128666
1,1,0.9654173288440981
0,0,0.14699385614816715
1,1,0.9118924097615728
1,1,0.9063833564804119
0,0,0.24458821450485171
0,0,0.03661236012035282
1,1,0.6400071597191326
0,1,0.5060779567464323
0,0,0.09626367014182857
1,1,0.9559619093718416
1,1,0.8331067990400987
0,0,0.0045281870024013945
0,1,0.8171953392436339
0,0,0.34095411765790334
0,0,0.030104198401081847
1,1,0.9672711479261512
1,1,0.9926000118407244
1,1,0.9220248372410083
1,1,0.9402882144641488
1,1,0.9867008158393283
1,1,0.5439664677282138
0,0,0.062170092506863055
1,1,0.9534376519440103
1,1,0.9875518644735543
1,1,0.9277160933481944
0,1,0.9367941642474731
0,0,0.012656388605793059
1,1,0.9874347218318321
1,1,0.9872761782052111
0,0,0.48337446983069987
1,1,0.9225832012774902
1,0,0.4587948748172528
0,0,0.01900699795983141
0,1,0.8951202751455185
1,0,0.22539561853798828
0,0,0.3878337172503909
1,1,0.9950473109970845
1,1,0.8949093252124342
0,0,0.00535374999977843
0,0,0.43992796139387647
1,1,0.7946064140374691
0,0,0.0025013609173236548
0,0,0.0029908833470967747
1,1,0.9764744654660111
1,0,0.2480182340677979
1,1,0.5349802341238763
1,1,0.8930988357246017
0,0,0.0051425606504279485
0,0,0.08740702672881728
0,0,0.00417552985249881
0,1,0.9419896020524148
1,1,0.7559034165634164
0,0,0.024675860837345034
0,1,0.6374885766678128
1,1,0.9812293749071686
0,0,0.25343323786432076
0,0,0.019229003945303712
0,0,0.014223877704702192
1,1,0.8402573789833303
1,1,0.9948728894492279
0,0,0.004763997265634106
0,0,0.00543457262583493
0,0,0.030665925425381824
1,1,0.882221301528028
1,1,0.85993683338894
0,0,0.0035422347111936443
0,1,0.5317826343335328
0,0,0.006698908545010798
1,1,0.7820496792041907
0,0,0.005978339237798751
1,1,0.9739823538806205
0,1,0.8398173397242539
0,1,0.9323078730074761
0,0,0.3017419504849285
1,1,0.6314753906952428
1,1,0.9437178767541909
0,0,0.048892490142720735
1,1,0.7575320096101585
1,1,0.8075373482456534
1,1,0.9835869278240766
1,1,0.9921762596917029
1,0,0.44299716988440513
1,1,0.9203750304567605
1,0,0.004534720828027662
0,0,0.09281641713278471
0,0,0.007622981974309549
1,0,0.3789721398118588
1,0,0.0721027630309635
0,1,0.8670661339840227
0,0,0.0030285865343079275
0,0,0.0035547191821876864
1,1,0.9807393573763972
0,0,0.005064104305706446
0,0,0.015010029953550915
0,0,0.00197915652539032
0,0,0.0007298658539999322
1,1,0.955241347287736
0,0,0.07980490026056031
1,1,0.8603898981269088
0,1,0.6212442104742141
0,1,0.5456323003226918
0,0,0.009336209388130854
1,1,0.8999003944701249
1,1,0.9816366302319417
0,0,0.04811471648008366
1,1,0.9756522170155651
0,0,0.017659221475513156
1,1,0.9854150205400745
0,1,0.581552302566465
0,0,0.2847738358705015
0,0,0.34775435306432606
0,1,0.8827774233074409
0,1,0.8464762869788008
1,1,0.9898846660782329
1,1,0.9657815533769322
1,1,0.7486629887609062
1,1,0.9834556440981002
1,1,0.8805443284476918
1,1,0.8987669917944123
0,0,0.009949992290297083
0,0,0.01719778583052964
0,0,0.01417530414534748
1,0,0.10910439961757615
0,1,0.8373890260842978
1,1,0.9938693748358021
0,1,0.6384138191487705
1,1,0.8605692727832072
1,1,0.9682588985313573
0,0,0.04176067677138594
1,1,0.9347323312443963
0,0,0.00455509797662328
0,0,0.015466377413388212
1,1,0.6744639310764529
0,0,0.0027110505952859074
1,1,0.9468538001516638
0,0,0.05036725988975888
0,0,0.31890619191906455
1,1,0.7575049576672366
0,0,0.023388034599071465
0,0,0.1321745352835807
0,0,0.17771192744458778
0,0,0.05522144567142699
1,0,0.09958315455012391
0,0,0.004104555791314616
1,0,0.023831825404004015
1,1,0.83148884797397
1,1,0.9586945529946277
1,1,0.8816295766881507
0,0,0.008939388404681736
1,1,0.9969860327058043
0,0,0.005074510945831466
0,0,0.014755101947969623
1,1,0.919487431335042
0,0,0.017191221479204204
1,0,0.2786373422893171
1,1,0.8593152842837681
0,0,0.0066921626236811985
0,0,0.03199408603751738
0,0,0.02405636067249855
1,1,0.9142398777302992
1,1,0.9603328524034328
0,0,0.0309278803913654
1,0,0.4843328424076559
0,0,0.06073058249285254
1,1,0.8391915243500695
1,1,0.8091155569145762
0,0,0.019491403418909065
1,1,0.8439577779154552
1,1,0.9448567025246606
1,1,0.9210453956957021
0,0,0.005795550605008789
0,0,0.003798174307436456
0,1,0.871642319620183
1,1,0.8708747532902179
0,0,0.11134108116989039
0,0,0.004338819241117355
1,1,0.8346217876078644
0,0,0.006193604177677621
0,1,0.9608459917044476
1,0,0.28955238907691777
1,1,0.9980284946265511
0,0,0.10653313967595458
0,0,0.35754605485422825
0,0,0.0017162046206563356
0,0,0.017700740346834026
0,0,0.02984643598425093
1,1,0.9797205535111665
0,0,0.004441227920658925
0,0,0.16434756523479516
1,1,0.9386795561432183
0,0,0.00577588988627322
0,0,0.09752424874149007
1,1,0.9954478372716892
1,1,0.9526819045196379
1,1,0.9936461218528351
1,1,0.9125066994684231
0,0,0.04641507610855249
1,1,0.9645609378042843
1,1,0.6966367371717114
1,1,0.9888062120970929
1,1,0.9130612281605894
0,0,0.16145736913234274
1,1,0.8232031148669342
0,1,0.794039005572957
0,0,0.06656017667320403
0,1,0.9489227604339124
1,1,0.696372026572241
0,1,0.7948720675924374
0,0,0.038923944676088444
1,1,0.9597546994220425
0,0,0.02541422983256155
0,1,0.9154792784664163
1,1,0.9594209140648543
1,0,0.20260444576914308
0,1,0.7107228737561082
0,0,0.3920532229387543
1,1,0.9892280477887667
0,1,0.8992960750699828
0,0,0.003098888654900197
1,1,0.9710366459414951
0,0,0.003856748321370522
0,0,0.08533246499431069
1,1,0.7701437323002683
0,1,0.5168250979823954
0,1,0.5658244175642074
1,1,0.9952445560906028
0,0,0.04621793500038417
1,1,0.8924298750844403
0,0,0.336525072187815
0,0,0.0037910090549696245
1,1,0.9099029996200028
0,0,0.001514754045316665
0,0,0.17740255142650654
1,1,0.9558605381664951
0,0,0.006026974717996527
1,0,0.44854971605095273
1,1,0.9776397045941008
1,0,0.35189455274917864
0,0,0.0029494584004718712
1,1,0.9430467218282363
1,0,0.34625604812738997
1,1,0.8637116207757809
0,0,0.07712276626518046
0,0,0.002615265463132136
0,0,0.00909538001571664
0,1,0.701373923452749
1,1,0.9922428341726149
1,1,0.9286148641229125
0,0,0.37383161711709045
0,0,0.022393919925475635
1,1,0.6953547830440319
1,1,0.9074766726348038
0,0,0.010049054659028235
1,1,0.9795501431304418
0,0,0.17336256923583293
1,1,0.9967218645564729
1,0,0.3427587684788037
0,1,0.7856718909419493
1,1,0.5817709441847346
1,0,0.0716101028854388
1,1,0.8596465021099436
0,0,0.008975298564781742
1,1,0.944982483853819
0,1,0.866645915810667
1,1,0.985438245179318
1,1,0.9767180885738799
1,1,0.9571093060165943
0,1,0.9671086479148966
1,1,0.5071882706253998
0,0,0.0062263491142668945
1,1,0.968646164398274
0,1,0.8350388314009135
1,1,0.6068799121800406
1,1,0.895594615217588
0,0,0.31463016092542384
1,1,0.9473792646964919
1,1,0.9965120744680913
0,0,0.21475453565471758
1,1,0.9513746096427471
0,0,0.008538457408084434
1,1,0.6650553323827725
1,1,0.9835636066220026
1,1,0.9464258162313658
0,0,0.015230028242462796
1,1,0.7633097845126833
1,1,0.7912616377373836
1,1,0.9453904215169912
0,0,0.011796414073026862
1,1,0.8788267111446767
0,0,0.002585548849919883
0,0,0.35509886466349017
0,0,0.17442936480806315
1,1,0.9925442443959132
1,1,0.9842787150920561
1,1,0.9912666116311828
0,0,0.010076624428900807
0,1,0.6922585324789827
1,1,0.9555204996500597
0,1,0.674580530811202
1,1,0.9954005592365759
0,1,0.5781117995376933
0,0,0.03102144531145866
0,0,0.0042974487390057044
1,0,0.018154776865167945
1,1,0.9139434605670388
0,1,0.7621041893479631
0,1,0.6582458126324922
1,1,0.9595383419218206
0,1,0.5512257349256708
0,0,0.13745680829039586
0,0,0.23486953762228321
0,1,0.864900215242847
0,0,0.041728078713646165
0,0,0.03367954990908018
1,1,0.9778491632703652
0,0,0.014466482667534442
1,1,0.9958357753357217
1,1,0.7480325182246499
1,1,0.9936769978069736
1,1,0.9054510595808958
1,1,0.9610807147264623
0,0,0.03145082653932699
0,1,0.7898314960791096
1,1,0.7727019354894995
1,1,0.9620791380769501
1,1,0.9952654313777941
1,1,0.9911681116085068
1,1,0.9424958953165924
0,0,0.1676616484420293
0,0,0.30898875562624173
1,1,0.9867768792620297
1,1,0.9944982983705009
0,0,0.11810591682206265
0,0,0.004356930195465222
0,1,0.897873525136918
1,1,0.9911781085499344
1,0,0.012071700571100854
0,0,0.15161490351680462
1,0,0.4496550306237121
1,1,0.9294904873636642
1,1,0.9894022068643691
0,0,0.14936018322436712
0,0,0.054539401615052455
0,0,0.0019913895071990147
0,1,0.8419541993170861
0,1,0.7498680735611044
1,1,0.9957633066917677
1,1,0.9941729470721204
1,1,0.9859076852684774
0,0,0.005726158879034311
1,1,0.9555055951276794
1,1,0.9923138964545037
1,1,0.9776645229499141
0,0,0.0884478023308333
1,1,0.9886331234007139
0,0,0.006178282433784287
0,0,0.41918460923622786
1,0,0.09260493961241972
0,0,0.02453047920612588
0,0,0.21037246272847565
1,1,0.9900687897312084
0,1,0.6018644076639106
1,1,0.9961386257404108
0,0,0.15509702895640715
0,0,0.0031805040332996116
0,0,0.005580944204517627
1,1,0.9955546539760698
0,0,0.07670885684538437
1,0,0.14164654963967505
0,0,0.04181367665400426
0,1,0.6196014244354501
1,1,0.9946123077809045
0,0,0.03306465410237051
1,1,0.9789842267355343
0,0,0.022242868581648853
0,0,0.009354265611121989
1,1,0.6214784378540363
0,0,0.026857729399590295
0,0,0.00814113255817973
1,0,0.11891072379729942
1,1,0.9607122233405199
0,1,0.7922096066149678
0,1,0.9109464733374749
1,1,0.9811688128357214
0,1,0.7757999391410039
0,0,0.0036206148446365945
1,0,0.1460583962800898
0,0,0.48349561942969416
0,0,0.003296879914203074
0,0,0.073049103904623
1,1,0.9984755739529948
0,0,0.00727395719627553
0,0,0.028818325662360648
1,1,0.9393531921136998
1,1,0.991788403130673
1,1,0.8947778421068503
0,0,0.004986927908984653
1,1,0.9397593080886353
0,1,0.9847821903961529
1,1,0.9197744463379491
0,0,0.008541553955996314
0,0,0.0986818216132161
0,1,0.754485696722961
0,0,0.14373162457367153
0,1,0.7842602965062329
1,1,0.927358284012091
1,1,0.9890879675465494
1,1,0.8253164915101223
0,0,0.04592997585918197
1,1,0.7630913666254631
0,0,0.0038447240553119277
0,1,0.8367687806131512
0,0,0.017586646894463973
0,0,0.17967617819746134
0,0,0.005697245660682243
0,0,0.14436393700822944
1,1,0.994788525701792
1,1,0.9436198531986617
0,0,0.018768540526935832
0,0,0.021281036245171043
1,1,0.9936945621247442
1,0,0.25145772340452804
1,1,0.9064146017683946
1,1,0.8638672268304152
1,1,0.9194941185242437
0,0,0.3021930760642484
0,0,0.40609472148095255
1,1,0.7652147637984237
0,0,0.07357976512184837
1,0,0.0379582389661756
1,0,0.4264142335565291
1,1,0.9223091381501121
1,1,0.9856120071239547
1,1,0.6595045222518744
0,1,0.5822667460764319
1,1,0.9759445857838972
0,1,0.8835631588837677
1,1,0.9909126900081964
1,1,0.9360413295875963
1,1,0.9532164138966898
1,1,0.5155562394385208
0,1,0.6410250312034592
0,0,0.01871723098365061
0,0,0.09611720972856924
1,1,0.8439904487158857
1,1,0.8963520610506334
0,0,0.0025499676242291213
0,1,0.6323854896253848
0,1,0.8693256878094853
1,0,0.46751588139302885
0,1,0.7518384075128742
0,0,0.2045774246543413
1,0,0.4577359719580374
0,0,0.028207066368841904
1,1,0.8781339411098587
1,0,0.45143868358526007
1,0,0.2150783600262131
0,0,0.0053511492980186405
1,1,0.9821093469944949
1,0,0.185672070111895
0,0,0.0031211196164682943
1,1,0.9398592507846982
1,1,0.7296685573813918
1,1,0.9756091009095657
1,1,0.8691581872799421
1,1,0.9659180988078713
0,0,0.08662991329137966
0,0,0.1634994057266287
1,1,0.9840320114334974
0,0,0.0072416194392556305
1,1,0.8251832065398313
1,0,0.0587123943599631
0,0,0.0326682271910354
0,0,0.04951956316202098
1,1,0.8601584471235998
1,1,0.960787667695989
0,0,0.00235310115565562
0,0,0.003316000812748542
0,0,0.011844717701870929
1,1,0.9140065883828629
0,0,0.010535733289198478
1,1,0.9245316194060487
1,1,0.9288976156365878
1,0,0.1168048369073042
0,0,0.01962100614381858
0,0,0.003409790259904635
1,1,0.7291101405266857
0,0,0.050721824222985094
1,0,0.10908587270710043
1,1,0.7484882054061993
1,1,0.9731077076082458
0,0,0.05414030074362594
1,0,0.32508957491293494
0,0,0.07838283622876262
1,1,0.9929879059639705
1,1,0.8277919429218278
0,0,0.01566343830591524
1,1,0.9562891234381914
1,0,0.1830587850368121
0,1,0.9174494340346105
1,1,0.9985920244794813
1,1,0.8841217183640391
0,0,0.05494612082521377
0,0,0.009413157318979789
0,0,0.024422580309756022
1,1,0.8628569272047784
1,1,0.9650969284322569
0,0,0.1595534362492489
0,0,0.03261244869995308
0,0,0.1705155377986217
1,0,0.3344367581030038
0,0,0.07712122754109005
1,1,0.992831254249319
0,0,0.04076517540360249
1,1,0.9972205624905222
1,1,0.9489472905267025
1,1,0.9821877020205284
1,1,0.9868363956989642
1,1,0.9800497699130705
0,1,0.8949983479067596
1,1,0.9806781828929183
0,0,0.2713253481698258
0,0,0.14876471852069711
1,1,0.9970009897931866
0,0,0.08324703422328075
0,0,0.0017896115633815757
0,0,0.006536801634749705
1,1,0.9369884973520028
1,1,0.9941732111795202
1,0,0.2810016254031205
0,0,0.0053527400666564025
1,1,0.9971118044439771
1,0,0.3476347431708641
1,0,0.2859641522663663
1,1,0.9957296953359625
1,1,0.971633102648935
0,0,0.019964054286126295
1,1,0.9954511310608292
1,0,0.3179486013098025
0,0,0.0051711233298697345
0,0,0.04170022587915903
0,1,0.5361771431522658
0,0,0.00584067358922235
1,1,0.6894171755795517
0,1,0.5897302519514162
0,0,0.005022979130676793
0,0,0.06632224029040872
1,1,0.87925712989671
1,0,0.23619398438912087
1,1,0.9759542268905875
0,0,0.10297766921523789
0,0,0.3898500295061169
1,1,0.991663747302034
1,1,0.9888285140873073
1,1,0.7086877276814076
1,0,0.08321090543204712
0,0,0.006839743529186357
0,0,0.23443432975325917
1,1,0.9174386537535504
0,0,0.002839976632485753
1,1,0.6047957831541669
0,0,0.02893725872058729
1,1,0.9771934474238393
1,1,0.9915601273853695
1,1,0.7192318118695962
0,1,0.9479559573151201
1,1,0.9929235060372023
1,1,0.9942830035655319
0,0,0.07780231757098836
0,1,0.8109905237711086
1,0,0.2514026770574161
0,0,0.03913335427070253
0,0,0.0017721568858320598
1,1,0.995202061236447
0,0,0.0038866280369429314
0,0,0.002916865697752995
0,0,0.006186621436748013
1,0,0.09388614132814917
1,0,0.3204573669120091
0,0,0.013369600176820798
0,0,0.0016145714670680541
0,0,0.061228284142886495
0,0,0.05866344898462608
1,1,0.9763292354080837
1,1,0.9939530633390529
0,0,0.0032804872813086707
0,0,0.26568570395936336
0,0,0.007088850858344702
0,0,0.014666295682555766
0,1,0.8559320046126456
0,0,0.0027480841789648274
1,1,0.9666710033455047
1,1,0.993962125234615
1,0,0.05913361050651524
1,1,0.9902748890681332
1,0,0.2354574715429756
1,1,0.8966215288726178
0,0,0.01649881091160087
1,1,0.9028930614254976
0,1,0.8282658295930567
1,1,0.9810441616745412
0,0,0.004521746371006346
0,0,0.02400519678013004
0,0,0.003955543258552008
0,1,0.6368618875966975
0,0,0.003383263216749144
0,0,0.3624370214374991
0,0,0.01222468136486463
1,0,0.08946265905694718
1,1,0.9910735564140992
0,0,0.011793604270171499
0,0,0.0042904296356636755
1,1,0.8626301466536449
1,1,0.5538456354594826
1,1,0.9832356424667331
1,1,0.8878548542649447
0,1,0.7348331163230616
0,0,0.0015953708661467917
0,0,0.009726563796383446
1,1,0.9731979787486339
1,0,0.24566950924852698
1,1,0.9934840529858353
0,0,0.2454145044334421
0,0,0.028310922107846543
0,0,0.005139581966017342
0,0,0.006454912344529689
1,1,0.9740518180491197
1,1,0.9822919318051984
0,1,0.8604115638643081
1,1,0.977538114285218
1,1,0.9929148505133009
0,1,0.6152695843058764
1,0,0.19001621460205212
0,0,0.03345501971250615
0,0,0.06131994993458339
1,1,0.9975215422124473
1,1,0.9852460710312841
0,1,0.7635272250987187
0,0,0.41893107538003027
1,1,0.9847505564389866
0,0,0.008821838782737028
1,1,0.9949477338349234
1,1,0.9191279968689958
0,0,0.004031257444980538
1,1,0.5728519789380433
1,1,0.9936982304177829
1,1,0.8534411857001729
0,0,0.21764887710787909
1,1,0.9741134760043284
0,1,0.7553985177583005
0,1,0.5241119867470173
1,0,0.458667278667267
0,1,0.8906631860265671
1,1,0.8764069796670414
0,0,0.4033301230208932
0,0,0.15912814486093627
0,0,0.006207302032701589
0,0,0.06379484890052911
1,1,0.9767193109067785
1,1,0.8113366295969043
1,1,0.8618085675988596
1,1,0.8763373469404394
0,0,0.009959914044585752
0,0,0.004936290120395277
0,0,0.0016021836524872282
0,0,0.017918817865665362
1,1,0.8625511101824717
1,0,0.06623676054456609
0,0,0.0347368563659399
0,0,0.005330794811532125
0,0,0.03348973050568516
1,0,0.07768861916349938
1,1,0.7626659790910616
0,1,0.7764437549720625
1,1,0.9511930239042503
0,0,0.08452185416072101
0,0,0.004514046367856419
1,0,0.14383367596985272
1,1,0.9923649689528857
0,0,0.006476432605230237
1,1,0.9007328167548626
1,1,0.6403476864427871
1,1,0.9307249257127871
0,1,0.9062069989047542
0,0,0.0012193404557136163
0,0,0.2339758761057827
0,0,0.03495395698983208
0,0,0.01236707178729764
1,1,0.8978678129591221
0,0,0.010602501422909907
1,1,0.9759637765928849
0,0,0.023755109377898626
0,0,0.027940525936959552
1,0,0.40719719866495085
1,1,0.8661684816486586
1,1,0.9932246554008065
0,0,0.4309691613627081
0,0,0.14370744908016725
1,1,0.9175943488774942
0,0,0.06974866534372516
1,1,0.7009289142833537
0,0,0.4758393081995297
1,1,0.9843569495495392
0,0,0.2160248341410359
0,0,0.20287176159140463
0,0,0.02383441057722797
0,1,0.8764220672820974
0,0,0.003750993459681044
0,0,0.19671330261056882
1,1,0.9103146737665824
1,1,0.9594894483651086
1,1,0.9888173832757907
0,0,0.45697168935259613
1,1,0.996705118429854
0,0,0.08791147854477399
1,1,0.9985992312817124
0,1,0.8733270388481649
1,1,0.6953196970241674
1,1,0.5808818121138453
0,0,0.003413512304806038
0,0,0.025538318348061046
1,1,0.7827856103525341
0,0,0.006657741700091117
0,0,0.0019476957315905478
0,0,0.007523688724212091
1,1,0.9936493064372562
0,0,0.0018504671934386331
0,1,0.5080984922139462
1,1,0.9962304107294448
0,0,0.04555248946776289
0,0,0.003211540905451573
0,0,0.3034064947848489
0,1,0.8653136986364691
1,1,0.9782514575544077
1,1,0.7215214816837984
1,0,0.25120879455630135
0,0,0.28431976846423346
1,1,0.9018133746512811
1,1,0.9884398645597682
1,1,0.8981701249096582
0,1,0.6748248784114154
1,1,0.8602654895101696
0,0,0.005219153440440358
0,1,0.8211323417946138
0,0,0.4198617211174358
1,1,0.9913446325936994
0,1,0.5198323136651537
0,0,0.029554861544324587
1,1,0.9927330181062017
0,0,0.38809742522448853
1,1,0.654548637648791
0,0,0.0934400201871001
0,1,0.7329586586426604
0,0,0.003059983739173761
1,1,0.9474334053108865
1,1,0.6675912031528679
1,1,0.9747613986770791
1,1,0.9730940200722843
1,1,0.9988973773943581
1,1,0.9200123947270902
1,1,0.922719455294097
1,1,0.500718331748155
0,0,0.04257328182516731
1,0,0.3625041664105722
1,1,0.9451519569327956
0,0,0.014906766337294956
0,0,0.00793399119006459
1,1,0.9945307950158501
0,0,0.0754445192820689
1,1,0.9907130097343576
0,1,0.9776423411932237
1,1,0.9923682854981334
1,1,0.8727557958029163
1,1,0.9968649605114953
1,1,0.9953744063474093
0,0,0.003908109368802526
0,0,0.009708876459221765
0,0,0.06003806921459389
1,1,0.8732930478467743
1,1,0.9931830284127211
0,0,0.03247220054779841
1,1,0.9722037155832941
1,1,0.9508865179920813
0,0,0.2753814716986602
1,1,0.8891376218504898
1,1,0.9700370721325918
1,1,0.9890098349661124
0,0,0.06065956161336807
0,1,0.784302600966167
0,0,0.01979989673202264
1,1,0.9371109785886856
1,1,0.7344008818972236
1,0,0.15910720457131713
0,0,0.005676134096035747
1,1,0.9795499552238414
1,1,0.9900850214233381
0,0,0.0029114841788115795
0,0,0.007716748758864344
0,0,0.15450805448106528
0,0,0.036633340952161524
1,1,0.9931711931704015
0,0,0.013451422626761946
0,0,0.0372233945288437
1,1,0.9813121442710069
1,1,0.7632924814517171
0,1,0.7649996695503082
1,1,0.7312597358935037
0,0,0.25279741075660933
1,1,0.7942584961653841
1,1,0.8347216975637042
0,1,0.8856072083940099
0,0,0.01985351326228013
1,1,0.9882890285997834
0,0,0.3585835568214239
1,1,0.9248334144754164
0,0,0.0029323824781850986
1,1,0.9953098365185147
0,0,0.004576378296629775
1,1,0.8572789973981583
1,0,0.07648453037906952
1,1,0.9738536237055827
0,1,0.9843278131905616
0,1,0.5549590658202063
0,0,0.4451820883120193
1,1,0.5799170492069329
1,1,0.6201174137632978
0,0,0.12552038489550124
1,0,0.4353158823228007
1,1,0.9906683865281736
1,1,0.9809134992371392
1,1,0.7657213357937142
1,1,0.928763959318997
0,0,0.003914412941083822
0,0,0.1311683256935005
1,1,0.9891812895078846
1,1,0.9844128746887647
1,1,0.8155721939979509
0,1,0.5743964510028743
0,0,0.01414824079079607
1,1,0.9967727264491181
0,0,0.04897360210094312
0,0,0.014342757862561561
0,0,0.03442176093248297
1,1,0.9908542782424191
1,0,0.3488681237948438
0,0,0.13743531521499766
1,1,0.9942197202190406
0,0,0.11682154482832215
1,1,0.9980014706112412
0,0,0.005706760495951186
1,1,0.9908881456247319
0,0,0.017719559968150358
0,0,0.08694794855744635
0,0,0.0022101335755424357
0,0,0.0012946382241989893
1,1,0.947878343543124
0,0,0.07142910293031783
0,1,0.5251739611435777
0,0,0.3482824483778185
0,1,0.9383074954219129
1,1,0.9886541623198086
1,1,0.9609436691068043
1,1,0.771061360388578
1,1,0.9227960012849152
1,1,0.9659370532111025
0,1,0.5767581597824486
1,1,0.9728016888462068
0,0,0.03662770447335893
0,1,0.7092409735092827
1,1,0.9977975554406969
0,0,0.3158896710542296
0,0,0.012489751421199662
1,1,0.526158276070753
0,0,0.002620031199560518
0,0,0.008191634024006302
0,0,0.011032158524678787
1,1,0.9897116082846495
0,0,0.007213943233132488
0,0,0.006490507268016413
1,1,0.974170016247314
0,0,0.3895643944615947
1,1,0.5685103679900421
0,0,0.10484084358542346
1,1,0.9174025068554753
1,1,0.8961400803950843
0,0,0.00893043342346298
1,1,0.98052329441931
0,0,0.043439786913099014
0,0,0.06411757311895092
0,0,0.03216919441308862
0,0,0.002064265061770472
1,1,0.9888908194687356
1,1,0.9928894845145882
0,0,0.15204597075460358
1,0,0.1024645179461142
1,1,0.9977039202378132
0,1,0.821103142360536
1,1,0.9702022756214086
0,1,0.8191265046545948
1,1,0.7290509567656379
0,0,0.05770367697945146
0,0,0.0036469641277031904
1,1,0.9958030073399544
0,0,0.24880118132241621
0,0,0.2820206671117135
0,0,0.0017123766003686882
1,1,0.8775307073427352
1,1,0.8154510381717518
0,0,0.07585796948395096
1,1,0.7432058823544699
0,0,0.005102172752881863
0,0,0.3291411253126202
0,0,0.01061484131984569
1,1,0.9879575434362781
0,0,0.24393469974444865
0,0,0.0032954653516011796
0,0,0.050112576821514716
1,1,0.992427837870125
1,1,0.9931079098142995
0,0,0.0042764024507147644
1,0,0.33341517781416063
0,0,0.04827593985083489
1,1,0.9932878576240404
1,1,0.9920127316836956
1,1,0.994426285994771
1,1,0.8496757578902533
0,0,0.177784307516962
0,0,0.05687893648021898
1,1,0.996131972838886
0,0,0.0017138799657821283
0,1,0.7307891911253861
1,1,0.8951307222394455
1,1,0.7334813125315397
0,0,0.005616416414263295
1,0,0.26432172284943944
0,0,0.4024440607492986
1,1,0.9252499540208873
0,0,0.036883028015078846
1,1,0.9961131497390809
1,1,0.9079753476992777
1,1,0.7236383370297514
0,1,0.9032841903238116
0,0,0.01432905103921737
0,0,0.02293297044033441
0,0,0.06209755804357796
1,1,0.876818769400764
1,1,0.9742905294136718
1,1,0.7448195089319567
0,0,0.02168280367658652
0,1,0.8449580782535904
1,0,0.07592030622909089
0,0,0.05629563234392357
0,0,0.004263644385975948
1,1,0.9475132412894001
1,1,0.9128580136127901
1,1,0.9878919070600123
1,1,0.9859625364531402
0,0,0.06486061416084679
1,1,0.9429397744514819
0,0,0.004409223232307922
0,1,0.9705508142674933
1,1,0.9939531135112731
1,1,0.8005493475172848
1,0,0.035232635281306046
1,1,0.8498608479922101
1,0,0.4093531623461859
1,1,0.9989977609166839
0,0,0.04973520131935448
1,1,0.6376198536483635
1,0,0.32332162946935794
1,1,0.9020734486552284
1,1,0.9939217250680276
1,1,0.9941729893841983
0,0,0.013564824530140874
1,1,0.9846655777351309
0,0,0.002671844221462709
0,0,0.012291789095900148
1,1,0.9603497369272912
0,0,0.45035767893865836
0,0,0.16695770073655583
1,1,0.9781363258680102
0,0,0.10413378601123437
1,1,0.7739268069029498
0,0,0.01229190583981952
0,0,0.17349896827735772
1,1,0.7500890172243356
1,1,0.9716610461779155
1,1,0.9994948797666544
1,1,0.8913633208523969
0,0,0.10615666248524397
1,1,0.979147015794476
1,1,0.9898199811771291
1,0,0.44922059865467834
0,0,0.03813966438543713
1,1,0.6510680390014525
0,0,0.007374082171239572
0,0,0.08278711005211258
1,1,0.9459241957684164
1,1,0.9954266621354194
0,1,0.7680934444544272
0,0,0.11735566462486556
0,1,0.9184548877947648
1,1,0.7989711448563743
0,0,0.05473974974889639
1,1,0.9092224017278445
0,0,0.006931596918809136
0,0,0.003215439850120075
1,1,0.9008606726098677
0,1,0.5101806009165866
0,0,0.3370252921891214
1,1,0.9969897164584866
0,1,0.5604533083029777
0,1,0.6594833974477964
0,1,0.857444138711524
1,0,0.4708194959145538
1,1,0.9854463986874487
0,0,0.05537699592809508
1,1,0.9984440154358476
1,0,0.07042591286631163
1,1,0.6101498956897995
0,0,0.003949641305149827
0,0,0.0022787080095849955
1,1,0.9759115420312914
0,0,0.23663577884430734
0,1,0.828800790651395
0,1,0.9118753762926474
1,1,0.906122362764776
1,1,0.740676846226624
0,0,0.08781057672006208
0,1,0.9269763007236839
1,1,0.905577523017145
1,1,0.9958795574201418
0,0,0.01000409522236263
0,0,0.09664440888864817
1,1,0.9904085124407617
0,1,0.844082781291144
0,1,0.5774055910167445
1,1,0.9763275331640093
0,0,0.2995681492246508
1,1,0.9947178480795609
0,0,0.00965465902069719
1,1,0.9866228948922078
0,0,0.00882284103761585
1,1,0.8910679945654081
1,1,0.709328091932745
0,0,0.03902299914256324
1,1,0.993535181114881
1,1,0.5478267888283891
1,1,0.9941500775900278
1,0,0.12263352354309313
1,1,0.981372406047376
0,0,0.01900786820613747
1,1,0.994266263170874
1,0,0.416827331487622
1,0,0.0635371348253131
0,1,0.6754325399187519
0,0,0.4031843243286649
1,1,0.9263748988093722
1,1,0.7689696566121562
1,1,0.9809525374796852
1,1,0.9870437152795842
0,0,0.040861953159058564
1,1,0.9524820406774552
0,1,0.7059459502818513
0,0,0.12045096252305965
0,1,0.9139432264144305
0,0,0.04361657405428831
1,0,0.22514507429443592
1,1,0.9942628252792792
1,1,0.9861049297260032
0,1,0.9117492545676686
0,0,0.06288418925306706
1,1,0.9791888719470161
1,0,0.40389640306778823
1,1,0.9941160169394309
0,1,0.662311471210136
0,1,0.7740119889249312
1,1,0.9652099900306791
1,1,0.97384591619532
0,0,0.05063006183585892
0,1,0.673778834207813
1,1,0.9930513156010313
1,1,0.9921864145924859
0,0,0.35228522602493
0,0,0.2505245338873116
1,1,0.8955797992364819
1,1,0.8379644277498427
1,1,0.8847899528538122
1,1,0.9366620744672031
1,0,0.1068150393151188
0,0,0.016231320070179786
1,1,0.979732195450597
0,0,0.0410295833246201
0,0,0.00504286498025768
1,1,0.9660223007397564
0,0,0.19350570334084188
1,0,0.04861938697539157
1,0,0.21429335461376905
0,0,0.009341844808433876
0,0,0.40379223841006956
1,1,0.8137352614055497
1,1,0.85158336399617
0,0,0.007811575172351125
1,1,0.9915757458858344
0,0,0.0025443262425966996
1,1,0.9517176955722978
0,0,0.003762681344818929
1,1,0.9906906650897985
0,0,0.030037989788540057
1,1,0.9906746303590327
0,0,0.012616440632661057
1,1,0.808877783436883
0,0,0.48879946361620663
1,1,0.931280707928343
0,1,0.6208748856935911
0,0,0.1400829850769094
0,0,0.008095945227550675
1,1,0.8718469207868577
1,1,0.9568292955253772
1,1,0.7615702226647802
0,0,0.004581690623874034
0,0,0.0225646769378151
1,1,0.6785135509031901
0,1,0.9887751854055129
0,1,0.8588801307968977
1,1,0.9805173617955056
1,1,0.9350224569619773
0,0,0.002415532608704578
1,1,0.8564597936701603
0,0,0.01455859367175189
0,1,0.9737815912360185
1,1,0.9795787872136567
1,1,0.9937333841293821
0,0,0.016241242007184638
1,0,0.4776123693306496
0,0,0.2966789891721386
1,1,0.7366577762398339
0,0,0.07874095828011786
0,0,0.14971643480623775
1,1,0.9060761719786989
0,0,0.010430580473575892
1,1,0.9186729226483019
0,0,0.33049455730688176
0,0,0.07660017613705382
1,1,0.9038550997128919
1,1,0.997754349530956
0,0,0.4377651951666643
1,1,0.9895842015949623
1,1,0.8151314445972877
0,0,0.14471979206149266
1,0,0.4209417067429631
1,1,0.5947143004556454
0,0,0.03542835794510545
1,1,0.9766923426520799
0,0,0.004620309156736623
1,1,0.8898347924526839
1,1,0.970291202243245
1,1,0.9257294597431727
0,0,0.016429907533847064
0,0,0.03991256200729183
0,0,0.4541811213965
1,1,0.8281953887923569
1,1,0.5398484274434503
1,1,0.9845532863661608
1,1,0.9933926036914391
0,0,0.21471466540346262
1,1,0.9966756094010721
1,1,0.6199197010650909
1,1,0.9934033882710808
0,1,0.8489620605549779
0,0,0.06323759335848164
0,0,0.01391641567438976
1,0,0.05493915840635111
0,0,0.11193480073096908
0,1,0.693390062762282
1,1,0.9956476027289198
0,0,0.05575329581160332
0,0,0.00846833315645579
1,1,0.7149071378530314
0,0,0.04894650616836982
1,1,0.6224483744984193
0,0,0.008739336064404536
0,0,0.008292121290460674
1,1,0.9771176727237432
1,1,0.6972139109280228
0,1,0.8821523448611467
1,1,0.9741716702189577
1,1,0.9702905915093122
0,1,0.8258491489858011
1,1,0.5296397187842496
0,0,0.1358903850767659
0,0,0.050507831169491035
1,1,0.9989640161934085
1,1,0.9664648360119139
0,0,0.011858550337040138
0,0,0.020686020820520384
0,1,0.9111445479534692
0,0,0.007155357420404453
1,1,0.9989360461119952
1,1,0.8185712712293748
0,0,0.003906906002633061
0,0,0.10400531959005078
1,1,0.8239583520518068
1,1,0.5187807132154677
1,1,0.8925630735986949
1,1,0.981247190523419
0,0,0.013309275821807014
0,1,0.7513536596071503
1,1,0.7649446922082661
0,0,0.0011234417078445538
0,0,0.3835797337962414
1,1,0.6806065154862876
1,1,0.9223374435478974
0,0,0.3728070227962686
1,1,0.9902723530526022
0,0,0.010055567525901614
0,0,0.0629074669140951
0,0,0.006000800231448892
0,0,0.053699185927560476
0,0,0.005255408845383832
1,1,0.8720108943585351
0,0,0.05139796020365304
1,1,0.8826262184843978
1,1,0.9900610742984944
1,1,0.6637614280971875
0,0,0.12891968098775686
1,1,0.9314643144471938
1,1,0.9570713031901477
0,1,0.9722444128452482
0,1,0.647425416162132
1,1,0.9813039253274201
0,0,0.0030233781598093825
0,0,0.004018114193573845
0,0,0.39120665965308216
0,0,0.05628526941065414
0,1,0.8969301260750612
1,1,0.95641491789611
1,1,0.9650621709535988
0,1,0.9453474464377798
1,1,0.5326498294917861
0,0,0.004457101900645815
1,1,0.7782471782822532
0,1,0.7840545058588222
0,0,0.010716041953988962
1,1,0.995740523262183
0,0,0.18691832687487944
0,1,0.8347462092860525
0,1,0.9907861318380436
0,0,0.03307746940647259
0,1,0.9772964999387977
1,1,0.9756228135595918
1,1,0.8672177138500388
1,1,0.5492704525115398
0,1,0.6641000774214798
0,0,0.006915623287040755
0,1,0.7750346158132084
0,0,0.006335956307665081
0,0,0.0035686421946930346
0,0,0.002670589245750338
0,0,0.0025847626821259477
0,0,0.24621511436375418
1,1,0.9774448120045219
0,0,0.022698466636951662
0,0,0.045123368869317435
1,1,0.9840626242398218
1,1,0.9827327510644026
0,0,0.15178549462828672
1,1,0.9155692754348996
0,0,0.10261537354628641
1,1,0.9931814900356553
0,1,0.8428556639693247
0,0,0.05361966565671192
0,0,0.006848769180171617
1,1,0.9830247850199038
1,1,0.9895246482355575
1,1,0.995587456410174
0,0,0.05928416418134434
1,1,0.9929271754447958
0,0,0.0027265060939886568
1,1,0.9282098139189993
0,1,0.9090655973469238
1,1,0.9407960043718631
0,0,0.03980862770559378
1,1,0.9764258180517197
0,0,0.09130528561792763
0,1,0.5207783454504237
1,1,0.9966686033928172
1,0,0.23344720861405735
0,0,0.003169464866831457
0,0,0.0033139674910889053
0,0,0.060170272623671237
1,1,0.8315826345504617
1,1,0.8792820342935418
0,1,0.5982431248120342
1,1,0.9956240916530006
1,0,0.09435078733600985
1,1,0.9707509782219846
1,1,0.6388565474455792
1,1,0.8126933860231148
1,1,0.86659043352362
1,0,0.1989891127907872
1,1,0.9821350490807915
0,0,0.005149224954058427
1,1,0.9956130096314636
1,1,0.9967714831415261
1,1,0.9957898529375068
1,1,0.5828932614740621
1,0,0.28401642329636884
1,1,0.9946239448349731
0,0,0.007155108393995659
1,1,0.9818374015103577
1,1,0.9951116418315191
1,0,0.04925426526576356
0,0,0.0031303848573387932
1,1,0.9923698548882073
0,0,0.05696448406343281
1,1,0.8703421224814589
0,1,0.792803101938068
1,1,0.9235911949863252
1,1,0.9583484327539958
0,0,0.0073231647641493714
0,0,0.24718543936980528
1,1,0.8717189409606957
1,1,0.9092567713595479
0,0,0.07802254327249843
1,0,0.4960277813078744
1,1,0.9784203987727242
0,0,0.12520294613328814
0,0,0.14663811407287627
0,1,0.74280768917126
0,1,0.7580895298263243
1,1,0.9943760228598046
1,1,0.9387382048962483
0,0,0.2621102605572519
1,1,0.8551494255571638
1,1,0.9040774576907178
0,0,0.04510644697188317
1,1,0.9095948249527007
1,1,0.9744265886476462
0,0,0.009805535612469322
1,1,0.8692830734441636
1,1,0.765844964164332
1,0,0.020041071009261616
0,0,0.0856623579918879
0,0,0.020296756701403344
1,1,0.9285622419608749
0,1,0.9011470189489013
1,1,0.8898662368096013
0,0,0.2782635579116645
0,0,0.014923382708641745
1,1,0.9731070152518543
0,0,0.0011660416194214348
1,1,0.563571671453053
0,1,0.7725549427772281
1,0,0.3907345618538925
0,1,0.9520360788698442
1,1,0.9700537184279963
0,1,0.7970118254314988
0,0,0.0027705410146773956
1,1,0.9191371148065471
0,0,0.024486637404399426
1,1,0.9200886508963723
1,1,0.913024881418871
0,0,0.15387098457401266
0,0,0.0061711264063717755
1,1,0.986028857683347
0,0,0.08469486055441572
1,1,0.6498405822707299
0,0,0.007477804205059681
1,1,0.9081735329305773
1,1,0.9151731955996744
1,1,0.8994570337502698
0,1,0.5715671690577813
0,0,0.1799325349271463
1,1,0.9166391876143294
0,1,0.8840422735641774
1,0,0.2792081311686484
1,1,0.9742807695980162
0,0,0.004651521602969972
0,0,0.01995241363315621
0,0,0.04618872505620953
0,1,0.9268889954567074
1,1,0.9969971301170536
0,0,0.01990901471828945
0,0,0.018079405519923066
0,0,0.11280295980677266
0,0,0.003737674015178499
1,1,0.9970678532066323
0,0,0.0038702670459498734
0,0,0.1523669344761526
0,0,0.2615072643046607
0,0,0.0062784036391635755
0,0,0.005499434347429914
0,0,0.009595429290260714
1,1,0.5757625311983412
1,1,0.9793072927911752
1,1,0.8919411843691899
1,1,0.9946502614205442
1,1,0.9830796483822999
0,0,0.002535129996031025
0,0,0.006800103951670681
0,0,0.013853483507970126
0,1,0.6332441985891288
1,0,0.3191120462696548
1,1,0.8409614293930113
1,0,0.19337020848366065
1,1,0.9943024576077264
1,1,0.9898027602837254
0,1,0.5864830882898879
1,1,0.9897167376484605
1,1,0.5733080022480804
0,0,0.04987270342634104
1,1,0.8979817271040332
1,1,0.8466163469618434
1,1,0.8381347150088345
0,0,0.042754563132589775
0,0,0.31790121483615674
1,1,0.9880263506269721
0,0,0.2831643252739353
1,1,0.995804776483543
1,1,0.9463136963676688
1,0,0.19665393843333723
1,1,0.8008995100987719
0,0,0.004564778101166575
0,0,0.006591853358572328
1,1,0.9649696486128126
1,1,0.9807040610646027
1,1,0.5143186111671793
0,0,0.311869558255675
1,1,0.9221521158559207
0,1,0.9479807769158187
0,0,0.17229323763775384
1,1,0.5739371088006855
0,0,0.014687971272887783
0,0,0.0062987275587525
1,0,0.05797627515995963
0,0,0.2513941955826567
1,1,0.9759855433529787
0,0,0.15897480777301615
1,1,0.7494209132584712
0,0,0.19214741380319
0,1,0.8149644133776538
1,1,0.8093676409478309
0,0,0.00554103684123372
1,1,0.9916629849992963
1,1,0.7710309874976742
1,1,0.8816173669313224
1,1,0.9524932987842337
0,0,0.019967260737718217
1,0,0.2750946720727847
0,1,0.8797978301753583
0,0,0.003995953311476551
0,1,0.9531169150553224
1,1,0.9482544830091474
1,0,0.471005410242715
0,0,0.004948353687421167
0,0,0.31569186676775796
0,0,0.0016171837003493852
1,0,0.04841775173218418
1,1,0.9824060459658772
0,0,0.0034405236816342196
0,0,0.0027684595521315952
0,0,0.015253557829676518
0,0,0.011629550640998323
0,0,0.006045684690175728
0,0,0.010234752359493449
1,1,0.8383764540681238
1,1,0.862164294120893
1,1,0.975639770989896
0,0,0.002658875245209987
1,1,0.9934848135520707
0,0,0.016873346350225603
1,1,0.9835716984428466
1,1,0.9825969491710812
1,0,0.25171543976662114
0,0,0.007198833232013966
1,1,0.9954063158302857
1,1,0.9798345336750444
1,1,0.6712528871065575
0,1,0.9259742880034757
0,1,0.848875284940696
0,0,0.019766162077673864
1,0,0.38449950536945493
1,1,0.9957248886612995
1,1,0.9774450643030671
1,0,0.43046282833892807
1,0,0.43071815987411816
0,1,0.8935505097966973
1,1,0.9644539887242721
1,1,0.9954245224714885
1,1,0.8182995909034139
0,1,0.6214641252153547
1,0,0.031011239401400378
1,1,0.9648774282227464
0,0,0.011915804503996668
0,0,0.05445724250781389
1,1,0.9419804779037847
0,0,0.002999179785294016
1,1,0.7845821336973002
1,1,0.7437760324566484
1,1,0.9763010143644854
1,1,0.9381580155532935
0,0,0.00859130216085951
0,1,0.6596615543973258
0,0,0.4839188105673368
0,0,0.0686666320716715
0,1,0.7592748407078871
0,0,0.0025564034381116594
1,1,0.9542412299396488
1,1,0.9728934010673769
0,1,0.5946110626162562
0,1,0.5087624883949283
1,1,0.6063367971595832
0,0,0.16743575238796088
0,0,0.13689928436717777
0,1,0.9807734743764459
1,1,0.707272259343248
1,1,0.992236987143903
1,1,0.997288351121554
0,0,0.10196369351660747
1,1,0.9919416984853395
1,1,0.9790127979949114
0,0,0.10734693781957766
1,1,0.9459678246070319
0,0,0.005613701214632646
0,1,0.6639037784160259
1,1,0.9950338018113873
0,0,0.18124622104313612
0,0,0.008859595337258783
0,0,0.02876019094322621
0,0,0.019204799563326075
0,1,0.8910960837266279
1,1,0.6768546356879648
0,1,0.5603680046562252
0,0,0.14222048486474995
1,1,0.9181357264548963
1,1,0.9890743986703876
1,1,0.9962066078511176
1,1,0.9863012735312318
0,0,0.006572714554555591
1,1,0.9747945891799074
1,1,0.9878981058774929
0,0,0.004311887988968905
1,1,0.9807593728669448
0,0,0.01536365293970282
1,1,0.8751039041873611
1,1,0.9536723108470448
0,0,0.061434327758513894
1,1,0.9638863706848553
0,0,0.2239127610901225
0,0,0.042709856667649045
1,1,0.9953458491528292
0,0,0.006120053906737399
1,1,0.9960283773094757
0,0,0.06471047943363821
0,1,0.8275016430369736
1,1,0.7596981142096852
0,0,0.3805524508287173
1,1,0.8868169347773308
0,1,0.7161506912880264
0,0,0.03339532526384712
1,1,0.9957589086586085
0,0,0.23614360821050975
0,0,0.019189257412990168
1,1,0.9754543477807619
1,1,0.9293843485802394
1,1,0.9935008591067864
0,0,0.04279899085162662
1,1,0.9888258722264984
1,1,0.9663658408493727
1,1,0.6764105383982927
1,1,0.8199508256579068
1,1,0.9766046216711758
0,0,0.08001510332144253
1,1,0.9971539443489142
1,1,0.933809075810269
0,0,0.12931695664649895
1,1,0.8089557839858956
0,0,0.005708930711768777
0,0,0.022477181805718834
0,1,0.6054940583374098
0,0,0.020386608400606798
0,0,0.004972698922048225
0,1,0.9403067254587011
1,1,0.9907576660682207
1,1,0.9765962531102514
1,1,0.7583362443844933
1,1,0.6372390879217895
1,1,0.9787067770270237
0,0,0.0019044811185947995
0,1,0.6068038604674141
1,1,0.9937491997749444
0,0,0.0044753006745212095
0,0,0.006100179901347794
0,0,0.4359561195529391
0,1,0.7431506174689168
1,0,0.1612355474513234
0,0,0.1802694118131764
0,0,0.24507104299540125
0,0,0.00668755700505989
1,1,0.9873995976180605
1,0,0.17080842812805772
0,0,0.01928953635064718
1,1,0.6340602740625799
1,1,0.994929588029385
0,0,0.041318794405121935
0,0,0.06226562990003859
0,1,0.6404867905689043
0,1,0.8796251584486456
1,1,0.9710611006160821
1,0,0.09126036527113975
1,1,0.9313814493382329
0,1,0.6621891273510515
0,0,0.29543058310041664
0,0,0.030692607261266467
0,0,0.27048743621108157
1,1,0.9915696853015868
0,0,0.31881298151709064
0,0,0.004865911526508091
1,1,0.9747206547562636
0,0,0.00592013091427346
1,1,0.9357501260394674
0,0,0.21590688655026175
1,1,0.5954770567344456
0,0,0.0015642780342258746
1,1,0.9937763691753413
0,0,0.007434047653750799
1,1,0.963331676686467
0,0,0.06380752669828363
1,1,0.9746462385600307
1,1,0.9960520929947552
1,1,0.9510168317569753
0,0,0.27378313510691843
0,1,0.5449536990103294
0,0,0.006788096294003468
1,1,0.9786928973456335
0,0,0.29204606878912615
1,1,0.9933125479099952
1,1,0.9955276793052664
0,0,0.00537011375024744
0,1,0.5668198750058885
0,1,0.8303907544477379
1,1,0.9778463072307025
1,1,0.974410697818044
0,1,0.823187026641414
1,0,0.44516818802088726
1,0,0.20025926236661837
1,1,0.9781403031234263
1,1,0.8902337593789857
1,1,0.51374561229888
0,0,0.023650346812331125
0,0,0.004985321034162715
1,1,0.9655776739092089
0,1,0.943520509982182
0,0,0.06482626567254492
1,1,0.8789426480252494
1,1,0.9936520285936559
1,0,0.09755642778635219
1,1,0.8965701121889695
1,1,0.992741852739152
1,0,0.33039994425706437
1,1,0.9676181501245156
1,1,0.6283760073376816
1,1,0.9563262907892137
1,1,0.979339935936175
1,1,0.8090398187648943
0,1,0.8016433454365651
0,0,0.017137636545928814
1,1,0.9944438116845076
0,0,0.00793219047603459
0,0,0.14920269072288259
1,1,0.9816976335761814
1,1,0.9635936095554656
0,1,0.7099376420460513
1,0,0.07708612117774437
0,1,0.7143743624796683
1,1,0.9943204001364039
0,0,0.06262953976730043
1,1,0.9798054107522406
1,1,0.9170339317735828
1,0,0.03223006018693577
0,0,0.002878999170202942
0,0,0.14592804444819799
1,1,0.8828297824020181
0,0,0.40760464371503247
0,0,0.004127242336348042
0,0,0.002294360554302144
1,1,0.9766322971765308
1,1,0.9915287072928273
0,0,0.006862698089176799
1,1,0.9724863870483651
0,0,0.042056665353472675
1,1,0.8460786013689355
0,0,0.07656448216185716
0,0,0.01918099320632977
0,1,0.7798132269480861
1,1,0.8041140091284489
0,0,0.29901698478537564
1,1,0.9971473645137305
0,0,0.19285842557655244
1,1,0.9290043474347238
1,1,0.977143766471936
0,0,0.03355837011286524
1,1,0.7130410769289366
1,1,0.9927215046410689
1,1,0.991632177725753
1,1,0.5736583342303764
1,1,0.9501602463565947
0,0,0.16310573262821768
1,0,0.44819593842455974
0,0,0.12770741279863748
1,1,0.9887114831074186
1,1,0.9745140008504657
1,1,0.9806665074758586
1,1,0.9963628235236539
1,0,0.19470653450183903
1,1,0.9974766089157171
1,1,0.971236986156261
0,0,0.01508239168923632
0,0,0.2904676365145999
0,0,0.012415442641613272
0,0,0.0027446893029411056
1,1,0.9250622879084931
0,0,0.009267703321290252
0,0,0.2808341406860303
0,1,0.904941371481321
1,1,0.9206021697162428
1,1,0.7406859611725201
1,1,0.9646574417837395
1,1,0.9961793632633287
1,1,0.9910431110017063
1,1,0.9417080739510816
0,0,0.3048492087304624
0,0,0.004925129332357768
0,0,0.245821786755993
1,1,0.9265157505675913
1,0,0.23717472012188692
0,0,0.11017885625854258
0,0,0.22505656791272313
1,1,0.8367624091115057
0,1,0.6000627026849792
0,0,0.005205818040344981
0,0,0.07378274660065434
1,1,0.9726124929961629
1,0,0.07786565018733563
1,1,0.8601646293817938
0,1,0.8552816679243623
1,1,0.9989958944930314
0,0,0.4135859808906053
0,0,0.44031374873864476
1,1,0.9833484165888496
1,1,0.7346625825491914
0,0,0.03685937652976468
1,0,0.4605511150755523
0,0,0.009188428834556549
1,1,0.9673326794600873
0,0,0.041004494374859084
1,1,0.9359855921931935
1,1,0.992605261146471
0,1,0.6845529577479867
0,1,0.8246625085231984
1,1,0.9821191449997921
0,1,0.6935422572218948
1,1,0.9129179234394729
0,0,0.042166705239744695
0,0,0.022126517832118976
1,1,0.9529993219169873
0,0,0.3283252359965896
0,0,0.0022810576820210073
0,0,0.003409066901126194
0,1,0.6498494957288924
1,1,0.5586441793341022
0,0,0.038317545440712635
1,1,0.9806201419457881
1,1,0.9676327104075819
0,0,0.13276027848320646
1,1,0.9942605738282027
1,1,0.9477044616767721
0,0,0.0035435171082514438
0,0,0.06575402975625241
0,1,0.9090747781023061
1,1,0.9775815382759616
1,1,0.9082120725572989
0,0,0.0023976237380017714
0,0,0.34638779607859405
1,1,0.9942685226074144
1,0,0.37694069513461287
1,1,0.7759584452450574
0,0,0.31498184372122184
1,1,0.7199805032322829
0,0,0.0019194786377627708
1,1,0.8748614417446814
1,1,0.9857910960840012
1,1,0.6351805857432918
1,1,0.9245439717643418
1,0,0.19556215673081792
0,1,0.7271401337986995
0,1,0.5071933521236632
0,0,0.06015481901115604
1,1,0.8518117832104515
0,0,0.42650753608564024
1,1,0.9932068366571676
1,1,0.9910954243027027
0,1,0.659543831979931
1,1,0.9865179539095654
0,1,0.9296981766694353
0,0,0.030763097872235662
1,1,0.9369350496269137
0,0,0.003894357937301696
0,0,0.19703747682127776
1,1,0.9563916575032743
1,1,0.9661988158930072
0,0,0.015135196752822344
1,1,0.9839551271284668
0,0,0.008825361888520771
1,1,0.99368221676168
1,1,0.9241016561886305
0,1,0.8708868677478997
0,0,0.046955747689560436
0,1,0.8944401981942723
0,0,0.011275509609860256
0,0,0.13656320783394066
1,1,0.510161528124469
0,1,0.6051081975683679
0,0,0.20063131178112567
0,1,0.534973655353664
0,1,0.6758946859330852
0,0,0.007261296700740862
1,1,0.7941720638137492
1,1,0.889906066248431
1,1,0.8543244396791669
0,0,0.005629783226783728
1,1,0.8512307428533402
1,1,0.905005371807728
0,0,0.036543262751039106
1,0,0.20674098045276612
1,1,0.9781572106903237
1,1,0.9106621958263377
0,0,0.07720116491390076
1,1,0.7426222218050392
1,1,0.9901975013405834
0,0,0.007675677825887757
1,0,0.19038669825390125
1,1,0.7309093925078338
1,1,0.7924729598394941
1,1,0.9086020286321185
1,1,0.9357010205860542
1,0,0.2718652238113603
1,1,0.501114112825739
0,0,0.038009748526036856
1,0,0.07008340043399604
0,0,0.29540479190729807
0,0,0.013351805122777139
0,0,0.06148431205045284
1,1,0.7947148562827668
1,1,0.9821306229658905
0,0,0.00833361134570189
1,1,0.5967279415818946
0,1,0.9057256808208752
0,0,0.006924805498955294
0,0,0.10684358512105942
1,1,0.9981002563173816
1,1,0.9673607286932023
1,1,0.9536073621790686
1,1,0.9769897190727362
1,1,0.9857132952239313
1,1,0.6578623860793432
0,0,0.009359480557950573
1,1,0.9952090528442372
0,1,0.9925370676354613
0,0,0.040870118582821774
1,1,0.7991135259191018
1,0,0.06929420972180297
1,1,0.78717126629434
0,0,0.09613139839485894
0,0,0.0035743702279945823
1,1,0.9896270309121599
1,1,0.9328187006865017
1,1,0.9963279954083545
0,0,0.00539240865189353
1,1,0.9010074536197578
1,1,0.9384207248229253
0,0,0.11074972244068601
1,1,0.9964697442382593
1,1,0.9907572287097524
0,0,0.0033706181589580496
0,1,0.7804927551574767
0,1,0.6211064483459355
1,1,0.8794597329351768
0,1,0.6513320911096677
0,0,0.1987927868756329
0,0,0.21578234157666584
1,1,0.9906057908765095
1,1,0.8357084263063936
1,0,0.3093782218917294
0,0,0.45779748141075993
1,1,0.9183710686615404
0,0,0.007930480477982489
0,0,0.003968833123497855
1,1,0.9970942437498976
0,0,0.002295577785253488
1,1,0.9423897940031498
1,1,0.9619430929399291
0,0,0.015660378096034235
1,1,0.9496574046699511
0,1,0.8643102899325414
0,0,0.4772250862150037
0,1,0.9904675730311497
1,0,0.05870845536494239
0,1,0.7258422019379921
1,0,0.14304051827681016
0,1,0.9094135829876607
1,1,0.9466989595481428
0,0,0.029563182195608294
0,0,0.04722827864290394
0,0,0.34324972609917453
0,0,0.04379016747588266
0,1,0.7247184518581747
0,0,0.3549919667526446
1,0,0.06339026176110431
0,0,0.009133839247302081
1,1,0.6659067330345224
0,0,0.009491532211559735
0,0,0.012875322264635251
0,0,0.019935699505353455
0,0,0.15136373815856008
0,0,0.10301725778321165
0,0,0.07241096132790224
0,1,0.8298718535001052
0,0,0.006381326623929552
1,1,0.853071189364766
1,1,0.9730268197636478
1,1,0.6409430938641831
1,1,0.9887526111690235
1,1,0.9793054830253944
0,0,0.05626730449743939
1,0,0.024292483869351983
0,0,0.0041258705079189485
0,0,0.07837171276319924
1,1,0.9314235312741875
0,0,0.05712908175619322
1,1,0.9881074213318868
0,1,0.6327514570201799
0,1,0.9529998601150508
0,0,0.0028595068175081913
1,0,0.293609883764433
0,0,0.0140317895926308
0,0,0.05870138983278556
1,1,0.8373908862417918
1,1,0.9935902682140944
1,1,0.9298828699336229
0,1,0.5118236743593569
1,1,0.9885996718783701
0,0,0.17434271207918797
1,1,0.8881863259106981
0,0,0.18894575454055063
0,0,0.12223413290669423
0,1,0.9051101639183854
0,0,0.3313811436573201
0,0,0.20481819707123142
0,1,0.5677974373367787
0,0,0.004655224604449294
1,0,0.4232327822323793
0,0,0.018027358974249574
0,1,0.7877350965814923
0,0,0.04474453769234589
0,0,0.21863709438698017
0,1,0.9476351010462335
0,0,0.04256378498647305
0,0,0.04605661983000681
1,1,0.9732164299691732
1,1,0.9405073467875814
0,0,0.33122703773839873
1,1,0.71982809160285
0,0,0.06088899685804803
1,1,0.796045886361537
0,0,0.006266183637937073
1,1,0.9963288999372183
1,1,0.9204202053944914
1,1,0.787017730677394
0,0,0.14030866719046486
0,0,0.032827959965320105
0,1,0.5422005306331187
1,1,0.9188612263045721
0,0,0.4486026074539714
1,1,0.9960328712034412
0,1,0.9813455426938069
0,0,0.0048915209506519555
1,1,0.8922500579407548
0,0,0.0016309691484262332
1,1,0.9850700515689931
1,1,0.9485826017552312
0,0,0.37924396342432193
1,1,0.9661313894373404
1,1,0.948165873070036
1,1,0.9497672016105269
1,1,0.932699815453055
1,1,0.9054164340247511
0,0,0.001117341422247445
0,0,0.35305427634840825
1,1,0.7518946328277107
0,0,0.006892448029633951
0,1,0.934016328403628
1,1,0.8175793974765321
1,1,0.9164785879035905
0,0,0.005131717942518577
0,0,0.12985182936715728
0,0,0.030868456535986483
1,1,0.8894307305266321
0,0,0.0169261452083866
0,0,0.003131635394976182
0,0,0.002574622206531627
1,1,0.9904645834852475
0,0,0.020032425182912306
1,1,0.9857709753868864
1,1,0.8649044783215595
0,0,0.009290751284870051
0,0,0.01220382624248413
0,0,0.26583393313132
1,1,0.6645452481530171
0,0,0.01736562162969265
0,0,0.008356236760156534
0,0,0.0026347108042694706
1,1,0.9730506608020506
0,0,0.0028286063751766467
1,1,0.9903019668585556
1,1,0.8159768995904328
0,0,0.0019661136168855797
1,1,0.5099978137838005
1,1,0.9581293803963287
1,1,0.9764436488586647
0,0,0.11520343103613931
1,1,0.8617552005024891
1,1,0.7179812923723919
1,1,0.9813070218869654
0,0,0.36326740802692
1,1,0.9732965479682213
0,0,0.01463766558236879
1,0,0.01095950037729533
0,1,0.7879583864464109
1,1,0.9357939055469391
1,1,0.9484725321733076
0,0,0.08082328682517
1,1,0.9810854015766023
1,1,0.9671809253508729
0,0,0.1874723098012074
0,0,0.005885770314852247
1,1,0.9947311079271755
1,1,0.9859670478931877
0,0,0.33222066581017534
1,1,0.9633365035138689
0,0,0.012759171072732932
0,0,0.1904416085230894
0,0,0.26676331740969694
1,0,0.3652365758303109
0,0,0.1416332326765236
0,0,0.005752511953903388
0,0,0.004637860849796091
0,0,0.044237222948865194
0,0,0.01781012287779602
1,1,0.9921894917094692
1,1,0.9130614474960433
0,0,0.004924356633741289
1,1,0.9639530137748364
1,1,0.976161180517034
1,1,0.6640573629066324
0,1,0.8972835153947705
1,1,0.9974077194580605
1,1,0.6226143060919488
1,1,0.9517318809553322
0,0,0.3215070882251251
0,0,0.005874358328136018
1,1,0.9936212677455029
1,1,0.9960555839940173
0,0,0.36533646034124445
1,1,0.5551364797329786
0,0,0.0019132045055508125
1,1,0.9941376982835471
1,1,0.9288448153770321
0,0,0.007974260513504569
1,1,0.8930669363606956
1,0,0.41845785267148045
0,0,0.1450373815716751
0,0,0.08187317416662687
0,0,0.001355251582164658
0,0,0.035683677818707946
0,0,0.028321993395927357
1,1,0.683201363548449
1,1,0.9181432347214736
1,1,0.9926472484497847
0,1,0.5022363452423327
1,1,0.9788860728928547
1,1,0.8530127740556611
1,1,0.9852886632456861
0,1,0.9712949310566493
1,1,0.8493646181344837
0,0,0.07640375610187432
0,0,0.0060185034574104105
1,1,0.8013248269571249
0,0,0.24113785756889228
1,0,0.2536073568114374
0,0,0.07021865217410742
0,0,0.07362853378226919
1,1,0.9801562381891336
0,0,0.41783411501399065
1,1,0.9855534294397199
0,0,0.058126306184852365
0,0,0.0025343173638054974
0,0,0.18415784720072118
0,0,0.33920936433525406
1,1,0.9788486687275504
1,0,0.0846531550163549
0,0,0.012629378298979557
0,0,0.3453764069345975
1,1,0.9112564073557896
1,1,0.9916128236806083
0,0,0.04669530273511906
0,0,0.16569389658446082
0,1,0.9902985368756927
1,1,0.978568211239874
0,1,0.8595017917772036
1,1,0.9586959629576765
0,0,0.26760234476755507
1,1,0.972330683168453
1,0,0.46339584262318695
1,1,0.9821953372505349
0,0,0.00554201475345069
1,1,0.9900377449605064
0,0,0.05999412368573384
1,1,0.9966554008879543
0,0,0.04597358553708649
0,0,0.07543111048691871
0,1,0.7483395338904223
0,0,0.07453338358296394
1,1,0.8942344161146923
0,1,0.5462737367856729
0,0,0.2334752691703186
0,0,0.007187627697803215
0,1,0.5653841669651428
1,1,0.9204668579555868
1,1,0.9104129703346668
0,0,0.0032175548129564184
0,0,0.0035120102256384245
0,0,0.22115668019372328
1,0,0.38197609238982405
1,1,0.9913767689480301
0,0,0.0035516826619319485
0,0,0.0060920446364002845
0,0,0.004353714591872323
0,0,0.0023009782964306547
0,1,0.6033357715834095
0,1,0.5514761932604603
1,1,0.9786066669560607
0,0,0.011971485689302416
1,0,0.16977121631470085
0,0,0.1392247136952005
0,0,0.33677935205811216
0,0,0.019051360232668325
0,0,0.29759064653795314
0,0,0.00603370325025829
1,1,0.7073680133131816
0,1,0.720583395126501
1,1,0.9935142857274789
0,0,0.006381978273304171
1,1,0.9943666150681315
0,1,0.5539497704946194
0,0,0.07566639288413542
1,1,0.9124310280306084
1,1,0.7335129766757281
1,0,0.4665785064239203
1,1,0.9778002270860064
1,0,0.21799663244165043
1,1,0.9925027790536348
0,1,0.8046383489420387
0,0,0.3408556996878637
1,1,0.9966997589948163
0,1,0.9322634791011015
1,1,0.8873707918854754
1,1,0.685752106873438
1,1,0.9663777424300495
1,1,0.9914311465227384
1,1,0.8766344773652273
0,1,0.6789346984377059
1,1,0.9914478353455406
0,0,0.0029655137214555072
0,0,0.006530648852839179
0,0,0.25805278284527805
0,0,0.019741314999991388
1,1,0.9953290416277204
0,0,0.004015865546397673
1,1,0.9033037950570962
1,1,0.9615196026039882
1,1,0.8472068664089684
0,1,0.7745506214405772
0,1,0.7177571278225529
1,1,0.9669185299224271
0,0,0.0013975806415337287
1,1,0.9870594054372229
1,1,0.9898116945378448
0,0,0.10758725445609298
0,0,0.08854466574335727
0,0,0.01292934566415835
0,0,0.005982565157459334
0,0,0.011673177163703275
1,1,0.9972035843659504
0,0,0.32091800685781274
0,1,0.5433088626210505
0,1,0.9259801622301441
1,0,0.33831139698963947
1,1,0.9866702284005171
1,1,0.9925227707811078
1,1,0.9199901440832485
1,1,0.9348839141877608
1,1,0.9756749891990351
0,0,0.007955767662229812
1,0,0.33018121093118324
0,1,0.8670102697941954
0,0,0.06213827876977602
0,0,0.002225787502281657
0,1,0.5348312428854537
0,0,0.011921608357009941
1,1,0.9952678954768126
1,1,0.9642584670640353
1,1,0.9949795922261734
1,1,0.9293330830056191
1,1,0.9590661449280002
1,1,0.9262161177780228
0,1,0.9497563576034034
0,0,0.00845093180258872
0,1,0.5416479055595879
0,0,0.14536153551720557
0,0,0.0033536308282770357
0,0,0.004326242121537165
1,1,0.8894351953673888
1,1,0.9800314279775884
1,1,0.9930712758304417
0,1,0.5029179133092114
1,1,0.9797971293440633
0,0,0.0026858122612345133
1,1,0.9934062367860665
0,0,0.3100354614647166
1,1,0.662534692719315
1,1,0.6739831351412123
0,1,0.6378090551106744
0,0,0.0031809310287349755
0,0,0.008713037938729696
1,1,0.9950067994753318
0,0,0.35116857690256137
1,1,0.9630215905211124
1,1,0.9447378694005285
1,1,0.6186022284508254
0,0,0.2831413954134445
0,0,0.002145008969986864
0,0,0.02551186704735021
1,1,0.9705958105958444
0,0,0.0035509758974248875
1,1,0.9904377484032938
0,0,0.0035646822777576745
0,0,0.009439478650179012
0,0,0.2047064840091765
1,1,0.8923480728204525
0,0,0.19298708796808636
1,1,0.9969971195014177
1,1,0.9965811530419976
0,1,0.8206388218442953
1,1,0.8830820665272288
0,0,0.021624436554725738
1,0,0.17599796516982252
0,0,0.21370148928230293
0,1,0.8283621063233423
1,0,0.12297883219314422
1,1,0.5596939537978632
0,0,0.0076301506034357255
1,1,0.9758345346208008
0,0,0.07774699206645806
0,0,0.0028373129263689284
0,0,0.017060385717074605
1,1,0.8657680193767981
1,1,0.7656391964188248
0,0,0.0030886771624630965
0,0,0.030197902863329046
0,0,0.0030673294346681983
0,0,0.07854160878029469
0,0,0.0038744686214364967
0,0,0.009778713130655352
0,0,0.11545475233330016
0,0,0.00623931823647247
0,0,0.1420821660644177
1,1,0.9954006381781336
1,1,0.9062244362896862
0,0,0.4420964814726995
1,1,0.996850284596265
0,0,0.022173694063414205
0,0,0.003989580254369247
1,1,0.8994958878880794
1,1,0.7834737514868279
1,1,0.9477584778827087
1,1,0.6526691338200757
1,1,0.9969638695965718
0,0,0.005411315058639441
0,0,0.4119125593785852
1,1,0.9418156641142444
0,1,0.9229256222263776
1,1,0.9648898889110732
1,0,0.12124011568527714
0,0,0.007259671851689098
0,0,0.0043104517048113055
0,0,0.1243536844527403
1,1,0.8398403986733947
0,0,0.11911113603765687
1,1,0.6815572821476868
0,0,0.04270739201104188
1,1,0.9075381274134289
1,1,0.9163066618744538
0,0,0.003923511732393665
1,0,0.4284268646252707
1,1,0.9946518935698463
0,1,0.6426035900175047
1,0,0.45929793582426953
0,0,0.020603767108531845
0,0,0.22702177837873228
1,1,0.6375235176148892
1,1,0.9858755496229265
1,1,0.9852245548406146
1,1,0.5169387421363127
0,0,0.003937510228160457
1,1,0.9926480038689987
0,1,0.8315814727871689
0,0,0.19069575823460802
0,0,0.006256368853691694
1,1,0.8300538320216733
0,1,0.7328696026619227
1,0,0.1893967875030236
0,0,0.005596559158146883
0,0,0.07584722355864822
1,1,0.9960476731718334
0,0,0.005786224297373391
1,1,0.9725855657334664
0,0,0.0020963622133971975
0,0,0.2735588043285358
1,1,0.9904868290468892
1,1,0.9964654832325454
0,1,0.8841810000142896
0,0,0.43467693956636566
1,1,0.9301201920623619
0,0,0.4885555625484314
0,0,0.002333004256660771
0,0,0.17616083650395103
0,0,0.014459282546961133
0,0,0.4926051083293386
0,0,0.004990615810436206
1,1,0.9723901419088415
1,1,0.8794357647602724
1,1,0.9917809457490808
1,1,0.946349021275403
1,1,0.9817124876149612
1,0,0.1858484697384087
0,1,0.8633549326722508
1,1,0.9610212223722123
0,1,0.7705943562784738
1,1,0.6918925782463803
0,0,0.0027039336128472425
0,0,0.006724716338661806
1,1,0.7918064622920062
1,1,0.9961680046081941
1,0,0.45740760284206355
0,0,0.15931974267514476
0,0,0.043752853654378046
1,1,0.6952204629263269
0,0,0.48055731647268946
1,1,0.6306660702096689
1,1,0.9955680837960844
1,1,0.9565858999812308
0,0,0.008218640669292026
1,1,0.9917116324891042
1,1,0.9808684416322225
1,1,0.8652858277100016
0,0,0.3711364655016417
0,0,0.4102171978547797
1,1,0.9878099899795726
1,1,0.9352423037929769
1,1,0.9813880627222271
1,1,0.8069684975954081
0,0,0.019279142941711236
0,0,0.0076735052591010615
1,1,0.9250660330583488
0,1,0.9651016326285136
0,1,0.5720407715975077
0,0,0.014561427700873812
0,0,0.008026612014575071
1,1,0.977059663910897
0,1,0.8445766374853139
0,0,0.005534078586202798
1,1,0.9932616356649001
0,0,0.006490794735744916
1,1,0.9688750863395507
1,1,0.954375216000472
0,0,0.20243129575935342
0,1,0.7502679614416548
1,1,0.9715843651918288
0,0,0.04731460724002882
0,1,0.5400101600196231
1,1,0.9770219758390589
0,0,0.05199274171959397
1,1,0.9947450095523723
0,0,0.015845210985361517
0,0,0.05434063664905099
1,1,0.9980095738550521
1,1,0.9949525849454552
0,0,0.08997413558917547
0,0,0.2706290234091532
1,1,0.8597908654281068
1,1,0.9629100186592436
0,0,0.04508836732514457
1,1,0.6474793702459649
1,1,0.757995694505651
0,1,0.9822630984090185
1,1,0.6973579721964256
1,1,0.8966524871721593
1,0,0.33490260656355786
1,1,0.673342161528978
0,0,0.002200512274906477
1,1,0.5934162171453365
0,0,0.08212589573534324
1,1,0.9957917462607503
0,0,0.05577651623124569
0,0,0.18427662552514792
1,0,0.32357691051741927
0,0,0.015804415920770632
1,1,0.8815739964250405
0,0,0.0553414361264783
1,1,0.6900137415735228
0,0,0.41019684746404717
0,1,0.6052388540703827
0,0,0.21211062998262706
1,1,0.9913308014251494
1,1,0.5600799534651129
1,1,0.6919354530719612
0,0,0.003184743980496942
1,1,0.9941506965745516
1,1,0.736427738027694
1,1,0.9957783935724448
0,0,0.006210058281264356
0,1,0.9920570418456439
1,1,0.9964425221712229
0,0,0.002406674296022563
1,1,0.9725933273505464
1,1,0.8383152788882056
0,0,0.010778530281135993
0,0,0.043670013020652786
1,1,0.9978360816192545
1,1,0.9864962480625408
0,0,0.056289373929761306
1,1,0.9748750408395085
0,1,0.6805001429614107
1,1,0.9451327513314419
0,0,0.007900977997901576
1,1,0.9916334064196191
1,1,0.9925703790435209
1,1,0.820300410479406
1,1,0.9964898624233225
0,0,0.002135577828479914
1,1,0.5077062017749964
0,0,0.37288830582934895
0,0,0.0028148348007656586
0,0,0.019104705686429448
0,0,0.009456174658718638
1,1,0.9148776290549561
1,1,0.9799100814582964
0,0,0.004950749808657642
1,1,0.9863342068178457
0,0,0.48060221501424566
1,1,0.5376692931781257
0,0,0.004365567023972356
0,0,0.07382049621637571
1,1,0.9546788776858794
0,0,0.004495541058118145
0,0,0.007897217787258652
0,0,0.3605255770591303
0,0,0.20828506661971471
0,0,0.005662685030342671
1,1,0.7441086310133521
0,1,0.7671571245533586
1,1,0.8980211594169921
1,1,0.8833045132112359
0,1,0.8486899628557454
1,1,0.9974299561038791
1,1,0.7141485281233637
0,0,0.008110613736149377
1,1,0.9914846865118273
0,0,0.005310746309488486
1,0,0.06726434983015551
0,0,0.045191242275452244
1,1,0.9472492945515637
1,1,0.9927491190398574
0,0,0.10210089795707009
1,1,0.9799929084220275
1,1,0.9629598244211509
1,0,0.43864290643369824
0,0,0.007918831827771101
1,1,0.9953196720272067
0,0,0.060903745844482625
0,0,0.031736219578539435
1,0,0.05954331643372508
0,0,0.10712480791623463
0,0,0.0038001016131956208
1,1,0.9974815264666721
0,0,0.22001597379104515
1,1,0.8234592153857477
1,1,0.9802698142336471
1,1,0.858013947174195
1,1,0.8096768882554286
0,0,0.007418836989909633
1,1,0.9726285749632794
1,1,0.9951509687088357
0,0,0.01619418259055407
1,1,0.9354413293837371
1,1,0.5420254621478396
0,1,0.8767762391256922
0,0,0.00618829464430435
0,0,0.4708505634945496
0,0,0.10574634376189515
0,0,0.14918608313167675
0,0,0.004653265438422773
1,1,0.9626209228593654
1,0,0.27414792940904137
1,1,0.9181075200779202
0,0,0.4159675070491017
0,0,0.03682206173546392
0,1,0.627767005345578
0,1,0.8369555809192216
1,1,0.908343518747301
0,0,0.405178358669789
0,0,0.07506314001386481
1,1,0.9495819712570394
1,1,0.898507048422481
0,0,0.016986515608030023
1,1,0.5624754747531018
0,0,0.21718628798816939
0,0,0.0027196139641008075
1,0,0.17598263138118847
1,0,0.14514170284852002
1,1,0.992677300680557
1,0,0.11421145176384091
1,1,0.997022809690313
0,0,0.01381563586293825
0,0,0.02520337522863313
1,1,0.929818097895576
1,1,0.995751459694587
0,0,0.2959423300411677
0,1,0.9674744013392174
1,1,0.991733734193802
0,0,0.15615684769822666
1,1,0.8733000713512977
1,1,0.9960338278156486
0,0,0.005006142902592034
1,1,0.9595798058822755
0,0,0.041743363902459855
1,1,0.9101951555928064
1,1,0.9356863212939748
0,1,0.6216935236892456
0,0,0.02107738401563017
1,1,0.9782837493939835
1,1,0.9767582068194492
0,0,0.011832310337876227
0,0,0.19910675205296186
0,1,0.9884002349016648
1,1,0.9311795829398103
1,1,0.9654803105826935
1,1,0.7808820031886358
1,1,0.5504338152784214
1,0,0.044134776639089275
0,1,0.6415526259640707
0,0,0.042423984333574784
0,0,0.0025063442297955504
0,1,0.9059879601162097
0,0,0.39043199905597675
1,1,0.7553387553962992
0,0,0.21498458554041366
1,0,0.23003459124999767
1,1,0.9956018875621206
0,0,0.0065104055946747005
1,1,0.9684180940363906
0,1,0.9165645097641653
0,1,0.9353177352594173
1,1,0.9432894429794819
0,0,0.007161515864818191
1,0,0.3744388951351851
1,1,0.6472399106478969
1,1,0.9631742644382293
0,0,0.22261637794580907
0,1,0.5027666506208212
0,0,0.01563583145262976
0,0,0.39784200631016753
1,1,0.8209694181443641
0,1,0.705272993101714
0,1,0.9655104897928233
1,1,0.9486528902217757
0,1,0.7614991476019165
1,1,0.9647970907883815
0,0,0.007985653547429073
1,1,0.9307688442701578
1,1,0.7781341098442782
1,1,0.7042725248266759
1,1,0.9886293106725815
0,0,0.14747175503220813
0,0,0.014903264721100302
0,0,0.005210940350971395
0,0,0.0030593097476368457
0,0,0.03271393718744118
1,1,0.9870465201731087
0,0,0.0026118434144111954
0,1,0.5800348659428229
0,0,0.017363927240545148
0,1,0.8572145152049997
1,1,0.6515225882621536
0,0,0.012385467924571054
1,1,0.9930204171236268
0,0,0.039474816301784836
0,0,0.004277047700119758
1,0,0.11004120219635838
0,1,0.9808458729681674
0,0,0.019362461581381142
1,1,0.7275523475617383
1,0,0.07449975703196388
1,1,0.9841546540362593
0,0,0.01313319328917272
1,1,0.9976731168822659
1,1,0.9367169702785192
1,1,0.8655765461169186
0,0,0.066250568398117
0,0,0.024304800610344568
0,0,0.0029629894766690906
0,0,0.0055516307597427515
0,0,0.06427499250333993
1,1,0.9625221616645819
0,0,0.006514152178660743
0,0,0.3213153230232732
1,1,0.6828825189785933
0,0,0.18840592351205238
0,0,0.003196668516927766
1,1,0.9409184347749143
0,0,0.03876101424285061
1,0,0.007307533706691887
1,1,0.9774954181496339
0,0,0.01612014469588936
1,1,0.6446646275496543
0,0,0.08551230009576768
0,0,0.18688153990866715
1,1,0.9549057123802881
0,1,0.9410403784707984
1,1,0.9164983629364172
0,0,0.10907117720375016
0,0,0.0031963085955289245
0,0,0.04871336762717703
0,0,0.018083702996605635
0,0,0.0023118336906720214
1,1,0.9235075414946111
1,1,0.9765421163337533
0,0,0.03552659047401236
0,0,0.039319964375415
0,0,0.004727304724200681
1,1,0.8590361837806307
0,0,0.0025099688022689097
0,0,0.004464387653895926
0,0,0.18294899384138202
1,1,0.9327478354516516
0,0,0.01790320417807099
0,1,0.7422830613574474
1,1,0.9959208903706069
0,1,0.9388297214156914
1,1,0.985988865938447
1,1,0.5380815266651992
1,1,0.993176398675808
0,0,0.02503440850202875
1,1,0.9596332715241719
1,1,0.8528599885937649
1,1,0.9759627140695504
0,0,0.0771573178729534
1,1,0.980659415472263
1,1,0.9962448958153436
1,1,0.9829851458752625
1,1,0.5462316016155825
1,0,0.15365380707158383
0,1,0.9639616397708747
0,0,0.022711410116741607
0,0,0.0015901102438997698
1,0,0.05742896071094943
0,0,0.057558897740449255
0,0,0.1240856313187139
1,1,0.8605933568412586
1,1,0.9418651701930211
0,0,0.17683691347638178
0,0,0.010003985760419205
0,0,0.07695891674861895
0,0,0.03858087489682541
1,1,0.9866979730555385
0,0,0.27322470907335283
1,1,0.503915011720664
1,1,0.821346613475361
1,1,0.98725049503311
1,1,0.9937859917618517
1,1,0.9542714171192024
0,0,0.020500768785391112
1,1,0.9610220542537826
1,1,0.9735766006242429
0,1,0.9215102165493066
0,0,0.001203172227136994
0,0,0.49161282413928015
1,0,0.13297350872113747
0,1,0.654460491123808
1,1,0.9878055507308708
0,1,0.9283562516826567
1,1,0.9762532425147914
1,1,0.9864903823296918
0,1,0.6008395065697523
0,0,0.1298884465191739
1,1,0.7467099115416563
0,1,0.8771178614219292
1,1,0.979722114200654
1,1,0.9761778780778592
0,0,0.010528866646088647
0,0,0.27658972657188896
0,0,0.002308761294213075
0,1,0.5431377114763625
1,1,0.9654488750707152
0,1,0.5617134216809402
0,0,0.0039430684332172235
0,0,0.002209671293435476
1,1,0.7404135774780255
1,1,0.885201485016745
0,0,0.1217032453610404
0,0,0.28617554310235843
1,1,0.8918914250797422
1,1,0.9955702752192541
0,0,0.0026349034821970896
0,0,0.06503472875548628
0,0,0.40518711414071173
0,1,0.9148158338120752
1,1,0.9899290957877485
1,1,0.9556161225571357
0,0,0.003702412320239979
1,1,0.8830068067958871
0,0,0.151133023575722
1,1,0.9966619755866233
0,1,0.7238949673315517
1,1,0.9825871586333722
1,1,0.8442609671760614
1,1,0.8341876560437557
1,0,0.19689372803483238
0,1,0.9215842338683521
0,0,0.002946392731347487
1,1,0.9941183655268391
0,0,0.0016730304112592552
0,0,0.028412117573523545
1,1,0.8921501384867396
1,1,0.9425509614481332
1,1,0.9934419728762965
1,1,0.8798306230110617
1,1,0.9574532396062425
1,0,0.11729333616696236
0,0,0.03815023355474303
0,1,0.6107020745752759
0,0,0.05942514372020124
1,0,0.16052117377464498
1,1,0.9668929399405795
1,0,0.08877363741952314
0,1,0.8822212729280399
0,0,0.10608284848674279
1,1,0.9092579641483131
1,0,0.2647690771405478
1,1,0.9546146613080688
0,0,0.04615787590499814
0,0,0.023161715090656558
1,1,0.9910301884361026
1,1,0.9930002628889533
0,0,0.04016525231758925
1,1,0.5140556927775083
1,0,0.25055936277365953
0,0,0.07683763335132521
1,0,0.07330639132959733
1,1,0.9266710285661104
0,0,0.01663477281632593
1,1,0.9797557660822915
1,1,0.9657279433352026
0,0,0.06284929177798458
1,1,0.9759686125871336
1,1,0.9789047084284073
0,0,0.019204675988019473
1,1,0.9585319703167766
0,1,0.738018865125755
0,1,0.616441963491738
1,1,0.9642733511535269
0,0,0.001912843297567901
0,0,0.01532794743304388
0,0,0.00453563697423806
1,1,0.9959856406180405
1,1,0.8729514234653434
1,0,0.00885218963230539
1,1,0.8622501672059059
0,0,0.009269909930098323
1,1,0.9745266512258525
1,1,0.9100476003719719
1,1,0.9969268157181957
0,1,0.7909246573711032
1,1,0.977931643699475
0,0,0.27391431061735655
1,0,0.49649068579071787
1,1,0.794039005572957
0,0,0.35673754950446684
1,1,0.8280913236673807
1,1,0.8684278017330386
1,1,0.9841937364392396
1,0,0.20362159177515582
0,0,0.029657246396692045
0,0,0.10274053887782161
0,0,0.06761640987384024
1,1,0.9975237872360029
1,1,0.9852936929467875
1,1,0.9721198249275986
1,1,0.9964533557632063
0,0,0.08035292258327992
1,0,0.16597821254193607
0,0,0.10017882085035741
0,0,0.006380311724040366
0,1,0.8793660128810165
1,1,0.9212214092080572
1,1,0.9965949315689523
1,1,0.8568683682860876
0,0,0.003208271351339169
0,0,0.2810224419975346
0,1,0.782538991736491
0,1,0.9185139666092006
0,1,0.6251935620532966
0,0,0.0034873118832914984
1,1,0.998847179320409
1,1,0.987569351498399
0,0,0.06967084670455423
1,1,0.9826461452664652
1,1,0.9960153943493625
1,1,0.9950765747964405
0,0,0.01565112336596752
1,1,0.9814291338487026
0,0,0.029198295752759618
1,1,0.9951635422939823
1,1,0.9826983608794415
1,1,0.9910851740565731
1,1,0.9932436337861308
1,1,0.695327312129492
1,1,0.9898629725631065
0,0,0.04660330330793066
1,1,0.993430834931147
0,1,0.6326382007634475
0,0,0.0048783147556750225
1,0,0.4281804672325962
1,1,0.5661269742386792
0,0,0.02437691085142371
1,1,0.895990501480198
0,0,0.06606660833669367
1,1,0.9929060109578001
1,1,0.9946248545040678
1,0,0.26415840311359595
0,0,0.0072076657131245735
0,0,0.4159597652935103
1,1,0.6860387224393993
0,0,0.05488615251925734
1,1,0.9396048531879145
0,1,0.5902174636450371
1,1,0.8300276570375585
0,0,0.00823105999483154
1,1,0.6168238524201185
0,0,0.0031696642401532783
1,1,0.9964816090245546
1,1,0.6395392081722695
0,0,0.1277949433857781
0,0,0.43480098864568906
1,1,0.9888264705684412
1,1,0.9376142359294494
1,1,0.9311437276424194
0,0,0.0078661633796795
0,0,0.005681570257469856
0,1,0.9369293784372689
0,1,0.9343894078839318
1,1,0.9239043695057078
1,1,0.9763097043930743
1,0,0.22280435899308568
1,1,0.9658759252204292
1,1,0.6060346848165842
1,1,0.9958162809820271
1,1,0.9733878812969105
1,1,0.9111921256744873
0,0,0.2786384508943037
0,0,0.07474203383931585
0,0,0.09021692968179644
1,1,0.8459806436897082
0,0,0.0502653303073404
1,1,0.8297558249964695
0,0,0.008317439447049829
1,1,0.9861313914589729
1,1,0.9672709273913991
0,0,0.3580703993852498
1,0,0.13258147297710787
1,1,0.8496634424872571
0,0,0.005551670484782721
1,1,0.9574487776989057
0,0,0.10122508675208931
1,0,0.4986481715434651
1,1,0.9786248867954032
1,1,0.9046686041659298
0,0,0.40438955273854454
1,0,0.05078963956503412
1,1,0.5189942004773235
1,1,0.9682658042994188
0,0,0.3316117433354854
0,1,0.566592972589011
1,1,0.9934021664254507
1,1,0.9964440358255461
1,0,0.3915714680255895
1,1,0.9865542426126356
1,0,0.4927119762611901
1,0,0.3618964433211108
0,0,0.07290632887736924
1,1,0.8611821825151853
1,1,0.9839271792141709
0,0,0.006201324800622297
1,1,0.9768907134021788
0,0,0.03708130530837596
0,0,0.12444914820835407
1,1,0.9842089640367294
1,1,0.9983561961777798
1,1,0.8756005878119686
0,1,0.5707821259073204
1,0,0.4387560904429085
0,1,0.7518439146381867
1,1,0.999097661607182
0,0,0.12005563414957215
0,1,0.6495434472490825
0,0,0.0022148582328811255
1,1,0.9930664488081979
0,0,0.01871417597666181
0,0,0.0028299711923792776
0,0,0.3099333938436599
1,1,0.7181311698661401
1,1,0.9782097340461747
1,1,0.7438116789048653
1,0,0.4268881109149726
0,0,0.05550450116032831
0,0,0.020877480537144874
1,1,0.9329282560280665
1,1,0.8948928468418433
1,0,0.029940879070956293
1,1,0.9706970599079857
1,1,0.9938470763738781
0,0,0.0036127746758175786
0,0,0.021112179238221045
1,1,0.9628160984149015
1,1,0.9899387088868565
1,1,0.9952656850609095
0,0,0.1300223339490056
1,1,0.8712798196140907
0,0,0.002808829773756898
0,0,0.045033920198858456
1,1,0.9914295624229432
1,0,0.004552082726466489
1,1,0.7611980523359434
1,1,0.983946059280352
0,1,0.8205728982642888
1,1,0.9806027210613146
1,1,0.9292927481853148
1,1,0.9783281002064061
0,0,0.0195367419203572
1,1,0.9834903428652377
1,1,0.9729688598408669
0,0,0.008358086238022127
1,1,0.9933366577984216
0,0,0.03660356245205791
0,0,0.15965357580987255
0,0,0.14907419619322215
1,1,0.938218871035462
1,1,0.9534302688087972
1,1,0.9446739920563303
0,0,0.004328541049805555
0,0,0.16148223916113058
0,0,0.011495852153873118
1,1,0.9978037750831892
1,1,0.9927315787706407
0,0,0.008994145580699654
0,0,0.002776961404538138
0,0,0.005238924250476614
1,1,0.9878103682088129
0,0,0.0012995193583541943
1,1,0.999193310368123
0,0,0.0037443532582700795
1,0,0.3277130425766284
0,0,0.009836703347516518
1,1,0.6065279895516748
1,0,0.4339929877058243
0,1,0.508284172221662
0,0,0.0024154770288885414
1,1,0.9932182418292528
1,1,0.9920375951415712
1,1,0.9953527978913161
0,0,0.3793618553536952
0,0,0.016283654673189207
0,1,0.7140576230586307
0,1,0.6394217386409132
1,1,0.9275820527783841
1,1,0.9799292341163087
0,1,0.6666154792925321
0,1,0.7485786217863075
1,0,0.281101009970283
0,0,0.03945597852305467
1,1,0.782843597688618
0,0,0.08867109541531484
1,1,0.9948369601804569
1,1,0.9657141380542745
0,0,0.05671774555134792
0,0,0.05671512599677189
1,1,0.9589603971316379
1,1,0.9484099787980536
1,1,0.9438045612065182
0,0,0.029208089940120453
0,0,0.3324821352569349
0,0,0.02885826518942603
1,1,0.930292265960435
1,1,0.8971926969842656
0,0,0.007170025688502019
1,1,0.9888065502028754
0,0,0.05957692606549778
1,0,0.29546200532967193
0,0,0.005690746201389464
1,1,0.9417538971536603
1,1,0.9969785843061766
1,1,0.8383923920377898
1,1,0.9182380737125811
0,0,0.05350802399288592
0,0,0.1626622928380434
1,1,0.9783562712630026
1,0,0.47035423211284333
1,1,0.9358573627113639
1,0,0.25100098991932107
1,1,0.9763110325169768
0,0,0.0026082511469109598
0,0,0.008432825036361207
0,0,0.0030387796967216107
1,1,0.7145123390964986
1,1,0.9945860920288767
1,1,0.9883047671832785
1,0,0.07575679112052247
0,0,0.020845836443758065
1,1,0.9981112686983779
0,0,0.06936949026066745
0,1,0.7915450332774927
1,1,0.8435103813818629
1,1,0.9459201039294232
0,0,0.4356589853618674
0,1,0.6131578979188858
1,1,0.9149116434807325
0,0,0.007190717300189501
0,0,0.02002292055555698
1,1,0.8878842111494321
0,0,0.13315006414726827
0,0,0.3669606210568021
0,0,0.0032063726584792332
0,1,0.7491909645155705
1,1,0.9901256621368514
0,0,0.009209111003339402
0,0,0.01604654694700416
0,0,0.002712158324928734
1,1,0.983421612620806
0,0,0.00434497002885648
0,0,0.23520165509693516
1,1,0.8794222902602377
1,0,0.17140127301541364
1,1,0.994541518385855
1,1,0.9764587489839812
1,1,0.9481270768764593
1,0,0.32270666137270904
0,0,0.30232653740513976
1,1,0.988137021317203
0,0,0.10236629857651065
1,1,0.9512894110029749
1,1,0.9596716632918675
0,1,0.794113469817484
1,1,0.9431209034959891
1,1,0.9935094406186363
0,0,0.4222734670075747
1,0,0.24317043212557946
1,1,0.9898064732965407
0,0,0.16285920409460608
0,0,0.007797442500481549
0,1,0.9691361638302136
1,0,0.35691052535946294
0,1,0.9263964550170304
0,0,0.0021248652503187975
0,0,0.06969715018298323
0,0,0.12919531648208338
0,1,0.8198202082334822
1,1,0.9125468130307587
0,0,0.08465471470910668
0,0,0.1680913951644708
0,0,0.031131122815754107
1,1,0.9867016858269793
1,1,0.9503497025700361
1,1,0.9936708140219789
0,0,0.0031249691526588266
0,0,0.23596498731350943
1,1,0.9809065531257352
1,1,0.9820488800996374
1,0,0.11751580578015818
0,0,0.21222364151374473
0,0,0.23080343236887227
0,0,0.008526346440908295
0,0,0.08128462582489991
0,0,0.017673314231588886
0,0,0.09032860507153745
1,1,0.9348600624032954
1,0,0.30898875562624173
0,0,0.10254406605762421
1,0,0.40375349658010323
1,1,0.9644681916258021
0,0,0.3133372091816361
0,0,0.007525341639896023
1,1,0.9688842066257286
1,1,0.9966102603817885
1,0,0.2793719790797589
0,1,0.7835245697554624
1,1,0.9847791118938881
0,0,0.012252201893531533
0,0,0.015471416026307697
0,0,0.2290782822857408
0,1,0.9248488170340479
0,0,0.005163756137536378
1,1,0.8286130150104456
0,0,0.009882776137975316
1,1,0.965754684957021
0,1,0.8388545854936895
1,1,0.9277270785906536
0,0,0.2416254853040715
0,0,0.004226476050057044
0,0,0.029438751283497724
1,1,0.9725198744328379
0,0,0.06063109910616826
1,1,0.9984424116889884
0,1,0.5915354925419303
0,1,0.611978973970042
1,0,0.19530445456590964
0,1,0.6270743658659103
1,1,0.9739787291544485
1,0,0.39820773405313026
0,0,0.0028701862798519067
1,1,0.9924042815438564
1,1,0.9908494036630244
1,1,0.9751145547390653
0,0,0.19415673995338284
1,1,0.9874784761930674
0,0,0.004987629900414376
0,1,0.6052998349712185
1,1,0.9977292090983378
0,1,0.6617735490551242
1,1,0.8967106400057843
1,1,0.9966795935300332
0,1,0.7660758087742359
0,1,0.8030361905132519
1,0,0.1238244408967143
1,1,0.9488692146102975
1,1,0.8060261962595799
0,1,0.6482772346290715
0,0,0.004919025209497572
1,0,0.016716773798617246
1,1,0.9944747914723887
1,1,0.856853507698495
0,0,0.006059117358239775
0,1,0.6092248383837605
0,0,0.03913909850170607
0,0,0.004184036991271665
0,0,0.00559835717294496
0,0,0.0018503498550729845
1,0,0.08521262327851818
0,0,0.08422700839231077
1,1,0.5991901094126227
0,0,0.009126744733622254
1,1,0.9876218132901345
1,1,0.9964505092680818
0,0,0.009214040541176126
1,1,0.8029430679700237
1,1,0.8360045588434187
0,0,0.0035364768366735228
1,1,0.8829111483512455
0,0,0.00498022021158922
1,1,0.9270986589162552
0,0,0.016194553739673746
0,0,0.004756679881087463
0,0,0.007592106385821429
0,0,0.043934393262534864
0,0,0.014720214479782183
1,1,0.9956451123446909
0,1,0.8066295116835779
0,0,0.36211295422180173
1,1,0.9960707271347612
1,1,0.6832628652510355
1,1,0.9058083995598922
1,1,0.6903034516200108
0,0,0.010694400929902006
0,0,0.0016407508433935632
0,1,0.8945267687113234
1,1,0.9902599772560766
0,0,0.03163193231500065
1,0,0.23000976749456445
1,1,0.8146315498313924
0,0,0.4676104192194064
0,0,0.003197416657625781
0,0,0.37967144595382896
1,1,0.8220267930699781
1,1,0.9957799994795108
1,1,0.9916523972570389
1,1,0.9523766664934888
0,1,0.8180465819483422
1,1,0.9978512998704766
1,0,0.21662305847990815
1,1,0.9893611689420344
0,1,0.5624726182130773
1,1,0.9977859313575097
1,0,0.3184175623873189
0,0,0.49224878416452583
0,0,0.002022805773285904
0,0,0.41264856390049687
0,0,0.002415925001489783
1,1,0.9771923125406577
1,0,0.3211084515497247
0,0,0.10528304885586148
1,1,0.9092089620959176
0,0,0.027121029997650602
0,0,0.051112600399676196
0,0,0.019765202337187926
0,1,0.792654938503923
0,0,0.003026174292560801
0,0,0.029713448800897786
0,0,0.002765538494059546
1,1,0.9864812353256716
1,0,0.12946375486069134
0,0,0.45935092229095925
0,1,0.5941094169236767
0,0,0.0033554997530837426
0,0,0.008173286013746062
0,0,0.008568211273305756
1,1,0.9943982300189005
0,1,0.8968458031581608
0,0,0.129802740235482
1,1,0.9919548556872076
1,1,0.8544346781687604
0,0,0.010220407706880963
0,0,0.022023047926098455
1,1,0.7602906582842178
0,0,0.061824334547256346
0,1,0.9548240799555013
0,0,0.013358242234299825
0,1,0.782843597688618
1,1,0.9933989814066186
1,1,0.9437322775421849
0,0,0.1485150088036671
0,0,0.12994310324409467
1,1,0.8330762263496787
0,1,0.5530691992593528
1,0,0.06136393119195649
0,0,0.33410544607963694
0,0,0.013561234419681443
0,0,0.10954076026294705
1,1,0.698574068907453
1,1,0.9734373871249672
0,0,0.002301767185837231
0,0,0.023844228140772285
1,0,0.04014630397451109
1,1,0.8481983968965692
0,0,0.035697665841234426
0,1,0.7131229920714186
1,1,0.9544413789366132
0,0,0.43751057456105946
0,0,0.012431323503110157
1,0,0.29861102768606884
1,0,0.32219462244584446
1,1,0.9937933602839454
1,1,0.8996316779974918
0,0,0.01126373865111936
0,0,0.02440896516266497
1,1,0.9943204089003519
0,0,0.005823730880620253
0,0,0.006226109617599447
0,0,0.0027192929222294637
1,1,0.8925452240516215
0,0,0.18509235502581212
0,0,0.002207900958071879
1,1,0.8627029635748806
0,0,0.06662227237745805
1,0,0.1818160495144495
0,0,0.01521288310919291
1,1,0.9777004526857479
1,0,0.2810359184990185
1,1,0.9423889978413109
0,0,0.0026186047150924
0,1,0.767872636157239
1,1,0.9927560768191195
0,0,0.2728579692133634
0,0,0.01576939401651931
0,0,0.018636146969216942
0,0,0.02261471923275189
0,0,0.21604055786446968
1,1,0.9981658755137641
1,1,0.57936251381046
0,1,0.7860721640737016
1,1,0.7494259563705483
1,1,0.7247162822879284
0,0,0.07474335213290113
1,1,0.9447523038159593
0,0,0.002987636613292492
0,0,0.006281482421576497
1,1,0.686602336069909
1,1,0.8044362769820965
0,1,0.7706355455784453
1,1,0.8227282533433208
1,1,0.9941951615141145
1,1,0.9952489824489402
0,0,0.10560426789490983
0,0,0.0077755605195526205
1,1,0.8274346751162902
0,0,0.004338212969499981
1,1,0.9942368796398103
1,1,0.667144619327567
1,1,0.716230564662647
1,1,0.8723676882381823
0,0,0.25458312118058246
1,1,0.7860167176976381
0,1,0.6567270103845649
1,1,0.9693804889807177
1,1,0.9827203437342993
0,0,0.007835022553538823
1,1,0.9966295092901455
1,1,0.9975367259164379
0,1,0.8689736321188297
0,1,0.887198414864937
1,0,0.09981037121621558
1,1,0.9943728242026537
1,1,0.5081679685510103
0,0,0.10072273102361991
1,1,0.658421157444934
0,0,0.4541422586853393
1,1,0.9942544328648232
0,0,0.18331670016661708
0,1,0.5626775418265884
0,0,0.06345199199477386
0,0,0.051991614891477904
1,1,0.9955578040833725
0,0,0.0808011165611339
0,0,0.06624663523094809
0,0,0.0030744725055029207
1,1,0.5824593262532877
0,0,0.00461086663523041
0,0,0.24599267902246688
1,1,0.9962946262430461
0,0,0.002475308746273897
0,1,0.6633822044362556
0,1,0.7311920494285665
0,0,0.36633656508815043
0,0,0.0016645848712305692
1,1,0.7300347107000457
1,0,0.4905406755367379
0,0,0.4312077129369396
0,0,0.31491797875828403
1,1,0.9949514228443637
1,1,0.9787995948578346
1,1,0.8001855465220615
1,1,0.9482665232781708
1,1,0.9356680834074831
1,1,0.544557539209216
0,0,0.001413469866507841
0,0,0.010176756920508975
1,1,0.9412438371891318
0,0,0.2100420581457326
1,1,0.9914542171691365
0,0,0.010643010104532889
1,0,0.4746229422514959
1,1,0.5271414152823016
1,1,0.9361029589284575
1,1,0.9814179761485492
0,0,0.13253436576892028
1,1,0.9052697180050768
1,1,0.9940899050725995
0,0,0.014515040578006351
0,0,0.0038691935380118173
1,1,0.9784855841924477
1,1,0.9525205743868886
1,1,0.6675909145974694
0,0,0.013044223056416199
0,0,0.004319615160322104
0,0,0.09216745118050032
0,0,0.04755654105326981
1,1,0.9135031818915895
1,1,0.7254313966601645
1,1,0.6863472857864242
0,0,0.006833651042044578
0,0,0.008795439105227846
1,1,0.9630504076295201
0,0,0.10508282378875002
0,0,0.05005174385337677
0,0,0.0016398044258901865
0,0,0.0190437003334817
1,1,0.8886109460003988
1,0,0.3270732911558401
1,1,0.9873850702583892
0,0,0.027790026574087204
1,1,0.9986345750596043
0,1,0.7885548877532663
1,1,0.9339835690363251
0,0,0.023021843874986316
0,0,0.004287666734088958
0,0,0.004133887832467664
0,0,0.0038213214594237776
0,0,0.06480406489386609
1,0,0.23479042110017376
1,1,0.5744881123256719
0,1,0.6019566375805789
1,0,0.3715567067651312
1,1,0.9974462471132516
0,1,0.8013512359092158
0,0,0.003904974156134841
0,0,0.029830410230075394
0,0,0.039469107743494984
1,1,0.9589024629421291
0,0,0.14811349565897705
0,0,0.01724870329305617
0,1,0.7721301025823413
1,1,0.9913950270339497
0,0,0.01735240202363168
0,1,0.6509226706322669
0,1,0.8196801660916773
1,1,0.976666879091432
1,1,0.9649007568505256
1,1,0.860803502852423
1,0,0.4963027811208476
1,1,0.9971583335617364
0,0,0.02031757234840458
0,0,0.003123991897006614
0,0,0.07610373055286998
1,1,0.7387856003477384
1,1,0.9982115450328617
0,0,0.01137586890993073
1,1,0.9957449953387241
0,0,0.014994207413310014
0,1,0.9234750141672615
1,1,0.7761653699839035
1,1,0.9781595785795234
1,1,0.9702233852426834
1,1,0.9429761319956705
0,0,0.02555324377557508
1,1,0.9933398212863868
1,0,0.24723004554258904
1,1,0.9965645242688537
0,0,0.00493761525584341
0,0,0.03709028430261933
1,1,0.8558663012593682
1,1,0.9970949193273552
0,0,0.016159485923034848
0,1,0.8447401091641613
0,0,0.07800754837733292
0,0,0.10201336676944602
0,0,0.13336225075292804
0,0,0.1212963233965557
1,1,0.96031166630211
1,1,0.9846453739432828
1,1,0.9544984370108003
0,0,0.14587133347111061
1,0,0.2701208064551275
1,1,0.993984806396054
1,1,0.9587362483108747
1,0,0.07989595627677337
0,0,0.1852755863249143
1,0,0.05214374596897919
1,1,0.9958198775917964
1,1,0.8390024566391274
1,1,0.7628629250414188
0,1,0.7477319735961581
1,1,0.8946972760921882
0,0,0.43223367357149933
0,0,0.015661476323224396
1,1,0.9946351480881558
0,0,0.003777533073531658
1,1,0.8406277918847764
1,1,0.9766523178356676
0,0,0.05082186870259689
0,0,0.23662433605666008
1,1,0.7918939082208822
0,0,0.16179208593933236
1,0,0.47358663560180686
0,0,0.010035208642535383
1,0,0.03022334519826413
0,0,0.023319064989763532
1,1,0.973639984505893
0,0,0.010889281701092327
1,1,0.9677661082025746
0,0,0.2619739596744198
0,0,0.008130102435503217
1,1,0.7831472618200183
0,0,0.005371414723614641
0,0,0.03949617545121347
1,1,0.9905976556546344
0,0,0.010871868279359733
0,0,0.007769503913747303
1,1,0.9952807347099005
1,1,0.9966753298405777
0,0,0.022834455457168126
0,0,0.017669798780454677
0,0,0.008756653805269687
1,1,0.9611966538028841
1,1,0.9572436870193612
1,1,0.9913109031931209
0,0,0.0045890099183394295
0,0,0.05826411222822291
1,1,0.6667101338442225
0,0,0.3088475716096844
1,0,0.32695521797299315
1,0,0.15220308948792002
0,1,0.8224220956007245
1,1,0.905727726368928
1,0,0.0730621325657643
0,0,0.1753886156744915
1,1,0.9708337511016916
0,0,0.007347959504572988
1,1,0.9973104990590593
0,0,0.16987373741046052
1,1,0.9914175255423032
0,0,0.005935525141916387
1,1,0.8575488760956315
1,1,0.8166035029307647
0,0,0.23057099513397694
1,1,0.8300318402864655
1,1,0.9681877251268981
0,0,0.47037582709235304
0,0,0.07461414189122008
1,1,0.9593044231933499
0,0,0.016396951361560615
1,1,0.9651993463931532
0,0,0.002503759142336549
1,1,0.8232471442029522
0,0,0.07424189596520035
1,1,0.9954351431578987
0,0,0.01111226103788086
1,1,0.9377408363564924
1,1,0.8254060145784915
0,0,0.46520793964657786
0,1,0.6735750044454117
1,1,0.9685530485510075
0,0,0.01128793968128889
1,1,0.9991707749835744
0,0,0.029511069934144697
1,1,0.9916938105284983
0,0,0.005876837908383893
1,1,0.6133218164211212
1,1,0.9198542403627407
0,1,0.6955750349803668
0,0,0.022355355140481148
1,0,0.1231433751012683
1,1,0.9928221029798142
0,0,0.0008318959273258699
1,1,0.8912728109903036
0,1,0.5953308238360189
1,1,0.9907230718254777
1,1,0.9953731295140881
1,1,0.533421665380052
1,1,0.9849839326462282
0,0,0.004663191410989101
1,1,0.9634687912695872
0,0,0.3953586264648993
1,1,0.9954845864092564
1,0,0.11144543474601086
0,0,0.17943414471124267
0,0,0.007099419128602552
0,0,0.02911219726748041
0,0,0.004190098797297047
1,1,0.9316419341323419
1,1,0.95697907825981
0,1,0.5770984326206993
0,0,0.008615860827312801
1,1,0.8720302145087272
0,0,0.009718732792546305
1,0,0.06513966937825179
0,0,0.0030939606390465242
1,1,0.8929780347328296
1,1,0.7025930380508055
0,0,0.06363405087245003
1,1,0.9256647515750168
0,1,0.5626336152958837
1,1,0.9897130595886874
0,0,0.06024465326617437
1,1,0.9855576987111401
0,0,0.0027214510507746195
0,1,0.7968227934867975
0,0,0.012208664030530624
1,1,0.6042351202932048
1,1,0.9842507543876694
1,1,0.8572084464810719
1,0,0.20657509464625087
1,1,0.9752713657047658
0,0,0.17256170929977746
0,0,0.04726213166770641
0,0,0.05275295940238236
1,1,0.9334817196742072
1,1,0.9783509828836343
1,1,0.8666917110490969
0,0,0.079384692738478
0,1,0.803105070047686
0,0,0.014757435269488268
0,0,0.0683203404261306
1,1,0.9947372074485871
1,1,0.9762680392354646
1,1,0.8270366688372607
0,0,0.005151397565698939
1,1,0.9396918133575438
1,1,0.691357570441586
1,1,0.8379032137585227
0,0,0.07440026131993906
0,0,0.008081655139838094
0,1,0.5514351785671652
0,0,0.32054756336711226
1,1,0.9613510794472458
0,1,0.8843136329045852
1,1,0.9964635337788827
0,0,0.3661445801341049
0,0,0.004932819012005815
0,1,0.7322272885137879
1,1,0.7446321525487762
0,0,0.04256945540312172
1,1,0.8000753183432376
0,0,0.0078958885203552
0,1,0.9051389585067863
0,0,0.4229932880797592
0,0,0.009445538348321991
0,0,0.16592414624497165
0,1,0.798226396763413
1,1,0.967375745142086
0,0,0.147005936640908
1,1,0.9197149080475986
1,1,0.9969645782475992
1,1,0.9399204577945582
0,0,0.0074052228156035
1,1,0.9961322146829293
1,1,0.9418729854269174
1,1,0.8302857834439743
1,0,0.036759840268572236
1,1,0.9901995461764397
0,0,0.0027984711958157758
0,1,0.6900240938982108
1,0,0.24847764642158765
1,1,0.9108036048426041
1,1,0.9803000752416887
1,1,0.9496125553714099
1,1,0.8287441672506901
0,1,0.5624073453023273
1,1,0.931680573241486
0,1,0.896205083094725
0,0,0.02163644518952349
0,0,0.04921000721798438
1,1,0.9804479521124292
1,1,0.9954876284878084
1,1,0.852535709619553
1,1,0.9919273718524522
0,0,0.013388539977225432
0,1,0.588086497110672
1,1,0.9399163248596051
0,1,0.6086821970877393
1,1,0.9100420891979097
0,0,0.0558669911015944
1,1,0.7763066555430392
0,0,0.01814871940562497
1,1,0.971876424587498
1,1,0.9825723542365341
1,1,0.9957674648086084
1,1,0.897301831793721
0,0,0.003396665664877138
1,1,0.9802946211233698
1,1,0.9390618201984384
0,1,0.5460236740888542
1,1,0.960835787918172
0,0,0.004113240851730065
0,0,0.301681071271765
0,0,0.00999238643706532
1,1,0.6916229527489848
1,1,0.986217818508786
0,1,0.9215462378405023
1,1,0.9133842459843099
0,1,0.5392245492056364
1,1,0.9825600079721885
1,1,0.9911016578156432
1,0,0.3942905316698246
1,1,0.979751147106657
0,0,0.04223622134858413
0,0,0.015532138922857276
1,1,0.8511332214396201
0,1,0.6870683852858278
1,1,0.7607495405133063
0,1,0.8445978917286077
1,1,0.6170018088887869
1,1,0.9935647538426452
0,0,0.004396278347862607
0,0,0.012442901255516364
0,1,0.921720559040775
0,1,0.5096457059617742
0,0,0.2858742860042023
1,0,0.04105243830364506
1,0,0.06306068363855581
1,1,0.9864376641194548
0,1,0.5929599617487573
0,0,0.006473558559634197
1,1,0.8866319319164614
0,0,0.006039272910853254
1,1,0.9153220032197589
0,0,0.06084452695926635
0,0,0.04385038184613097
1,0,0.4852607017217336
1,1,0.9793442698331744
0,1,0.7399691458964847
0,1,0.6598304375756209
1,1,0.9825298204755145
0,0,0.006416557128225578
0,0,0.006088261706034877
1,0,0.1663468070679247
1,1,0.8034011213370187
1,1,0.6046501663535441
0,0,0.25642545259007576
0,0,0.11399129843204633
0,0,0.010588421589027532
0,0,0.18900594216336683
1,1,0.8080209736580489
0,0,0.007366764717852071
1,1,0.7127721613700907
1,1,0.9532022110489295
1,1,0.9446009842895485
1,1,0.936057029078819
1,1,0.9552760010865495
0,1,0.9228671143784456
1,1,0.8474850957340162
0,0,0.0144551283745201
0,0,0.4151539083654729
1,1,0.9853746182378107
1,1,0.8134138767065722
0,0,0.001427256016886271
1,1,0.8649812833101433
0,0,0.002748402429331822
1,0,0.22637928186174622
0,0,0.003149004959759899
0,0,0.28586702271048053
1,1,0.7298676051848922
0,0,0.01567938275919536
1,1,0.7558815908877792
0,1,0.7396375468780757
1,1,0.9728660465279095
1,1,0.9781473532169844
0,1,0.8309087939427032
0,0,0.031506419015109755
0,1,0.8312090607310784
1,1,0.9627975706242932
1,1,0.9974068616278478
0,1,0.9586058546499866
1,1,0.5873007080792781
0,0,0.40489111617687246
0,0,0.029290710140331782
1,1,0.9932294161397788
0,0,0.006631285339628828
0,0,0.002708923156588888
0,0,0.010888478795042284
1,1,0.9987135553667318
1,1,0.9760168151428044
1,1,0.72326470191761
1,1,0.74714323842145
1,1,0.9964069623713641
1,1,0.9469060761957963
1,0,0.10018500865645141
1,1,0.926118802785465
1,1,0.9686644263018371
1,1,0.6126649095915457
1,1,0.9857034480652945
1,1,0.9927056953077021
0,0,0.00914895802855975
0,0,0.011410404055865504
1,1,0.9415044405392231
0,0,0.004858946112035819
0,0,0.424033031088641
1,1,0.9939650540925331
1,1,0.9566937268619182
0,1,0.5209908306355243
0,0,0.08481270530325907
0,0,0.023028984885942138
0,0,0.19282657245551763
1,1,0.9594816602929273
1,0,0.09337531072844843
0,0,0.0690279468956638
1,1,0.94464609808528
1,1,0.9580568781759732
1,1,0.769256328879507
1,1,0.8499928262971217
0,0,0.1454645918319516
1,0,0.4237152284414112
0,0,0.018414181872689128
1,1,0.9390286788085743
1,1,0.8750307504952581
0,1,0.5032241611148595
0,0,0.1439748438328856
1,1,0.992930156333063
1,0,0.47564943182554237
1,0,0.022624336623802727
1,1,0.9749905999717746
1,1,0.9437091100589658
1,1,0.9961561441300536
1,1,0.6243694291012499
0,0,0.014428083131037628
1,1,0.7415715454852941
0,1,0.8379479381613107
1,1,0.8963368268725512
0,0,0.0030090130490121204
0,0,0.31551332100706136
0,0,0.39255452773272453
0,1,0.6166290693470882
0,0,0.3175729951143567
1,1,0.9967946909859874
0,0,0.054378205295535664
0,0,0.0725781677831833
0,0,0.008003543104607687
0,0,0.3532099080171818
0,0,0.0020480295049670515
0,1,0.5345165905886174
1,1,0.8155636771709018
0,0,0.011090610259009412
1,1,0.6958469001216211
0,1,0.5243861054838297
1,1,0.9962144379754436
1,1,0.9153069697265348
1,1,0.9793925131866387
0,0,0.14368434482724599
0,0,0.0035058458924030252
1,1,0.765713574656973
0,0,0.04949195300099735
0,0,0.03625814383385729
0,0,0.006910077069506411
0,0,0.005831535585072987
0,0,0.0013318427861726285
0,0,0.006589275116339978
1,1,0.9459885381797407
0,0,0.025297541974548185
0,0,0.44722893159588567
1,1,0.9827762231851692
1,1,0.7037149543756631
1,1,0.9962386446820471
0,0,0.0051170136290430756
0,0,0.00925889042747901
0,0,0.01139004991797635
1,0,0.01688868792775772
1,1,0.9911185318275374
1,1,0.6962780293614195
1,1,0.9951677277348312
1,1,0.9187649125487967
0,0,0.010859137360741426
0,1,0.9802850659751642
1,1,0.8522430281893736
0,1,0.9627414427628546
0,0,0.0071550122380207885
1,1,0.8510115636333068
1,1,0.9807094883084213
1,1,0.8321289882427217
1,1,0.9452884139626161
1,1,0.9042803042256857
0,1,0.8595889792437257
0,0,0.0014291082985912254
0,1,0.6188155412496645
1,1,0.9783036894523272
0,0,0.019796771860323307
1,1,0.8569161800432352
0,0,0.04708332196968796
1,1,0.9820291739293263
0,0,0.02168272446722687
0,0,0.0032696987990512116
0,0,0.0012243636085826723
1,1,0.9943023041473277
0,0,0.045246528479960274
0,0,0.007760926050083507
1,1,0.7431324966313386
1,1,0.9774235061304243
1,1,0.9811117194386653
0,0,0.02485038207381829
1,1,0.7626496228526943
1,1,0.9894921559431329
0,1,0.9124419671255468
1,1,0.9917013121712532
0,0,0.0731872180041433
1,0,0.13663536647187915
0,0,0.040352086019050076
0,0,0.4340229307719446
0,0,0.09539652938156262
1,1,0.8197788734940995
1,1,0.9899970238223565
1,1,0.8303469677448447
1,0,0.04317557939948022
1,1,0.885344427416083
0,1,0.8861344683791734
0,0,0.03042158353030739
1,1,0.9935608076494991
1,1,0.9043047132420715
1,1,0.8725800866491009
0,0,0.0029131430959852163
0,0,0.03574540850369397
1,1,0.534936370951926
1,1,0.939124517679852
0,1,0.9710270061520813
0,0,0.03296741745382956
0,0,0.0022698708727586555
0,1,0.8836990374091022
1,1,0.7792982888008634
1,1,0.9822452917140239
0,0,0.011679816519136837
0,0,0.3178988729959984
1,1,0.9115539497316754
1,1,0.9110891396177375
1,1,0.9962336377884116
1,0,0.3896686422136058
0,1,0.8896879800774663
0,0,0.3719073074296702
1,1,0.8852398953418584
1,1,0.8697112662335332
1,1,0.9852858707874146
0,0,0.04805043431732612
0,1,0.719244532779404
0,0,0.10391972502007396
1,0,0.23665620336176657
0,0,0.3223710993897229
0,0,0.12434747677472971
1,1,0.97567441801045
1,0,0.09114657059310138
1,0,0.19141590325899266
1,1,0.9929495889211495
0,1,0.6820997562680473
0,1,0.6702170576976103
0,0,0.22224425544917392
0,0,0.008608103915513067
1,0,0.3021288261154026
0,1,0.8499792773472793
0,0,0.00568357008953296
1,1,0.9726564966399968
0,0,0.006957152014019516
1,1,0.9873196804751838
0,1,0.8165428675740539
0,0,0.010389516020189038
0,1,0.7969074778904881
1,1,0.9965383602637534
0,0,0.0035970302208241265
0,0,0.048993825995951874
1,1,0.763794470001948
1,1,0.8753706311250881
1,1,0.9821681876475772
1,0,0.017921942676302826
1,0,0.43093782432851996
1,1,0.9606122697444271
0,0,0.0071376877832007605
1,1,0.9724702383178886
1,1,0.7820286822417848
0,0,0.18711869392771233
1,1,0.9941774726516559
0,1,0.941141862091277
0,1,0.662003192290716
0,0,0.38272298163293383
1,1,0.8858718973410082
1,1,0.9892609091292263
1,1,0.9901246207178177
0,0,0.21911639235840186
1,1,0.7289584138095823
0,0,0.012106235023563953
1,1,0.7234730379329075
0,0,0.0029742703498268843
0,0,0.000983539670870904
0,1,0.9902693097838983
0,0,0.0020631767591026058
1,1,0.9451207748733033
0,0,0.051195457025563516
1,1,0.9864787415335008
1,1,0.9893755169264152
1,0,0.3533711318772359
0,0,0.0047192410820783735
0,0,0.177905420436918
1,1,0.7935373679153503
0,0,0.18018155510290987
1,1,0.9125937759639385
1,1,0.9837635978930042
0,0,0.045887930836732975
0,0,0.005605192095376842
1,1,0.7159730859435164
1,0,0.14266974273407615
1,1,0.9475551407367442
1,1,0.9971874612921163
0,0,0.29474067328000547
1,1,0.5607637687226573
0,0,0.4446401511102344
0,1,0.5222408075802267
0,0,0.24985625689047397
0,0,0.08616329149419305
1,0,0.27109769518195903
1,1,0.9931338325719281
0,0,0.0017230514627980026
1,1,0.9325688089515914
1,1,0.9978281989077189
0,1,0.7002577378884685
0,0,0.07881680851627207
1,1,0.9783682965197826
1,1,0.7856663730730642
1,1,0.962949887807055
1,1,0.9777271894817815
1,1,0.9866720307749828
0,0,0.19747762809741068
0,0,0.0704591136004473
1,1,0.9583020419172117
1,1,0.9933775319692743
1,1,0.900771712311411
1,0,0.007852709685487718
0,0,0.01279621100724666
0,1,0.8884489279821578
1,1,0.5955587698552166
1,1,0.8116224390701009
1,1,0.9975236875982102
1,1,0.9675815764987946
1,0,0.17200411871727433
1,0,0.025329106552418233
1,1,0.9962765404314069
0,0,0.0019206333573433744
1,1,0.9232374824595805
0,0,0.25048871479322776
1,1,0.966891054600605
0,1,0.9631184384124487
1,1,0.9225571392647641
0,0,0.005401716462302301
1,1,0.9428982737748529
0,0,0.018162262413611175
0,1,0.6812575526773363
1,1,0.9919774548734197
0,0,0.010589639332950186
0,1,0.606311031906556
1,1,0.9930995845662207
1,1,0.9962217226644159
1,1,0.9164604354256499
1,1,0.9703034291986199
1,1,0.9251011190455652
0,0,0.004742620256731949
0,0,0.03642111740023779
0,1,0.9696432728372477
0,1,0.9372601668720338
1,1,0.9938164418743684
0,1,0.5831400943432318
1,1,0.9616118272207795
1,1,0.9303541020762277
0,0,0.014901780846659874
1,0,0.21154078779388139
0,0,0.0018052972454620498
0,1,0.833693228226552
0,0,0.009517214877935016
1,1,0.9651601605563872
0,0,0.1916549504115346
1,1,0.9084168820505836
0,0,0.0047799688160922735
0,0,0.0308035274376203
1,1,0.9607192921310891
0,0,0.005667720761035582
1,0,0.11791169769554684
0,0,0.009079019074700047
0,0,0.16049204875552595
0,0,0.28419543996971663
1,1,0.9863042766396433
0,1,0.9383646350979036
0,1,0.6114958245501999
1,1,0.9839462287092611
0,1,0.6989792863640145
0,1,0.9609499402458509
1,1,0.9286344893328001
0,0,0.05821865846442597
0,0,0.024238489990362978
0,0,0.0012170536996182857
0,0,0.005669508420420536
1,1,0.9380147903045651
1,0,0.37712123582562285
1,1,0.6845787687240269
1,0,0.19514160014867765
1,1,0.917655249734877
0,1,0.5327697383447598
0,0,0.017752834011636028
0,0,0.013404937267117853
1,1,0.7890590845727558
0,0,0.03040867401824133
1,1,0.9926819268827971
0,0,0.009893092446909548
1,1,0.9878456808481196
0,0,0.048762347777415734
0,0,0.00857534932372491
1,1,0.9922954054484514
0,0,0.01853459682479186
1,1,0.9906626498220291
1,1,0.5095339458607965
0,0,0.025554310013889373
0,1,0.5103803501324586
0,0,0.0033600482201266994
1,1,0.8184176309589793
1,1,0.8998343158297369
1,1,0.87104779310571
1,1,0.9315893123884743
1,0,0.45119067719924094
0,0,0.0022724490481235756
0,0,0.14878506355360932
0,0,0.0018926241458554825
0,0,0.002598633158918222
1,1,0.9964046769630507
1,1,0.9306524840137429
0,0,0.004996550051564925
0,0,0.015446774334697386
1,0,0.1096715480807089
1,1,0.9063003744846571
0,0,0.33119898369737827
0,0,0.17828187322603928
1,1,0.7786648368310302
0,1,0.6633961839752256
0,0,0.2986523479621707
1,1,0.940685763758351
0,1,0.9113527255242031
0,0,0.14807650058013752
1,1,0.992528549146222
0,0,0.012860156927039875
0,0,0.08566796388554808
1,1,0.9895925238166395
0,0,0.0049719883844468
0,0,0.4530566281885084
1,1,0.9010315719997688
1,0,0.29604228675866745
1,1,0.7818404260697484
0,0,0.005266558799916211
1,1,0.9770006278375013
1,1,0.727137930202354
1,0,0.01319126168084492
0,0,0.023468735869175254
1,1,0.9042915517739248
0,0,0.04949618339159717
1,1,0.9940609005534896
0,0,0.00934956533406666
1,1,0.8348372115180785
1,1,0.6003177447706018
1,1,0.9744983361340397
1,1,0.7321214492900481
0,0,0.01423625607086823
1,0,0.00943517223769851
0,0,0.0010017174686747744
1,0,0.45469352474702474
1,0,0.129140210180674
1,1,0.6620204288000239
0,0,0.23807719255678247
1,0,0.46345063897592115
0,0,0.18506549635024883
1,1,0.9699832103124607
0,0,0.011034819989249349
0,0,0.04823527357613169
1,1,0.982237033191805
1,1,0.9732240626558594
0,0,0.1464321266532958
0,1,0.8827351184884389
0,0,0.02167032022292895
1,1,0.6729171155947412
0,0,0.26291240853250625
1,1,0.8435391669746265
0,0,0.016274990305740884
0,0,0.49352028597729203
0,0,0.0059035768942356705
1,1,0.9837477112123126
0,0,0.1057715216171927
1,1,0.9916474166501296
0,0,0.0018951651559140617
0,0,0.2690085158792604
1,1,0.9600079806549856
1,1,0.5426627052902951
0,0,0.09905251778367301
1,1,0.9856079714449896
1,0,0.1425038933542103
0,0,0.14060347254056405
0,0,0.013115133436992193
1,1,0.7646831571383709
0,0,0.011299116518595812
0,0,0.00479156276796646
0,0,0.002714740883341154
1,1,0.9507575711816539
0,0,0.020656861928890487
1,1,0.9923552522275721
1,1,0.9923928597999301
1,1,0.9181058464940678
1,1,0.7140773921631168
1,1,0.9732005237569115
0,1,0.548132890363895
0,1,0.8719944892135351
0,0,0.007449435610408979
0,0,0.15006288654870178
0,0,0.08349908138765434
1,1,0.9961741761719374
1,1,0.7751631181165539
1,1,0.9121852189266284
1,1,0.8111344872949661
1,1,0.525600083571611
1,1,0.9990081247835169
1,1,0.9938886585915058
0,0,0.30261407559994496
0,0,0.002623528283122767
1,1,0.9828567580223677
1,1,0.9909937755367806
1,1,0.7153791636204018
1,0,0.48824438753466326
0,0,0.025561871728184454
0,0,0.09546020070590845
0,0,0.0643547116799961
0,0,0.48892476898109694
1,1,0.7659954562472125
1,1,0.9746276658319191
0,0,0.006537961469821205
1,0,0.04480006068874319
1,1,0.925729591400163
1,1,0.99515468327689
0,1,0.894614250739553
1,1,0.952703079148363
1,1,0.8574357067683916
1,1,0.9147400541934974
0,0,0.14218910272894156
1,1,0.9962751053113101
1,1,0.8694828616505152
0,0,0.0133888734382474
0,0,0.0081885560342091
0,0,0.0894785905542866
0,1,0.6917963543633091
0,0,0.0040555136971520455
1,1,0.9011597507067872
1,1,0.9001390322801017
1,1,0.9535547816737081
1,1,0.7444759095174684
1,0,0.4229076494017525
0,0,0.005000151697073582
0,0,0.265655682191824
1,1,0.9958397218604634
0,0,0.003677956113126294
1,1,0.8001609198606457
1,1,0.9912947438017785
0,0,0.19865327296139135
0,0,0.12008118011911706
1,1,0.9947194844676917
0,0,0.4832398420044642
1,1,0.9465325298514393
0,0,0.004315394086684761
0,1,0.7987263905908171
0,1,0.9465614481047896
0,0,0.01426325921254594
1,1,0.6550149477968679
0,0,0.17075908793423392
1,1,0.9593926646809904
1,0,0.2933502802091554
1,1,0.9262081381667189
1,0,0.4949410916840489
0,0,0.07076823806382034
0,0,0.2739021125946823
1,1,0.9845122351054095
0,1,0.8155550525981785
0,0,0.0067605899224971
1,1,0.9422226855493223
1,1,0.9378762052963233
0,0,0.34745465282563165
0,0,0.038713640162211904
1,1,0.9937642607993459
0,0,0.07136259356417203
1,0,0.18680498864263487
1,1,0.8723456595918501
1,1,0.9514004475347152
0,0,0.006283232005155959
0,0,0.006676738167332149
0,0,0.01942880069681945
1,1,0.9939082865958782
1,1,0.9168638142151712
1,1,0.7404354796786079
0,0,0.002826490138634614
1,1,0.9886740885854265
0,0,0.05872589315600973
1,1,0.9253155221754963
0,0,0.002560995338724769
1,1,0.8571077493725929
1,1,0.9073403316547997
0,0,0.004649476256235565
0,1,0.7439385476321184
1,1,0.6985272688669877
0,0,0.018157026743405764
1,1,0.9013811705419403
1,1,0.985260071210337
0,0,0.04220657584853553
0,0,0.028872740561544357
1,1,0.9797978867146526
1,0,0.37530589098497075
0,0,0.008011343793050678
0,0,0.004050643361780336
1,1,0.8236614656341762
0,0,0.11797569975605138
0,0,0.03502031461470845
0,1,0.9824416158141245
1,0,0.09874994652160236
0,1,0.8158838458267901
0,0,0.3804238875682579
0,1,0.9783249926810128
0,1,0.9228622286169369
0,0,0.1294976630808423
1,1,0.9668093570211049
0,0,0.012083583898227751
1,1,0.8642169308433961
1,0,0.15060163313670313
1,1,0.9844118048012183
0,0,0.04222171073682846
1,1,0.990395134965072
0,0,0.0018265289869754658
0,0,0.012163657076790168
0,0,0.021457789654864445
1,1,0.9726031388946008
0,0,0.0038902739798062514
1,1,0.9454360405854264
1,1,0.7532280418680743
1,1,0.9217298122525004
1,1,0.995084593244978
1,1,0.9283778415788729
1,1,0.919580687026078
1,1,0.9851948259176353
1,1,0.9371269195570507
0,0,0.006233780797038762
1,1,0.9897210723116336
1,1,0.9956217513345148
0,0,0.06558736990893906
1,1,0.9917458629665962
1,1,0.9618404926200951
1,1,0.5187269089612024
0,0,0.06576488440514579
0,0,0.005326525018957565
1,1,0.9907959759145464
0,0,0.03178495418666983
1,1,0.9610196381236908
1,0,0.363340180275601
0,0,0.010901905500573253
1,1,0.9663245495567091
0,1,0.5763192569705834
1,1,0.9465889879221778
1,1,0.9973488044077007
0,0,0.18133005661411852
1,1,0.7661197735957467
0,0,0.1708390127940118
0,0,0.03778828426651363
1,0,0.17637771581939418
0,0,0.08674808484954957
0,0,0.030817042368190235
1,1,0.7690137923810746
1,1,0.5161011531629569
0,0,0.008091868827285405
1,1,0.9941142472125565
1,1,0.9387222960554614
1,1,0.9958050694451139
0,1,0.9398567395557329
0,0,0.05859946893300443
0,0,0.002651802713567788
0,0,0.11181609397838588
0,0,0.21349851504731848
0,1,0.7346625825491914
0,0,0.0515029528937217
1,1,0.9783262173898112
0,0,0.14437114230593845
1,0,0.02466393584796408
0,1,0.6611552399612437
0,0,0.002476218828421441
0,0,0.014206574860432735
0,0,0.005379707810499053
0,1,0.5886135122625814
1,1,0.6865938515952618
0,0,0.100231602124803
1,1,0.8009421962875569
1,1,0.9438739951910438
1,1,0.8170812306811858
0,0,0.015636640809346652
0,0,0.1220989074268331
1,1,0.9811442894294332
0,0,0.23683810622467638
0,0,0.18774285261598472
1,1,0.7809533845350776
1,1,0.9936290454332106
1,1,0.9814766257066172
0,1,0.5869407604303902
0,0,0.0015292070352617478
0,1,0.959935499689386
0,0,0.008848877002789395
1,1,0.7141542787945235
0,0,0.14578362646788015
1,1,0.8852697502634638
0,0,0.4390217578412822
0,1,0.5737939970038706
0,0,0.0030783416746223645
1,1,0.5727760985071396
0,0,0.03602192793124649
0,0,0.004355710886436158
0,0,0.001992269083027629
0,0,0.005018126395530233
0,0,0.014921390427936965
0,0,0.04246044929690581
0,1,0.9444428823837748
0,0,0.05364785208977761
0,1,0.9177686838183805
1,1,0.9861891639571976
0,0,0.0053789047887580115
1,1,0.7443921566330238
0,0,0.030685103297709616
0,1,0.9424550422853921
1,1,0.7335125478361011
1,0,0.034446211771289315
0,0,0.0018507534332664272
1,1,0.8851221147499936
1,1,0.8921940479272105
1,0,0.07318156557229992
0,0,0.0032638857351182157
1,1,0.9696105746511802
1,0,0.1781982639860675
0,0,0.05097266571423401
0,0,0.0026693912977281305
0,0,0.025360508686583388
1,1,0.7087846361762233
1,1,0.9433840030726773
1,1,0.8933847527402453
0,0,0.02340274854417802
0,0,0.3628183845660422
1,1,0.825979766636503
0,0,0.06146772456067565
1,1,0.993200667195074
1,1,0.98879769727912
0,0,0.0036072209778317166
0,1,0.6617990164101051
0,1,0.8803751250279169
1,1,0.9567868389548031
0,0,0.0287355878715371
1,1,0.9970467351644217
1,1,0.9668369094699855
0,1,0.663310308489124
1,0,0.2008089238605405
0,0,0.01170923658539843
0,0,0.003012612845445144
0,0,0.004999513950842369
0,0,0.005384304359649187
1,1,0.7857084801841506
0,0,0.0044555953145613445
0,0,0.046063387908539685
1,1,0.9824326677287873
1,1,0.9860469328154587
0,0,0.016025030545457706
0,0,0.001621005902306363
0,0,0.015514519450067937
0,0,0.004445252122740346
1,1,0.8720646876380882
1,0,0.10923158917415614
0,0,0.0632568825108655
0,0,0.00790330904376788
0,1,0.8713511300564237
1,1,0.8042289558663114
0,1,0.874678206403198
0,0,0.04824983668811226
1,1,0.9890585641137568
1,1,0.8223625408113874
1,1,0.9391326850599302
0,1,0.6251267886907794
1,1,0.982067457869604
1,0,0.03776174074891405
0,0,0.060996627289098035
0,1,0.9352370494117839
1,1,0.7508251005862929
1,0,0.14784789825448788
0,0,0.3609211440940489
1,1,0.9515065018925428
0,0,0.04529294254570077
1,1,0.6818214302243264
0,0,0.003876879981717398
0,0,0.15315359337278894
1,1,0.8685728822598082
1,0,0.18937863937466998
1,1,0.9934461743686723
0,1,0.5664666518464603
0,0,0.007373855703459496
0,0,0.0864708935841635
0,0,0.06693361711366541
0,0,0.0053179952972276685
1,1,0.9877426702900484
0,0,0.13448549139529264
1,1,0.8855501493619307
1,1,0.5298210486130667
0,0,0.002835839162333664
1,1,0.8776197327147511
0,1,0.9058646129154497
1,1,0.9883310294473515
1,1,0.617724468560109
1,1,0.8760637494067918
1,1,0.5011399786978125
0,0,0.00346428818951385
0,0,0.08076885099873357
1,0,0.16898794768248945
0,0,0.3567697720292886
0,0,0.00266046506161812
1,1,0.9444853290633133
1,0,0.25472601234758613
0,0,0.33110410075585933
1,1,0.9954505197774828
1,1,0.9476585426981358
0,1,0.9111349601846893
0,0,0.03399884641314114
1,1,0.9958445906432232
0,1,0.5678214691794823
0,0,0.03291982586911811
1,1,0.9641992189359183
1,1,0.7612167084391128
0,0,0.002823048958443198
1,1,0.9833835100367592
1,1,0.7303669082086648
1,1,0.9858775718035736
0,0,0.03422873509321512
1,1,0.9501182799954064
0,0,0.03632710069144568
1,1,0.7154022767839514
0,1,0.5437595853267299
1,1,0.9440019509989955
0,1,0.7337832374498543
0,0,0.039900607578493376
1,1,0.9734281040975616
1,1,0.9279383702812823
0,0,0.04751117598756004
0,0,0.17532359382418186
0,0,0.2595631614903224
1,1,0.9960985888199932
0,0,0.0012491332110321806
1,1,0.955633359796001
1,1,0.9855571334574276
0,1,0.6187983947125535
1,1,0.9904487333617369
1,1,0.9898714175957078
1,1,0.8049160159435231
0,1,0.8615547971469681
1,1,0.9975848328592186
0,0,0.05997737862329628
1,1,0.8819306708672908
1,1,0.9887673934374603
0,0,0.004684634360582633
0,1,0.809946442431346
0,0,0.007389963669156459
1,1,0.9549363827217915
1,1,0.995973324721503
1,1,0.859145451264434
0,0,0.004639222971005673
1,1,0.8547747135005468
0,1,0.9929754440851185
1,1,0.8995244462623166
1,0,0.18184106878754244
0,0,0.003672616457315985
1,1,0.9576334167961198
0,0,0.0026209253693565823
1,0,0.4449241431472761
1,1,0.9986115211912819
1,1,0.9940460950085388
1,1,0.9769291543307845
0,1,0.8008636864906348
0,0,0.11158650801494767
1,1,0.9870664157524386
0,0,0.003325274037332533
0,0,0.2346585899086783
1,1,0.974409387544815
1,1,0.9658631244110154
1,1,0.7604952901464975
1,1,0.9979612414167225
0,0,0.007898056469343986
1,1,0.5326797547293703
1,1,0.9128845394197489
1,0,0.02015430908600915
1,1,0.5804083415610772
0,1,0.9237680550027247
1,1,0.9932167523214788
1,1,0.9961888754941516
1,1,0.9936758502790191
0,1,0.565976805378035
0,1,0.82308377824814
0,0,0.10357296312355466
0,0,0.08471485387604241
1,1,0.9529890445798813
1,1,0.9855997216440946
1,1,0.9585028793836357
0,0,0.16598601925539352
0,0,0.0027159442416819575
1,1,0.9868224777764206
0,0,0.008880367502861313
0,0,0.049269687656309194
0,0,0.005651968698388429
1,1,0.9360996433170351
1,1,0.8370150239130821
1,1,0.947131623078124
0,0,0.006274632269585717
1,0,0.09290269287273593
0,0,0.23661144660617248
0,0,0.0031115046392982296
0,0,0.002194918611946593
1,0,0.16320731021194043
1,1,0.9763679307398712
1,1,0.9873552479394322
0,0,0.07769114872394978
1,1,0.9894728642894459
0,1,0.9572420209533599
1,1,0.9949700118243143
0,0,0.07726023329079063
0,0,0.012931502319992147
0,0,0.33567287519797073
1,1,0.9843704741089703
1,1,0.833821985348918
0,0,0.22146251973373018
1,1,0.9320965189696667
1,1,0.8031524138366322
1,1,0.7616713795893524
0,1,0.5479168538590975
1,1,0.9423486295920889
1,1,0.9988347274739627
0,0,0.12610853772558964
0,1,0.6671168614296373
1,1,0.8108323360042616
0,1,0.6017644825195886
0,0,0.004774331073678206
1,0,0.39518579993647507
1,0,0.19468234891969716
0,0,0.006905001555789891
1,1,0.9589159940733475
1,1,0.7535049972763742
0,0,0.011907515498855785
1,1,0.9514209174223613
1,1,0.7376565601018397
0,0,0.012594497117575707
1,1,0.5922163532683626
0,1,0.7264920745053031
0,0,0.07307986396774299
0,0,0.433800655079843
0,1,0.884373799456714
0,0,0.29793201224020566
1,1,0.9455209481000361
0,0,0.004001536209341464
0,0,0.029973820404552126
1,0,0.1679689596767707
0,0,0.06845053712748735
1,1,0.9871437252275809
1,0,0.124635301496276
1,1,0.6221385687632609
0,0,0.11496231583051247
1,1,0.900605079360137
1,1,0.8811282919608927
0,1,0.7053146949929616
1,1,0.7822844411369216
0,1,0.8735900054901629
1,1,0.9235598000528902
0,1,0.9000811574997072
0,0,0.09711594116046302
1,1,0.9646001241770982
1,1,0.6911978654362242
0,0,0.09153164677363546
0,0,0.1958651044609833
1,1,0.9927690934183989
1,1,0.992488474697512
1,1,0.8973907307326117
0,0,0.004501795689983106
1,0,0.21737928016409713
0,0,0.0030359872464445167
0,1,0.9523906838544333
0,0,0.2559837430351162
1,1,0.9837056810101711
0,0,0.3192269831197315
1,1,0.9061838423653772
0,0,0.013862539600691722
0,0,0.0022627706344003572
0,1,0.9014646413322657
0,0,0.013378297388403891
0,1,0.797010078537749
1,1,0.67999009026718
1,1,0.9226792597609558
1,1,0.9947712559525608
0,1,0.8906270351331413
0,0,0.013141449681112962
1,1,0.9252073430468728
1,1,0.5215766804568757
1,1,0.5346916283629851
0,1,0.5762549939790448
1,1,0.9612632455000026
0,0,0.026207917046504603
1,1,0.5524251239847032
0,1,0.8824385408191577
0,1,0.7262783474282936
0,0,0.001786508491590587
1,0,0.43047464325572116
0,0,0.04961824515038789
1,1,0.9163792052384749
1,1,0.6796708430380604
0,1,0.9549619031270977
1,1,0.9266502120746751
0,1,0.9566948768137474
0,1,0.7623353235982674
0,0,0.4542984015493472
0,0,0.006211666332804973
0,0,0.32332421828877816
0,1,0.9915996966186438
1,1,0.9539372793147061
1,0,0.10833851101208
0,0,0.005718326715181074
1,1,0.8149868316620638
1,0,0.10662597059996118
0,1,0.8266323466708269
1,0,0.38452223004387825
1,1,0.9986689774724304
0,0,0.03394405596927313
0,0,0.029131346192673702
0,0,0.03799192743566797
1,0,0.41660854183645646
0,0,0.011097762820411933
1,0,0.11057370735708096
0,1,0.91749743519722
0,0,0.05216271071431181
0,1,0.6164624983067202
1,1,0.9780520871967819
1,1,0.9698051014302105
0,0,0.05357939188560279
0,0,0.002396969169865291
0,1,0.5485826436049965
1,1,0.9854135747839863
0,0,0.008194053499453508
0,0,0.4498933289632877
1,1,0.8591170358390839
0,0,0.0021581238642451954
1,0,0.020619274059910965
0,1,0.9626847371677327
0,0,0.0184968534246747
1,1,0.9570883548302936
1,1,0.9524090690532404
1,1,0.9948124213101721
0,0,0.019106748130492582
0,1,0.5753508785056988
1,1,0.7556610206013565
1,1,0.5615003622988288
0,1,0.8220410259457227
1,1,0.9442433924772426
0,0,0.15663828447446543
1,1,0.9949224301784803
1,1,0.9944577423334036
1,1,0.9202110727956421
0,0,0.06832541862794853
0,0,0.12197286857897789
1,1,0.52330386745025
0,0,0.005982779996449755
0,0,0.19944956976690512
0,0,0.0025569029470136066
1,1,0.889268657103509
1,1,0.9744962335113921
0,0,0.09960597688341043
0,0,0.022742673205901006
1,1,0.9936880085564415
1,1,0.9461411628576282
0,0,0.0031382530586544885
0,0,0.2022195719201314
1,1,0.9898814322087399
0,0,0.16035110525880625
0,1,0.9474474010195092
1,1,0.9869878938882807
1,1,0.9187135841271044
0,0,0.04936085246525567
1,1,0.9683388089525906
1,1,0.9294399598940333
1,1,0.8849340548981142
0,0,0.0014227699549301009
1,1,0.9785660766898162
1,1,0.996981057339313
1,1,0.9463212257733264
1,0,0.13730833167915024
1,1,0.9838174872607093
1,1,0.994965272759627
0,0,0.016435550456388063
1,1,0.9768065050459139
0,0,0.00648970305100304
0,1,0.7445128113508597
0,0,0.003830206655267535
1,1,0.9949961212926739
1,0,0.017051641718875618
1,1,0.9868148562605705
1,1,0.9893650305029306
0,0,0.1013664066396677
1,1,0.919087076541463
0,0,0.005105096593011643
1,1,0.9939804691080373
0,0,0.0947500878138112
0,0,0.3284444460290002
0,1,0.5278409176362441
1,1,0.8095044445937332
1,1,0.9909590971224307
1,1,0.9538016198510514
1,0,0.31051493230792315
0,0,0.023634670916108977
1,1,0.7241849120626647
0,0,0.07403912841397216
1,1,0.9129737187317326
0,0,0.004390787775926037
0,0,0.014320021483249682
0,1,0.5974688503852462
1,1,0.9949509118618444
1,1,0.968993006036083
1,1,0.9904153658222374
1,1,0.9852051395518062
0,0,0.0072005777238041205
1,1,0.9009562929025977
0,0,0.14697298179999138
0,0,0.032944956928653166
1,1,0.9451366725416535
1,1,0.8895792745301107
0,0,0.10844878848391844
0,0,0.11100734931335272
0,1,0.6545420550076744
0,0,0.010297780834496882
1,1,0.9435182520219706
1,0,0.1728913585889818
1,1,0.9487285661927688
0,0,0.027785216864452553
0,1,0.88066266864406
0,0,0.002146509710713528
1,1,0.9309305393434868
1,1,0.8900784533956575
0,1,0.5125744013624645
1,1,0.8635933610371462
1,1,0.8739409195059671
0,1,0.8756741480656864
1,1,0.9913992059301627
1,1,0.9730798910132504
0,0,0.31246376425296235
0,0,0.004678532926029001
0,1,0.9509995674236537
0,1,0.9568140571085237
0,0,0.16310485932657628
0,0,0.05459728183829247
0,0,0.025877291146923165
0,0,0.01112390397820892
1,1,0.972299086242037
1,1,0.5687597902504568
1,1,0.9975051843321575
1,1,0.9276886940440702
1,1,0.6524840982807104
1,1,0.7671793227630312
0,1,0.5090676213533458
0,0,0.4708872668535843
1,1,0.9979594707762385
0,0,0.1902330472138582
0,0,0.20263788865467466
1,1,0.9898332165365512
1,1,0.9479883492727481
1,1,0.9779375836277328
0,0,0.009717377271405661
0,0,0.1280931490036633
0,0,0.004431367632808019
1,1,0.8565299065075122
1,1,0.8747600040681864
1,1,0.9529047618493836
0,1,0.8850304508199949
1,1,0.9977564881963891
0,0,0.32396383113335
0,0,0.41045135328163906
0,0,0.03509510778747414
0,0,0.002383572697753507
0,1,0.8475979762307656
0,0,0.0009370018982071195
0,0,0.010747439183218247
1,1,0.5041143005836038
1,0,0.35751789847014226
1,1,0.9882929296212146
1,1,0.9686567843812921
1,1,0.975266153808983
1,1,0.9720819374765324
0,0,0.06674298523907111
1,1,0.9794418712928564
0,0,0.0022756884011850814
0,1,0.7504908804630517
0,0,0.003421473382313718
0,0,0.008746401906256215
0,0,0.19235089385854143
0,0,0.010911998062442026
1,1,0.9965881056126542
0,0,0.028168561025213767
1,1,0.9871583688560345
0,0,0.0036202633402951582
0,1,0.5899152955702788
0,0,0.021445939634149997
0,0,0.06916594509181535
1,1,0.8336796976676102
1,1,0.830571464788022
1,1,0.9438743676930063
0,0,0.009679242969922178
