label,pred,prob
1,1,0.8686103646154016
1,0,0.012894416298775926
1,1,0.9339459966446485
1,1,0.9374433344911983
0,0,0.08308913335435204
1,0,0.2678692949011512
0,0,0.008410214601341224
0,0,0.0966856863785227
1,1,0.9980195161663067
1,1,0.9416130710371854
1,0,0.4357268472709986
0,0,0.023868038383880925
1,1,0.6544707108606438
0,0,0.010509006714174818
1,1,0.8843186122824077
0,1,0.7447503485196961
1,1,0.9810937695869103
1,0,0.32199126337133616
1,1,0.9450856226486052
1,1,0.9413414359930492
0,0,0.3875935493705174
1,1,0.8594481078884955
0,0,0.004932824758181432
1,0,0.28302949330046984
0,0,0.07817687117422072
1,0,0.3212446109903297
0,0,0.242170770812555
1,1,0.6301887323831618
1,0,0.29458664505834614
0,1,0.6978488433517706
0,1,0.7554534217567092
0,0,0.09994740742127539
1,1,0.8694285710210758
1,1,0.9965039342062189
0,1,0.5734520966601836
1,1,0.9322940373852987
1,1,0.9931714217063895
0,0,0.09842166847792932
0,1,0.5467856552999902
0,0,0.09616936348706767
0,0,0.01362411698481084
1,1,0.9348091322553579
0,0,0.0036240539918226803
0,0,0.02905284708099191
1,0,0.45466164979576723
0,1,0.8909644473576748
1,1,0.96319065482432
1,0,0.4870759383422509
0,0,0.054377419109697095
1,1,0.5714028151696682
1,1,0.7088870135688993
1,1,0.9764263668648144
0,0,0.009309619729010558
0,0,0.008980389583565486
0,0,0.020367953786774886
0,0,0.0035306767901948414
1,1,0.9305746517731311
0,0,0.0064615641798420895
0,0,0.35390088500442296
0,0,0.07789267096211785
0,0,0.12486715328521258
0,0,0.19263338664911137
0,0,0.053422579367848215
1,1,0.9772134503477932
1,1,0.986543370909995
0,0,0.007540785727040251
0,0,0.07353077003608081
0,0,0.022084446065339478
1,1,0.9189987992819151
0,0,0.034547060672755654
1,1,0.9867536900991954
1,1,0.9763495416326055
1,1,0.8395635181712406
0,0,0.18746837758794688
0,1,0.6178690115971631
1,1,0.7865379034006031
0,0,0.055709153959202506
1,1,0.9518966238093833
0,0,0.14213319742509886
0,0,0.06644037107286706
0,1,0.9553219435257153
1,1,0.7888422885736386
0,1,0.9625346963302454
0,0,0.005679817382863036
1,1,0.9738298797127197
1,1,0.7430658449552591
0,0,0.11674992608824324
0,0,0.004637235000078196
1,1,0.989947186829332
0,0,0.08182870111879921
0,1,0.841021417669319
1,1,0.6511702148984257
0,1,0.9379862766848763
0,0,0.03317048824625322
1,1,0.9921968335922049
0,0,0.05133937079155393
1,1,0.9911491698902943
1,0,0.28595315707982216
0,0,0.08672759076638485
0,0,0.1780607172141
1,1,0.9968575604680341
0,0,0.005488600759667703
1,1,0.8976622674093123
1,1,0.9934085179371142
1,1,0.9419507622510607
1,1,0.7981575185663546
1,1,0.658949050443996
0,0,0.013235434928450198
0,1,0.5455831648254711
1,1,0.8194650934948129
0,0,0.42350733464555185
0,0,0.12573545793829385
0,0,0.36108592694744174
1,1,0.9170480910445656
0,0,0.0030467387793273264
0,0,0.019061598965168108
1,1,0.9869318969851036
0,0,0.40220459190912045
1,0,0.18266490384796105
1,1,0.9578828563518388
1,1,0.9318848208462628
1,0,0.3081454902783082
1,1,0.9071783527895222
0,0,0.0028330140158157537
0,0,0.20469803079008445
0,0,0.015063094669878012
0,0,0.05285323106317664
1,1,0.9451193269569592
1,1,0.9801876600444454
0,0,0.009391786607210843
1,1,0.9746220324634253
0,1,0.5926821180461318
1,1,0.883418838438473
0,0,0.06696215848544827
0,1,0.5645152990312751
1,1,0.6899950288135788
0,1,0.9167469128234269
0,1,0.5173868507296939
0,0,0.01048875402591557
1,1,0.9965001570507953
1,0,0.25898315515349707
0,0,0.003487915481843226
1,1,0.8879967406114228
1,0,0.49244530437909795
0,1,0.9407566256257668
1,1,0.9949440687788549
0,0,0.02033541328719034
0,1,0.5413516061293303
1,1,0.5465784597070985
0,0,0.05983636031043252
1,1,0.841892737727882
1,1,0.9881240386988731
0,1,0.8922645696856932
0,0,0.06688378206686486
0,0,0.07708212228636645
1,1,0.9869712579799019
1,1,0.566952764251345
0,0,0.06505580181591093
0,0,0.06370927947123593
0,0,0.20344607298467254
1,0,0.35206996888241654
0,1,0.6212977692310698
0,1,0.8878208141546055
0,0,0.13113101538574032
0,0,0.10068935403476387
0,0,0.12510406488936798
1,1,0.9899627673307679
0,0,0.01505708114919569
1,0,0.3979630321849852
1,1,0.8572611898844945
1,1,0.5081729828319036
0,0,0.023509864414669113
0,1,0.9250046340536914
0,0,0.0026873455123721055
0,0,0.0109625811745788
0,0,0.26368557435862267
0,0,0.13918245076974406
0,0,0.002144379994760075
1,1,0.7634596943780826
1,1,0.9918914333378854
0,1,0.6179793636801931
1,1,0.924802729830084
1,1,0.9963484585729706
0,0,0.045517296368403036
0,0,0.004303730027365768
1,1,0.9981081681240668
1,1,0.709628019084096
1,1,0.9764067482080409
0,1,0.5094865438061887
0,0,0.016574453174939274
1,1,0.995734544605889
1,1,0.9967358205042552
1,1,0.9982306113740641
1,1,0.9926917873987003
0,0,0.0039698314273535215
0,1,0.519443831134592
0,0,0.38184451141692327
1,1,0.9232273872504736
0,1,0.5437890518662152
0,0,0.0383451757955999
0,0,0.0028158161147795336
1,1,0.9984102670640986
1,1,0.931720221769251
1,1,0.9863899121036077
1,1,0.9219327013661349
0,0,0.16503144113587806
1,1,0.9234788795625635
0,0,0.11454947948006483
0,1,0.7147212240512656
1,1,0.6164439291743691
0,0,0.040841584631034517
0,0,0.012913304133757885
0,0,0.0037237601962187977
1,1,0.9129555438410554
1,1,0.9831701185929275
1,1,0.7743219479089088
0,0,0.003698945979845665
1,1,0.956973967069109
0,1,0.6221187840202959
1,1,0.9366677789779093
1,1,0.9746851077460059
1,1,0.9840172635432726
1,1,0.8292230893243051
1,1,0.9541341068529244
1,1,0.9887569179906035
0,0,0.023369021105417834
0,0,0.010030585922615895
0,0,0.2702385439586171
0,0,0.07445287862451345
1,1,0.7423077506113279
1,1,0.9367331329992276
1,1,0.9977779755307421
1,1,0.873091172200978
0,0,0.45502519718196144
1,1,0.6524172881570806
0,0,0.005725893893582544
1,1,0.8475195889852355
0,0,0.00682686116681679
0,0,0.024446519708524447
1,1,0.9343082667337986
0,0,0.07678893610914099
0,0,0.012437691839042404
1,1,0.9649048092677889
0,1,0.8175444563213566
1,1,0.6334582983911826
1,0,0.11323267868455204
1,1,0.9961842905481162
0,0,0.07479907118287868
0,0,0.09051336806874173
0,1,0.7602598901004799
1,1,0.9962791224921524
1,1,0.9961231276081032
0,0,0.009095830939259832
1,1,0.838608232514677
1,1,0.7469574749799034
1,1,0.9896176721867479
0,1,0.7275043314643154
1,1,0.9328243852624212
0,1,0.8922861331033408
1,1,0.8869963890033729
1,1,0.9602356718664269
1,1,0.9756223983194832
0,0,0.05064180840190933
1,1,0.9913412856169267
0,1,0.5599061738871205
0,1,0.9683451917683619
0,0,0.02091163485255504
1,1,0.9936949112381144
1,1,0.9365188772331029
0,0,0.18671133573979284
1,1,0.9656565640641906
1,1,0.6079249589248173
0,0,0.0809861048125098
0,1,0.5116634578898567
1,1,0.9363718928390504
1,1,0.782324251350314
0,0,0.006143302115051545
0,0,0.0037973259680864554
1,1,0.9951801587362753
1,1,0.9968252137374867
0,0,0.31742037522154926
0,0,0.08579022396953662
0,0,0.1775863156198921
0,0,0.16083193786179434
0,0,0.013075684295306944
1,1,0.9978067873539258
0,0,0.10442342327370875
0,0,0.01449258038690105
0,0,0.0545182736502842
0,0,0.004591149238396771
1,1,0.9464019031220549
1,0,0.20846680279761454
0,0,0.003155719283212978
1,1,0.5823645889324794
1,1,0.9981251816079927
1,1,0.9929784395522286
0,0,0.004529466917980017
1,1,0.9934251344186918
1,1,0.9958128394085518
0,0,0.06063145138029824
1,1,0.9983063054864115
1,1,0.9374364007325723
0,0,0.4115733875510213
1,1,0.9942108671981122
1,1,0.9915771698796517
1,1,0.9172670299216881
0,0,0.007293052971784938
0,0,0.03671684719965126
1,1,0.9464891381310355
1,1,0.9971497780234148
1,0,0.2579926283723531
1,1,0.971784196752981
0,0,0.140027371901609
1,1,0.9147465458494928
1,1,0.9033273823939066
0,0,0.19553580304180854
0,0,0.07597515540718426
1,1,0.6820234012127665
0,1,0.5593242092136416
0,0,0.08496307719465794
1,1,0.9499822097939532
1,1,0.834952461284753
0,0,0.005826951645384601
0,1,0.7729839845055113
0,0,0.331823341638743
0,0,0.02336512678539077
1,1,0.9556595336273613
1,1,0.9942021638985787
1,1,0.9084825937844826
1,1,0.9417413473725956
1,1,0.9852540051783687
1,1,0.5128078380556303
0,0,0.07651927112513031
1,1,0.9288306564331045
1,1,0.9747113188463591
1,1,0.9018169366720961
0,1,0.9250162978331667
0,0,0.010586606680554283
1,1,0.9872825769413516
1,1,0.9833115588161491
0,0,0.46298942176773955
1,1,0.8776165427436101
1,0,0.4854396377427428
0,0,0.018745366625809102
0,1,0.9199809008938583
1,0,0.3081119162716307
0,0,0.3443259885139525
1,1,0.9943951761939599
1,1,0.8334778517972078
0,0,0.00482875436777607
0,1,0.5341517726497843
1,1,0.8061939967563205
0,0,0.002026889497439376
0,0,0.004013487669714824
1,1,0.9615750331737744
1,0,0.30505727922629444
1,1,0.5534188097521443
1,1,0.9073830120087409
0,0,0.00803410073841278
0,0,0.06745647416020388
0,0,0.0029286424419186553
0,1,0.9477253063907846
1,1,0.760553772181464
0,0,0.03577320350042592
0,1,0.6595609320846485
1,1,0.9821875748215527
0,0,0.27558448873921
0,0,0.014086818616584264
0,0,0.014732712440736378
1,1,0.8022425798209588
1,1,0.9962887396746325
0,0,0.0047706022717198095
0,0,0.0037786725123347305
0,0,0.03994320256376993
1,1,0.8797827471056513
1,1,0.7754256591910957
0,0,0.0038105982377622904
0,1,0.5731500316667227
0,0,0.006434807537358034
1,1,0.7707679237787962
0,0,0.007164167798495532
1,1,0.9732597989647221
0,1,0.871918999354043
0,1,0.8369541687662482
0,0,0.3210226909033207
1,1,0.6744708323931833
1,1,0.9292476015189036
0,0,0.07309089635908356
1,1,0.6678507706163636
1,1,0.76627295564835
1,1,0.9803426229252975
1,1,0.9833211429991754
1,0,0.43922661911377947
1,1,0.931410010279801
1,0,0.005976300747528085
0,0,0.0814387797308518
0,0,0.008798889158930298
1,0,0.34661937979944013
1,0,0.08833376986981067
0,1,0.8519709275649126
0,0,0.0024207807481405833
0,0,0.003733355774255783
1,1,0.9583147521797666
0,0,0.003995801444821625
0,0,0.01219792130452504
0,0,0.001670729458305279
0,0,0.0009235335261683335
1,1,0.9482732761146262
0,0,0.11858025218702752
1,1,0.8638012577164726
0,1,0.5510188066309553
0,1,0.5724370671169767
0,0,0.008270349662314323
1,1,0.8820249069407611
1,1,0.9671508907531582
0,0,0.036141443793885626
1,1,0.9819731388600589
0,0,0.020854178258014028
1,1,0.9805510222289001
0,0,0.48107100214708026
0,0,0.2575077940564303
0,0,0.4446730983393683
0,1,0.8445633122048489
0,1,0.7989693419574034
1,1,0.9909022380797466
1,1,0.9411219107307386
1,1,0.7568643107307311
1,1,0.9676568364463968
1,1,0.7204328316429858
1,1,0.8821530075367606
0,0,0.007192954810102444
0,0,0.01801172653502725
0,0,0.01677120493913203
1,0,0.13267324962840996
0,1,0.8289865852496799
1,1,0.9921404007670501
0,1,0.6092359568637519
1,1,0.8565494112678728
1,1,0.9318895540357586
0,0,0.03947083536656671
1,1,0.9487771998767845
0,0,0.006097562850144733
0,0,0.03944687922343484
1,1,0.6281948279075256
0,0,0.0037493356205060176
1,1,0.922821366874872
0,0,0.06613877580336121
0,0,0.36836041627139776
1,1,0.7247699459102585
0,0,0.029103967822019627
0,0,0.15598528947903859
0,0,0.14522692003607376
0,0,0.06101269868488587
1,0,0.08668289119232375
0,0,0.004236010355838022
1,0,0.02503243433530981
1,1,0.841470547605944
1,1,0.9653248616067486
1,1,0.8523057482329253
0,0,0.012061541035280851
1,1,0.9961931002534042
0,0,0.003988581664371441
0,0,0.011291186774027231
1,1,0.9339470176589643
0,0,0.01816151182658608
1,0,0.24267491409758798
1,1,0.8599433120163082
0,0,0.012129843332442292
0,0,0.03277973342425423
0,0,0.02453749365214637
1,1,0.916936387779527
1,1,0.955706630603049
0,0,0.030050764752781494
1,1,0.5399860273353152
0,0,0.05982399466221344
1,1,0.7878108647054414
1,1,0.8233281762414181
0,0,0.025450194931280024
1,1,0.8103186966270287
1,1,0.9394208882215492
1,1,0.90655952242235
0,0,0.0074356259564843305
0,0,0.0032389898018486698
0,1,0.8425524728698566
1,1,0.8213845810131509
0,0,0.11838518528826954
0,0,0.004255067496438021
1,1,0.8548403151299189
0,0,0.015174336292968195
0,1,0.9428678351250742
1,0,0.22558239767442592
1,1,0.9980378327150313
0,0,0.1497499810894263
0,0,0.4196006866227077
0,0,0.001962084709708043
0,0,0.017150172223633884
0,0,0.038260157746947965
1,1,0.9744444881794196
0,0,0.0033896097278893096
0,0,0.21911536051304104
1,1,0.9147105610622878
0,0,0.005033295188949301
0,0,0.10564985030921031
1,1,0.9912533785453624
1,1,0.9486786373122139
1,1,0.9926496451617929
1,1,0.8027498307686837
0,0,0.04646901548465235
1,1,0.9496428349452689
1,1,0.7223367401279758
1,1,0.9921486308978512
1,1,0.8632727647448476
0,0,0.13671283051671054
1,1,0.731506997269688
0,1,0.7123485124029125
0,0,0.0786304618123604
0,1,0.9555315293186387
1,1,0.763285760606469
0,1,0.7083071864877942
0,0,0.08368251638355516
1,1,0.9687031081062996
0,0,0.022611913978633335
0,1,0.8413727396354714
1,1,0.9387339683324213
1,0,0.18733056420186
0,1,0.6037975141575
0,0,0.2661907882483032
1,1,0.9908930297985871
0,1,0.9117139601407427
0,0,0.0025409617370005587
1,1,0.9679011575669386
0,0,0.006840630161474075
0,0,0.0804697202214837
1,1,0.6871131563250913
0,1,0.5056155597807981
0,1,0.5829996014897064
1,1,0.9899002040378808
0,0,0.04219393363937452
1,1,0.8744419723760984
0,0,0.3772347230798667
0,0,0.011830354792680776
1,1,0.9013002133012487
0,0,0.0017439608336280125
0,0,0.1681828191617194
1,1,0.9475530491626328
0,0,0.008218423211519645
1,0,0.3758398842719601
1,1,0.9580721803720674
1,0,0.3266909779672534
0,0,0.002624257553250478
1,1,0.9440565566207848
1,0,0.36762690411863225
1,1,0.8543953392695887
0,0,0.09111284093810396
0,0,0.002694947587639504
0,0,0.01642230516177078
0,1,0.7385124012528075
1,1,0.9933411096296737
1,1,0.9306894970160026
0,1,0.620943005563564
0,0,0.017639463071829203
1,1,0.589779270730348
1,1,0.9093621479102522
0,0,0.009474117889886523
1,1,0.9592070166382277
0,0,0.24832244709485696
1,1,0.9968429970313729
1,0,0.45607305857082087
0,1,0.7945123527166352
1,1,0.5004177232767365
1,0,0.08512158439041405
1,1,0.876468447897737
0,0,0.006838651330263048
1,1,0.9183607626676902
0,1,0.8529064529236087
1,1,0.9817649845510448
1,1,0.9639742314852507
1,1,0.9370517251192814
0,1,0.9536783886780086
1,1,0.5392323645236343
0,0,0.00858888325254086
1,1,0.9728073168445178
0,1,0.7692816676529524
1,1,0.5968754382852661
1,1,0.88800380428551
0,0,0.2888778819093678
1,1,0.9118036037618512
1,1,0.9965108029363865
0,0,0.2919353777351242
1,1,0.9568094977431386
0,0,0.03268165586593234
1,1,0.7292974721927847
1,1,0.9775953402727149
1,1,0.9482086591719723
0,0,0.01430474956412541
1,1,0.7862592843900177
1,1,0.8293956150390623
1,1,0.9359729317729181
0,0,0.012146024685437538
1,1,0.8600444524879053
0,0,0.002057547266632747
0,0,0.2921068373470548
0,0,0.1600174939885125
1,1,0.9864314660855671
1,1,0.9736471654079377
1,1,0.9878053107241825
0,0,0.007267275566856608
0,1,0.6846552142589841
1,1,0.9586510525943067
0,1,0.6966820580027355
1,1,0.9893605650106948
0,1,0.5349543888725234
0,0,0.02870235343305805
0,0,0.0033113935645539424
1,0,0.020244232465386758
1,1,0.8883058709720703
0,1,0.7923016922143903
0,1,0.716333218842489
1,1,0.956441037450985
0,1,0.5453783107899971
0,0,0.15225462863162584
0,0,0.2890720527882008
0,1,0.795546098653877
0,0,0.03967519441055802
0,0,0.026161829447154544
1,1,0.9757466047014818
0,0,0.010358196033003057
1,1,0.9965475385073667
1,1,0.7358409869759542
1,1,0.9870235607852157
1,1,0.895691123017485
1,1,0.959779523631111
0,0,0.03292784584247632
0,1,0.7992285535403884
1,1,0.8191684535583028
1,1,0.9665873083210507
1,1,0.9971313983779925
1,1,0.989677607193901
1,1,0.9363271906707246
0,0,0.14621205262989093
0,0,0.42074056045414593
1,1,0.9782352907059645
1,1,0.9907309517584423
0,0,0.17397860338298743
0,0,0.004374351712667894
0,1,0.8708859775193073
1,1,0.9953568656510211
1,0,0.01753709039145975
0,0,0.17149709559971638
1,0,0.45464271176837484
1,1,0.9274261524071471
1,1,0.9761585371767151
0,0,0.20152737728926615
0,0,0.05921630663341659
0,0,0.004241613290042534
0,1,0.83337181778088
0,1,0.8010238688160521
1,1,0.9967649593401856
1,1,0.9949407444392259
1,1,0.973547296568109
0,0,0.004197200079224978
1,1,0.945314912410043
1,1,0.9895842550259597
1,1,0.9659234303051244
0,0,0.11272917495739317
1,1,0.950767895491075
0,0,0.005953292440036531
0,0,0.37165259667247214
1,0,0.11593355104324139
0,0,0.03371385992465962
0,0,0.1994642867396624
1,1,0.9913733723044452
0,1,0.6854689805703998
1,1,0.9976843049519509
0,0,0.2471648287539825
0,0,0.003182395262898038
0,0,0.005803601935206813
1,1,0.9948923820224952
0,0,0.08936964576876022
1,0,0.12342002606684867
0,0,0.05616166820973068
0,1,0.6865206729623288
1,1,0.9962137023071156
0,0,0.0252059611267819
1,1,0.9815003953568001
0,0,0.025246205404180252
0,0,0.0076034341118663045
1,1,0.5784854507258886
0,0,0.0216859744563746
0,0,0.005187323687656978
1,0,0.12670768052421888
1,1,0.9757516070509819
0,1,0.7128061494356493
0,1,0.8741984488663577
1,1,0.9766475474311106
0,1,0.7411005005908425
0,0,0.0033664909700258853
1,0,0.14486648869561178
0,1,0.5422297635366998
0,0,0.0027140291344513938
0,0,0.054845107234928615
1,1,0.9921334826017759
0,0,0.010950880997615842
0,0,0.02952094673462048
1,1,0.9335449382464196
1,1,0.9945571529465097
1,1,0.8712694850314846
0,0,0.0031194805299253774
1,1,0.878930505565091
0,1,0.9563568348702137
1,1,0.9220558492855409
0,0,0.00741231177606603
0,0,0.06881468025320722
0,1,0.7462029448285145
0,0,0.14936467820679863
0,1,0.764019016898429
1,1,0.9030918472710852
1,1,0.9798703934923342
1,1,0.8300396945985375
0,0,0.03972026558642485
1,1,0.7369799185157401
0,0,0.002476754509671293
0,1,0.8074395830368379
0,0,0.01735670878892781
0,0,0.21514061363568948
0,0,0.004487675470722392
0,0,0.19261824677828696
1,1,0.9972018299064364
1,1,0.9492436925438538
0,0,0.03463187373265687
0,0,0.021843056681792813
1,1,0.9959577140502041
1,0,0.24052162455644788
1,1,0.8896047974208171
1,1,0.8521160781495117
1,1,0.9118662213152423
0,0,0.4094308005380121
0,0,0.40691788381802585
1,1,0.766753541349476
0,0,0.08134767089439815
1,0,0.049467024149259964
1,0,0.3872926172737364
1,1,0.9381544397271423
1,1,0.9836724154196697
1,1,0.7463169809950633
0,1,0.61346267216876
1,1,0.9531556587883613
0,1,0.8725221040888375
1,1,0.994671820284314
1,1,0.9256853657377361
1,1,0.9489225338153305
1,1,0.6272261498797799
0,1,0.6116285952658304
0,0,0.02679253946400086
0,0,0.11741106342457129
1,1,0.7890449407240473
1,1,0.8761490786969554
0,0,0.0022483081204208084
0,1,0.5415957564488844
0,1,0.8135158855581545
1,1,0.5086970576381006
0,1,0.6408099423203341
0,0,0.24199816864236282
1,1,0.544884075763358
0,0,0.042299429565176815
1,1,0.856630905403378
1,1,0.50679689892768
1,0,0.24349922555177717
0,0,0.003438330849535124
1,1,0.9811279983589952
1,0,0.32745850007799554
0,0,0.0027674854375979567
1,1,0.9010095440802707
1,1,0.7401486260577554
1,1,0.9652315510847816
1,1,0.8654878272225268
1,1,0.9683256272173644
0,0,0.09699109884927576
0,0,0.12279330901334097
1,1,0.9831315758730549
0,0,0.011284328433466962
1,1,0.7338601345958907
1,0,0.056798530874296364
0,0,0.02695868775836612
0,0,0.07148373513741467
1,1,0.9183800354320008
1,1,0.9640313252245436
0,0,0.0019411264690424512
0,0,0.003919860377579699
0,0,0.03965306764013675
1,1,0.9114396191378288
0,0,0.017382870867047026
1,1,0.9152350953075407
1,1,0.8964899712743634
1,0,0.18260005102673516
0,0,0.031906084563417626
0,0,0.002853633731999096
1,1,0.7782017869977639
0,0,0.07560456105684278
1,0,0.09106176981704346
1,1,0.7540755887328495
1,1,0.9708842295615451
0,0,0.04447827825032744
1,0,0.44298666160882044
0,0,0.06866510204809056
1,1,0.9906488738801067
1,1,0.817994334247285
0,0,0.011668742205076304
1,1,0.9264743064176614
1,0,0.17478483060499203
0,1,0.8487436436324671
1,1,0.9984757304509374
1,1,0.9149736621417327
0,0,0.07032637121287576
0,0,0.0074698021049260455
0,0,0.028887278441441188
1,1,0.856227989981706
1,1,0.9377505860107197
0,0,0.1876827523026611
0,0,0.04354866218674249
0,0,0.22278597965020083
1,0,0.4370129109784832
0,0,0.07459218215081433
1,1,0.9923876077394951
0,0,0.051826878954305856
1,1,0.9937339351821137
1,1,0.9493817122069098
1,1,0.9834098843222362
1,1,0.9479432185794604
1,1,0.9700879836242357
0,1,0.8805321960674667
1,1,0.9745631569360192
0,0,0.2498739298232613
0,0,0.20979495986962426
1,1,0.9976381938568814
0,0,0.10562146176583236
0,0,0.0012404610038797752
0,0,0.004859751163356802
1,1,0.9107561431434522
1,1,0.9951113928148482
1,0,0.2863880829764652
0,0,0.006047040422779495
1,1,0.997707983152643
1,0,0.37960260838251497
1,1,0.5174152030750264
1,1,0.9893078509236384
1,1,0.9689204728253732
0,0,0.015740688555877524
1,1,0.9965828062035552
1,0,0.39455422354974584
0,0,0.0038190123332141938
0,0,0.03466047473763312
0,1,0.5371519305404667
0,0,0.004584773312744767
1,1,0.6353128759071281
0,1,0.5953671470566057
0,0,0.009543260967094673
0,0,0.0892429333806049
1,1,0.8720981681831569
1,0,0.3029682617717043
1,1,0.9667524317872579
0,0,0.15517710437142773
0,0,0.39137311330725083
1,1,0.9900506577232521
1,1,0.9768321957016516
1,1,0.7515205883945765
1,0,0.08658088936903208
0,0,0.009518642682692193
0,0,0.3222365649643673
1,1,0.8140856523470754
0,0,0.0026763178143826907
1,1,0.5290705626558734
0,0,0.033691357825190046
1,1,0.9518546293426479
1,1,0.9943881746615286
1,1,0.69553008798456
0,1,0.9424824912248398
1,1,0.9777219479232527
1,1,0.9924750648617057
0,0,0.09785591698957434
0,1,0.812693859455747
1,0,0.22480486722531587
0,0,0.079743108116049
0,0,0.0013759366318494318
1,1,0.9937818052897046
0,0,0.0025902106769751794
0,0,0.002410993293857281
0,0,0.006435738144969454
1,0,0.2933124779541773
1,0,0.4602497984499762
0,0,0.033436321764462616
0,0,0.0013113769904131538
0,0,0.04953684494868196
0,0,0.05812119774444499
1,1,0.9738489182599975
1,1,0.996814442529411
0,0,0.003055679101453405
0,0,0.3280415025986228
0,0,0.007559485440127626
0,0,0.026045708696077977
0,1,0.9015774570030614
0,0,0.0020044842034208036
1,1,0.9557416848070197
1,1,0.9926669120884709
1,0,0.08122985170435407
1,1,0.9772574183191235
1,0,0.30246043471387124
1,1,0.8381695761987786
0,0,0.013782445069896032
1,1,0.8771280434227123
0,1,0.8536312446850157
1,1,0.9843001212093957
0,0,0.007221717239570668
0,0,0.026422327219385786
0,0,0.002432336754427867
0,1,0.6005092128446812
0,0,0.002285766216274838
0,0,0.45750302486766037
0,0,0.01994307798293625
1,0,0.11800278258043312
1,1,0.9864716941822887
0,0,0.01161120748375911
0,0,0.006013804275434236
1,1,0.8256001360650264
1,1,0.5904606038836961
1,1,0.9922654045778696
1,1,0.8814170661646825
0,1,0.6727787235161117
0,0,0.0014734832991652204
0,0,0.009187737679060096
1,1,0.9605434928945557
1,0,0.21602876723578177
1,1,0.9964813275271526
0,0,0.2453057041026893
0,0,0.04724965655309612
0,0,0.003575798794708864
0,0,0.005877901147596765
1,1,0.9726532028949227
1,1,0.9832765081971129
0,1,0.8764580373753543
1,1,0.9577057476939542
1,1,0.9888532535776693
0,1,0.5216719305211331
1,0,0.18121312418410274
0,0,0.031768575561469385
0,0,0.06842390207678647
1,1,0.9971909449107791
1,1,0.9797341399725924
0,1,0.8043346089960174
0,0,0.3803975686913848
1,1,0.9774759683221652
0,0,0.01009408901444249
1,1,0.991629925383888
1,1,0.9062206844538435
0,0,0.004169779518152942
1,1,0.5180783982690099
1,1,0.9966565487166154
1,1,0.7670973183958326
0,0,0.2650673972226794
1,1,0.967852711856235
0,1,0.7479565603598916
0,0,0.4368734851447959
1,0,0.44178707564136527
0,1,0.8794442823641687
1,1,0.8571733235634547
0,0,0.45429996011689083
0,0,0.14671319029168925
0,0,0.004788315932490131
0,0,0.06823610407452384
1,1,0.9730151138956433
1,1,0.7941606468790215
1,1,0.75756424481912
1,1,0.8977028996063295
0,0,0.00806954929186725
0,0,0.005310686201038004
0,0,0.0038242049396933382
0,0,0.017789003258001493
1,1,0.8437030423600209
1,0,0.09721531453627334
0,0,0.018369616839935855
0,0,0.004440920864786598
0,0,0.04056022451569349
1,0,0.06660192737460172
1,1,0.6335248133050851
0,1,0.7725620187069011
1,1,0.9186971116231515
0,0,0.10653610721167049
0,0,0.005705265072339562
1,0,0.30575184865185207
1,1,0.9926717407869639
0,0,0.004264913070186127
1,1,0.9171305577717809
1,1,0.6833544097058173
1,1,0.9378161528612713
0,1,0.9343320307989315
0,0,0.001547341383896783
0,0,0.2822715075644906
0,0,0.03273316120424116
0,0,0.009854475588967333
1,1,0.9158484598366349
0,0,0.00781921354842229
1,1,0.9608934254113
0,0,0.055040156937560945
0,0,0.04214667663334529
1,0,0.39552566882005086
1,1,0.8622089757356001
1,1,0.995866747182479
0,0,0.4964449273350407
0,0,0.21914467186596384
1,1,0.9146468511501337
0,0,0.1185844679890079
1,1,0.7022475796509013
0,0,0.45257745084118167
1,1,0.9875404094458261
0,0,0.26632626729354925
0,0,0.2296475171383071
0,0,0.03515388722016804
0,1,0.8774150507373939
0,0,0.003436017058489334
0,0,0.2639319409878409
1,1,0.8848281780883266
1,1,0.9645023524460988
1,1,0.9882297775398697
0,0,0.4733524325703951
1,1,0.9973809842810448
0,0,0.10233796908199604
1,1,0.9988317380293754
0,1,0.8792620448270724
1,1,0.7132569968831796
1,1,0.6694413354308305
0,0,0.003936495085445652
0,0,0.04892633429238122
1,1,0.7280540505606788
0,0,0.0036585026476058727
0,0,0.0018376790485051307
0,0,0.005297234093240827
1,1,0.9722881174700836
0,0,0.0017395483391334828
0,0,0.4230423592524837
1,1,0.9973455085318766
0,0,0.06657199206672687
0,0,0.004385859602428222
0,0,0.3684898356134995
0,1,0.8872492761164347
1,1,0.9708392588913979
1,1,0.6659995906697364
1,0,0.20144614095418292
0,0,0.3089702830343329
1,1,0.8755791584428175
1,1,0.9742821713600445
1,1,0.8856569471620958
0,1,0.6035195694811056
1,1,0.8457236937981966
0,0,0.00606058657361926
0,1,0.8228112193599099
0,0,0.32313465120572565
1,1,0.9853714692680026
0,0,0.4399141406336436
0,0,0.05123449286601698
1,1,0.9882756663467962
0,0,0.37411430776758764
1,1,0.601074799106302
0,0,0.1353687023213235
0,1,0.7468634003357201
0,0,0.003608877940221226
1,1,0.9200493002896085
1,1,0.7140140122401687
1,1,0.956148225837279
1,1,0.9496209536609584
1,1,0.9919769571551159
1,1,0.9348667260751821
1,1,0.9151050886999194
1,1,0.5926749349551806
0,0,0.06461064319885161
1,0,0.42454042091769634
1,1,0.9374649432947177
0,0,0.013965582097617177
0,0,0.0039790038808428805
1,1,0.9973204440189537
0,0,0.10317781913358788
1,1,0.985444885814172
0,1,0.9739756239883935
1,1,0.9926293745704112
1,1,0.8172717184093545
1,1,0.9944674645686259
1,1,0.9906978059438861
0,0,0.004833343230479795
0,0,0.012261505478814485
0,0,0.08920927334314031
1,1,0.8016121749095403
1,1,0.9960920216466495
0,0,0.03333608011987157
1,1,0.9767572729113146
1,1,0.9205488577793948
0,0,0.2903573596002144
1,1,0.8984328538184444
1,1,0.9661920981118608
1,1,0.9748187751468665
0,0,0.07399042473286514
0,1,0.7707078786504898
0,0,0.024868884284413095
1,1,0.9360941608820329
1,1,0.6840491699364201
1,0,0.176504772265988
0,0,0.0036050162384024496
1,1,0.9872268167721151
1,1,0.9898369125083001
0,0,0.0027243008942324626
0,0,0.007967228590977302
0,0,0.1346775862369604
0,0,0.035041459498214904
1,1,0.9926313042812861
0,0,0.006422009882358867
0,0,0.07034991682860414
1,1,0.9813600004397474
1,1,0.7142176128089898
0,1,0.7131028210975319
1,1,0.6504941172461408
0,0,0.2945839488677909
1,1,0.7345034799853479
1,1,0.8222939329054674
0,1,0.8869118270182312
0,0,0.026239926416600955
1,1,0.989426773104237
0,0,0.37199464740993743
1,1,0.92533948350975
0,0,0.0032023530144323366
1,1,0.9967588540911042
0,0,0.003115689266232726
1,1,0.88283567725985
1,0,0.08826599504505683
1,1,0.968588064427625
0,1,0.9692786361588972
0,1,0.5663173827137835
0,0,0.4287472164549864
1,1,0.5818466008291895
1,1,0.6258768812576793
0,0,0.12324273508610811
1,0,0.38699862177940153
1,1,0.9768522724068561
1,1,0.9800366148125916
1,1,0.7746239180172999
1,1,0.9388360929334215
0,0,0.005919268802758986
0,0,0.15001166721054549
1,1,0.9885913070068887
1,1,0.9854508388372687
1,1,0.8101446704086346
0,0,0.4736132256033741
0,0,0.01700590274297543
1,1,0.9955702846292268
0,0,0.04311038123549723
0,0,0.019889759514917168
0,0,0.03375169512802744
1,1,0.9936202242578323
1,0,0.3758796910823808
0,0,0.11236100107968539
1,1,0.996009489687857
0,0,0.06805823214043445
1,1,0.9969416171871416
0,0,0.0036634399192435802
1,1,0.9944340346817241
0,0,0.04591872700925844
0,0,0.10869697851357772
0,0,0.003122918260152248
0,0,0.001460334902305042
1,1,0.9192720782998621
0,0,0.06806784728317554
0,1,0.5288923341615219
0,0,0.32035264140022796
0,1,0.8758641636330382
1,1,0.9790300336269812
1,1,0.9501881865622733
1,1,0.750169720865848
1,1,0.8825024058662794
1,1,0.9520386639835897
0,1,0.5486329237835009
1,1,0.8874325626665366
0,0,0.04924657294948016
0,1,0.7457215915203098
1,1,0.9968184146302644
0,0,0.3258511552480241
0,0,0.01836430146756377
1,1,0.5432121180377636
0,0,0.002297932995407505
0,0,0.0060476138771310695
0,0,0.011128514809211154
1,1,0.9834420368153124
0,0,0.005546818746806104
0,0,0.00887644160607943
1,1,0.9708279145413923
0,0,0.33504960381388926
1,1,0.5267758555471382
0,0,0.15023646186160947
1,1,0.9221518934825269
1,1,0.8920807007016984
0,0,0.004892675285061816
1,1,0.9694192732424374
0,0,0.05886149762355055
0,0,0.05244574222624948
0,0,0.019165822063189755
0,0,0.00284220432524248
1,1,0.9884822249128651
1,1,0.9890727222507408
0,0,0.16690923877116845
1,0,0.09108881393087208
1,1,0.9944512769115618
0,1,0.8266247505885492
1,1,0.9438908952840025
0,1,0.6690170378725893
1,1,0.6705561201660312
0,0,0.09001638794719956
0,0,0.003751233183562542
1,1,0.9935380539581846
0,0,0.2773217713010465
0,0,0.32574024452097977
0,0,0.002297842761801659
1,1,0.872265204752715
1,1,0.802704028054099
0,0,0.09742905765585823
1,1,0.7231573754419366
0,0,0.0027863484447553273
0,0,0.3248952236657967
0,0,0.007786080339634381
1,1,0.9846964076420789
0,0,0.18943776673151955
0,0,0.0038764177173320814
0,0,0.06848723589576995
1,1,0.995832136346742
1,1,0.9944979328848724
0,0,0.0038766510183890165
1,0,0.25077335316646093
0,0,0.07331592185015189
1,1,0.9950807283875504
1,1,0.9846667137282205
1,1,0.9917554013872749
1,1,0.8495992320373685
0,0,0.1925073353435205
0,0,0.05773675999286535
1,1,0.9911578264276683
0,0,0.0019994327755034793
0,1,0.657801951244237
1,1,0.8609215728409844
1,1,0.7121530115609648
0,0,0.006608977484210496
1,0,0.2927964336932795
0,0,0.37271943525900636
1,1,0.9243922221172255
0,0,0.04098320265298708
1,1,0.9970746636258773
1,1,0.8884536958849454
1,1,0.7211548815694534
0,1,0.8955019112808951
0,0,0.0265979646939806
0,0,0.028653839285711257
0,0,0.10734689134646636
1,1,0.865867470565409
1,1,0.9426497159523656
1,1,0.6216164491021309
0,0,0.022950732158704943
0,1,0.7549263785852102
1,0,0.21056469020334015
0,0,0.057238777602442614
0,0,0.003565783517539579
1,1,0.9400249271654816
1,1,0.8489129223776488
1,1,0.9878423826218897
1,1,0.9699897849861389
0,0,0.070255571077031
1,1,0.9414624709047237
0,0,0.00434039682585632
0,1,0.9504341827981294
1,1,0.9947106977787826
1,1,0.7134122165015341
1,0,0.03002186041491042
1,1,0.8407792429544386
1,0,0.4851425602666082
1,1,0.9982425318017284
0,0,0.06658641745051708
1,1,0.6273092024178867
1,0,0.33494617922237274
1,1,0.8330226290755366
1,1,0.9895702857507054
1,1,0.9929097161366706
0,0,0.013300970842058661
1,1,0.9490597152655105
0,0,0.0026386537212970684
0,0,0.012251868796827487
1,1,0.9542037819536168
0,1,0.5770770446132439
0,0,0.1680380838788055
1,1,0.9623185391322823
0,0,0.12270217907376013
1,1,0.7747039087187096
0,0,0.010840498414163078
0,0,0.15982405353052626
1,1,0.6951712248915244
1,1,0.9608517875879071
1,1,0.9985775027196496
1,1,0.9026115560008076
0,0,0.08542822064374189
1,1,0.9532221528799935
1,1,0.984117805266488
1,0,0.39783151827001423
0,0,0.038649639272569855
1,1,0.6050034232094584
0,0,0.0053669747866327035
0,0,0.10101411687434575
1,1,0.9339718781549974
1,1,0.9968755495231062
0,1,0.7443259446183564
0,0,0.1447685953999844
0,1,0.9060283490413893
1,1,0.8303784566562203
0,0,0.1199975345522586
1,1,0.8147949018107009
0,0,0.010859639809685772
0,0,0.001948567639901131
1,1,0.869499247830515
0,0,0.3723620857483941
0,0,0.31228258200464154
1,1,0.9971808097559934
0,1,0.5179395710126303
0,1,0.6142956214275319
0,1,0.8364482088605802
1,0,0.39016181000612965
1,1,0.9509585721121585
0,0,0.06198183918261641
1,1,0.994807026028691
1,0,0.04536998297508112
1,1,0.6317530813485664
0,0,0.0030566599991056747
0,0,0.001599941297609049
1,1,0.9742207635548051
0,0,0.18473500224360961
0,1,0.8305255831792168
0,1,0.88154477469268
1,1,0.9262952426635235
1,1,0.6139307689741248
0,0,0.22659006415725383
0,1,0.861638951242223
1,1,0.8831831816205726
1,1,0.9934338603009145
0,0,0.009074201287257196
0,0,0.10227727149769232
1,1,0.9876265362282589
0,1,0.7812226464310692
0,1,0.5242431043817115
1,1,0.9511184803785552
0,0,0.34742122680178067
1,1,0.9910742412230373
0,0,0.007844470446109428
1,1,0.9775034854550215
0,0,0.006542208363899476
1,1,0.8148369152101788
1,1,0.756504249195542
0,0,0.04935796685034547
1,1,0.9961409358352321
1,1,0.5754963109228785
1,1,0.9962392838860715
1,0,0.10656111807735497
1,1,0.974628335643129
0,0,0.01815987495732051
1,1,0.9970025401459576
1,0,0.4524474934158307
1,0,0.07727012073789978
0,1,0.6175840803019531
0,0,0.43814957612688393
1,1,0.9087176559272848
1,1,0.7794712298242054
1,1,0.9667294657161936
1,1,0.9730921773955102
0,0,0.08439590507453044
1,1,0.9586279267988324
0,1,0.6739925235129687
0,0,0.10399156361089767
0,1,0.9147393346268831
0,0,0.04406843707268246
1,0,0.24120656482017802
1,1,0.9948580645225822
1,1,0.9837538724031276
0,1,0.8958179250097302
0,0,0.07590151085987074
1,1,0.9620487498288618
1,0,0.39187838234682815
1,1,0.985173110994143
0,1,0.6780677813840077
0,1,0.6354347392382675
1,1,0.9416539002137102
1,1,0.9771307826816118
0,0,0.07296579492345732
0,1,0.7044690177863896
1,1,0.9963420616521645
1,1,0.9831746779286322
0,0,0.3901410035923918
0,0,0.2632932083401382
1,1,0.9026325718476386
1,1,0.7731922630197139
1,1,0.8946034766104312
1,1,0.9322092909637337
1,0,0.1034942887861841
0,0,0.014741761967036282
1,1,0.9764449924311384
0,0,0.0366482525251907
0,0,0.007667577841259983
1,1,0.9562893352854777
0,0,0.18614337666983424
1,0,0.0855461788630247
1,0,0.3179196045081547
0,0,0.013260219450025772
0,0,0.3944285651235169
1,1,0.7814483485814776
1,1,0.8373186594955335
0,0,0.007611917116149108
1,1,0.9913085062650276
0,0,0.0026557044653514887
1,1,0.9421895011257811
0,0,0.003312110934704972
1,1,0.9750719060636639
0,0,0.037935493795222076
1,1,0.9810656531357876
0,0,0.00920025489189738
1,1,0.836574906230097
0,0,0.38279974188687865
1,1,0.9029249910323996
0,1,0.6137764277197927
0,0,0.12842871139457998
0,0,0.004836120395510905
1,1,0.8696608126381348
1,1,0.94854324507399
1,1,0.7438068936853407
0,0,0.0035451530222751393
0,0,0.03210885035897469
1,1,0.6620704758110053
0,1,0.9842616272311512
0,1,0.8480541262081164
1,1,0.9830401769997748
1,1,0.9306877377226149
0,0,0.0025334018199407587
1,1,0.7760208245715691
0,0,0.010129004502180891
0,1,0.967878595664243
1,1,0.9812129230601222
1,1,0.9959946573998414
0,0,0.012809007847209591
1,1,0.5428832303902204
0,0,0.42800055280137045
1,1,0.7433852307007532
0,0,0.08855369868221331
0,0,0.19005693447639685
1,1,0.9094702531941673
0,0,0.007164355130281431
1,1,0.9181941066958492
0,0,0.32051354237605595
0,0,0.04744961665544345
1,1,0.9052666909636647
1,1,0.9960165936726234
0,0,0.4748187969144934
1,1,0.9835532122601229
1,1,0.8129819937037798
0,0,0.16529610640481462
1,0,0.4228787687721167
1,1,0.660212925828588
0,0,0.0432379068758747
1,1,0.9733443749740832
0,0,0.005157411680409418
1,1,0.8296624861860603
1,1,0.977247327945708
1,1,0.9219185795980286
0,0,0.012199272411980105
0,0,0.05546477707616956
0,0,0.45615811000991474
1,1,0.8359659693785857
1,1,0.5353948010333869
1,1,0.9804664903769108
1,1,0.9903214356978146
0,0,0.24156383482229352
1,1,0.9937919273494774
1,1,0.6735894786102444
1,1,0.9957284622320204
0,1,0.8633991430783734
0,0,0.06360697370477417
0,0,0.0070418563212051866
1,0,0.045765468053221244
0,0,0.17704450621536785
0,1,0.7032831997562129
1,1,0.9973540077839443
0,0,0.04975357031854408
0,0,0.009011923151151563
1,1,0.7613518970971569
0,0,0.056413347885664766
1,1,0.5615787447934018
0,0,0.01255633805387116
0,0,0.009005503257172807
1,1,0.964286370418137
1,1,0.7235744763233037
0,1,0.9126717555679112
1,1,0.9781400016087255
1,1,0.9717906992313431
0,1,0.8513556757210603
1,0,0.4797988806914513
0,0,0.17942809177869626
0,0,0.04434654969857626
1,1,0.9989493622650193
1,1,0.9566675998798403
0,0,0.00794832298388778
0,0,0.01786671952846483
0,1,0.8936693615139575
0,0,0.004564910843874914
1,1,0.9988549166584407
1,1,0.8567078754615558
0,0,0.0035444456803330714
0,0,0.15835470729318687
1,1,0.7579507019284386
1,1,0.5916286637151543
1,1,0.8987583768166498
1,1,0.9769512238070993
0,0,0.018934683927429505
0,1,0.7538827441042427
1,1,0.7553743883807824
0,0,0.0014428664409270042
0,0,0.47852611895509267
1,1,0.6428948450154642
1,1,0.8694343646784652
0,1,0.5067171920450586
1,1,0.9754129340004614
0,0,0.014034679429985661
0,0,0.04799386394035121
0,0,0.004873891513747454
0,0,0.07385624753838581
0,0,0.008633062434881997
1,1,0.8701935966045689
0,0,0.04809006751744461
1,1,0.8683327453124418
1,1,0.9765614583457342
1,1,0.5940714547448237
0,0,0.17054444768613472
1,1,0.8878880239224954
1,1,0.9480014134473347
0,1,0.9369352931984577
0,1,0.6210770518275323
1,1,0.9664336873194568
0,0,0.0034205021358917225
0,0,0.0026974272359147223
0,0,0.4247336074313082
0,0,0.040810504634159916
0,1,0.8895165798048992
1,1,0.9464218665072689
1,1,0.9610388299177522
0,1,0.9031905984760323
1,1,0.5743770492121563
0,0,0.004284194636221961
1,1,0.7184704482391434
0,1,0.7948348732132867
0,0,0.0077421756893977225
1,1,0.9963343252697102
0,0,0.26752862538454447
0,1,0.8373601241280347
0,1,0.9863486992654914
0,0,0.041451393726300675
0,1,0.964156260785986
1,1,0.9522016256710656
1,1,0.8747727390610622
1,1,0.6070118191282085
0,1,0.5915000555654818
0,0,0.008032766369881653
0,1,0.8161289905123145
0,0,0.003923399072228689
0,0,0.002743467364894335
0,0,0.002250978031669327
0,0,0.003378974325249629
0,0,0.17937237074115422
1,1,0.9685266249688685
0,0,0.029367252683486177
0,0,0.037068493602770286
1,1,0.9792695806434263
1,1,0.9476022934590208
0,0,0.16393020061822847
1,1,0.861880715436004
0,0,0.13286805978681396
1,1,0.9957609372853936
0,1,0.8146540607283127
0,0,0.07760131631137353
0,0,0.00762519092901712
1,1,0.9831479774942178
1,1,0.9866490640074486
1,1,0.9977369424118376
0,0,0.11138072993536387
1,1,0.9920007640058969
0,0,0.0037132299262278424
1,1,0.8874713128989448
0,1,0.9237906934441557
1,1,0.9133845590973441
0,0,0.06038072203154073
1,1,0.9761932183337997
0,0,0.09390121812538336
0,1,0.5786051588681529
1,1,0.9974689912265879
1,0,0.2670049973770978
0,0,0.0034930155083301093
0,0,0.0033746161162613885
0,0,0.05784437964542811
1,1,0.7890662696639307
1,1,0.8598150261205327
0,1,0.5498987764584977
1,1,0.9889075434859386
1,0,0.08912030101162682
1,1,0.962726763553872
1,1,0.5898970205770363
1,1,0.8030632047727013
1,1,0.8613875100753609
1,0,0.1285336729308539
1,1,0.9765612946154724
0,0,0.0033117576674213793
1,1,0.9872270912232822
1,1,0.9978767522680828
1,1,0.9950261057228187
1,0,0.4015009557126141
1,0,0.3515061442815765
1,1,0.9959043976133738
0,0,0.006099699570703211
1,1,0.9777383392015343
1,1,0.9913020692644001
1,0,0.06894078998262267
0,0,0.004607738129734139
1,1,0.990854504629867
0,0,0.07262443596955653
1,1,0.8586803670191122
0,1,0.8340772987727872
1,1,0.9292421371443589
1,1,0.8904191562538984
0,0,0.006858504441899543
0,0,0.21258131370445846
1,1,0.8940933142615393
1,1,0.9130200151676938
0,0,0.13771996269201445
1,1,0.5489719623631113
1,1,0.9768912882063597
0,0,0.14242380881826364
0,0,0.12190154864980647
0,1,0.7832841045568285
0,1,0.6819480320790309
1,1,0.996272076269098
1,1,0.952262520899915
0,0,0.3399708496467713
1,1,0.7928339051701996
1,1,0.8807649963048726
0,0,0.06948092428105203
1,1,0.8836418796896792
1,1,0.9427363215471575
0,0,0.014919275881159155
1,1,0.8884802318794692
1,1,0.7954220325147077
1,0,0.04686204229266636
0,0,0.09233223450045085
0,0,0.020144541128171312
1,1,0.8879672241101448
0,1,0.9176130710486134
1,1,0.8881318255183438
0,0,0.2745470752700337
0,0,0.017789630510320193
1,1,0.9519273646365485
0,0,0.0011504875371355138
1,0,0.48456280419458214
0,1,0.6969704762972744
1,0,0.43632098858873714
0,1,0.901473907614294
1,1,0.9621038952191631
0,1,0.7607299139949945
0,0,0.0023492460634152034
1,1,0.8767724454089142
0,0,0.021660927392629443
1,1,0.9021880328097124
1,1,0.9231404254281831
0,0,0.27620543542685544
0,0,0.005551580902934312
1,1,0.9926372484644838
0,0,0.10195778680229188
1,1,0.6741629938945928
0,0,0.004668852207423034
1,1,0.8910026121349359
1,1,0.8921332819436447
1,1,0.8559487854202761
0,1,0.5496677426403745
0,0,0.21305821162038052
1,1,0.8962931963144447
0,1,0.8331365475918354
1,0,0.2512113897566376
1,1,0.9692730947758271
0,0,0.00402594085376905
0,0,0.013423470315045769
0,0,0.0927881826897219
0,1,0.8999062470169475
1,1,0.9940385984613039
0,0,0.015203321784991347
0,0,0.04107790138410384
0,0,0.11807048967490504
0,0,0.003853173024718007
1,1,0.992363700538998
0,0,0.0025558050203243563
0,0,0.1184442673787011
0,0,0.26902599799661236
0,0,0.004811731786498134
0,0,0.0031334639690453244
0,0,0.005060067605798617
1,1,0.5556962134616203
1,1,0.9545673100169574
1,1,0.8400813480953723
1,1,0.9967109492018782
1,1,0.9800322611814686
0,0,0.002542106996235218
0,0,0.005950447990330391
0,0,0.014781425977899004
0,1,0.6487629683873629
1,0,0.31160258035562927
1,1,0.8048024814420606
1,0,0.2847543218989723
1,1,0.9941324049779806
1,1,0.9940575189645497
0,1,0.6565265326497836
1,1,0.9930543799319556
1,1,0.5604341029838157
0,0,0.039361132491391275
1,1,0.8650252749615053
1,1,0.8720342558696587
1,1,0.83768995371368
0,0,0.029792859406439092
0,0,0.395597083551199
1,1,0.9840416169827281
0,0,0.2921074259862962
1,1,0.9975075389749727
1,1,0.9144133018649624
1,0,0.23629129017905895
1,1,0.7756398877692131
0,0,0.003817861233835738
0,0,0.00784711374957345
1,1,0.9559297242941169
1,1,0.9851008124667215
1,1,0.5257760178168486
0,0,0.43987983936120006
1,1,0.9016478564983128
0,1,0.9516158124705374
0,0,0.1719233236665636
1,1,0.5267887546404485
0,0,0.011384844352639029
0,0,0.0054611267039153
1,0,0.08104562240497236
0,0,0.21902613773089072
1,1,0.9685597532188001
0,0,0.14622451881940696
1,1,0.653370036249413
0,0,0.1883866462654332
0,1,0.7771079317041752
1,1,0.813051867055782
0,0,0.007352598119485568
1,1,0.966872980997314
1,1,0.8405414150192518
1,1,0.9105321251671916
1,1,0.9516114809026575
0,0,0.018056922835410102
1,0,0.3220511787282487
0,1,0.8520456615560267
0,0,0.002808127362139257
0,1,0.9382600108038948
1,1,0.9438023476374778
1,0,0.3795139765103776
0,0,0.005991166962809259
0,0,0.3951879566195802
0,0,0.0013602007406238192
1,0,0.07219221088966346
1,1,0.9826828417076222
0,0,0.0035615661482527837
0,0,0.0023700036928391063
0,0,0.013184245512844655
0,0,0.010979930086691408
0,0,0.007790874697227345
0,0,0.012448109055303844
1,1,0.8433338450208815
1,1,0.8263762031417988
1,1,0.9681032011593634
0,0,0.002554542382777951
1,1,0.9907104250298392
0,0,0.018020215192493357
1,1,0.9774668890316858
1,1,0.9776696461195892
1,0,0.22995855519801198
0,0,0.012418175884943315
1,1,0.9966866761225684
1,1,0.979520850033424
1,1,0.6813456134060131
0,1,0.9235888520201686
0,1,0.8609146895822276
0,0,0.014281464133290145
1,0,0.3699037223327995
1,1,0.9972384017063236
1,1,0.9666333815840846
1,0,0.3987406918416713
1,0,0.4148377760461286
0,1,0.9265744600475617
1,1,0.951250927759736
1,1,0.996194697943138
1,1,0.8456509394882165
0,1,0.6337778721876139
1,0,0.039903024356392716
1,1,0.9174886790890837
0,0,0.01196856830491698
0,0,0.07832975730804871
1,1,0.9285233472306688
0,0,0.002980856748475711
1,1,0.7371011329480927
1,1,0.7703322513006361
1,1,0.9546264589324519
1,1,0.9284586541118149
0,0,0.010015429673715673
0,1,0.7095967586572889
0,0,0.47662887340384774
0,0,0.07281079867055475
0,1,0.7421907273227476
0,0,0.003555948908946878
1,1,0.9125605662293205
1,1,0.9412532124733936
0,1,0.5326352423805468
0,0,0.46462160904399913
1,1,0.6687709647253023
0,0,0.21123039750374706
0,0,0.22077644493245507
0,1,0.9672940972944213
1,1,0.6231686861107515
1,1,0.9846621908582547
1,1,0.9977723889169132
0,0,0.09946841572504321
1,1,0.9943053468931998
1,1,0.9664881533150838
0,0,0.1799375352121458
1,1,0.9437562813945527
0,0,0.008264185734516736
0,1,0.6727453384846512
1,1,0.9968420070996767
0,0,0.18316142215978803
0,0,0.010568750885876166
0,0,0.03180194732914318
0,0,0.01323168502327274
0,1,0.919491941179399
1,0,0.484679040526424
0,1,0.544869294164669
0,0,0.15113569658112447
1,1,0.8900657727192446
1,1,0.986944596316086
1,1,0.9930007703554242
1,1,0.9817032918249918
0,0,0.005080592732095482
1,1,0.9470337367135057
1,1,0.9761623821076997
0,0,0.0032510743226483725
1,1,0.9809179998494756
0,0,0.02205612192607381
1,1,0.8335913534392277
1,1,0.8874193591253992
0,0,0.06523192728436758
1,1,0.937359445738985
0,0,0.3213006707690052
0,0,0.07881424561882859
1,1,0.9953076440046239
0,0,0.004847739004381016
1,1,0.9974049254864789
0,0,0.07888256479645979
0,1,0.8383292541116912
1,1,0.7773895789269911
0,0,0.351684663787501
1,1,0.8354424590735147
0,1,0.6087855424981288
0,0,0.02250571320929759
1,1,0.9973669531425801
0,0,0.20838404652628176
0,0,0.025696994781641124
1,1,0.9783804697324969
1,1,0.87324139842943
1,1,0.995551103298074
0,0,0.034994403985867686
1,1,0.9803655069026287
1,1,0.961723745457749
1,1,0.7460829737437461
1,1,0.824407539661031
1,1,0.9845046777115155
0,0,0.09244279569619303
1,1,0.9977874198161308
1,1,0.8920075390699954
0,0,0.10746583112114894
1,1,0.7644868794475214
0,0,0.00394703079367326
0,0,0.02006710953225126
0,1,0.6117798504851977
0,0,0.018710402639733666
0,0,0.004013156563644351
0,1,0.9121581027268499
1,1,0.9761319187639451
1,1,0.9815590797320665
1,1,0.8013133539270697
1,1,0.5835985690365418
1,1,0.9773102342650765
0,0,0.0014066155993917367
0,1,0.5476490055988456
1,1,0.9927879778699547
0,0,0.0040744474662702925
0,0,0.008873295220115757
0,0,0.43789654236683573
0,1,0.7177511961483786
1,0,0.11871152913672978
0,0,0.17229161379208321
0,0,0.3951314742059975
0,0,0.007639259302714391
1,1,0.9692427064294206
1,0,0.12030242279348353
0,0,0.02288406798256994
1,1,0.6053566786011393
1,1,0.9971527172843307
0,0,0.05445312909077901
0,0,0.10631490343024484
0,1,0.625975920606184
0,1,0.8518023511702936
1,1,0.9605479531045479
1,0,0.13932324693965442
1,1,0.9232111342466145
0,1,0.561959810974738
0,0,0.3531397989516792
0,0,0.04484001644896349
0,0,0.26342617265516366
1,1,0.9766328251842413
0,0,0.3666132985830907
0,0,0.004574599003543319
1,1,0.9707980439355194
0,0,0.0052817223479520725
1,1,0.9490455503148524
0,0,0.1590904936219166
1,0,0.4584714438581612
0,0,0.0019756468799717185
1,1,0.9963112096262069
0,0,0.011915387262461557
1,1,0.974870461080913
0,0,0.07100211904939392
1,1,0.9546317463697832
1,1,0.9973577793092616
1,1,0.8936177009799255
0,0,0.241251676673205
0,1,0.5089259421888883
0,0,0.005243629264251102
1,1,0.9715530263788277
0,0,0.3547314868634814
1,1,0.9918323214286984
1,1,0.9970911457482744
0,0,0.0037670995724835787
0,1,0.5263918352887288
0,1,0.7830297952984709
1,1,0.9717510924408778
1,1,0.9604588180671021
0,1,0.7528236431628872
1,0,0.49186048093680007
1,0,0.21232935518236773
1,1,0.9739648934910723
1,1,0.9074940700770231
1,1,0.6232440177002342
0,0,0.013871124612073515
0,0,0.004307785002699055
1,1,0.9592077833457572
0,1,0.917767463709216
0,0,0.1358479278121103
1,1,0.8417638908380982
1,1,0.9951442748677902
1,0,0.17784482849422376
1,1,0.9070223731664809
1,1,0.9955431663185662
1,0,0.3441311004334136
1,1,0.9569442154010236
1,1,0.5711370569924356
1,1,0.9374012318118891
1,1,0.9700835275452523
1,1,0.7724581102345026
0,1,0.8361662153918185
0,0,0.014014865398866351
1,1,0.9957232903154541
0,0,0.009807790323552097
0,0,0.21407521722344433
1,1,0.9756298233449531
1,1,0.9742083134892562
0,1,0.7510471339344592
1,0,0.06876439501276067
0,1,0.7245169952131013
1,1,0.9894268736051438
0,0,0.06058404713668262
1,1,0.9793291518110686
1,1,0.9202956496737077
1,0,0.02691621149616892
0,0,0.00528865247273609
0,0,0.1592009226101101
1,1,0.8967141442488238
0,0,0.3378824336803192
0,0,0.00943254274728294
0,0,0.0020339731867931206
1,1,0.9740551765114315
1,1,0.994256919887445
0,0,0.005422454374763227
1,1,0.9753657634684365
0,0,0.056105981261155846
1,1,0.7146128925674177
0,0,0.046327207356144644
0,0,0.01691358215511014
0,1,0.793771156410651
1,1,0.853772715129244
0,0,0.3470481420836764
1,1,0.9977157152986648
0,0,0.21549731280590176
1,1,0.8131682699824445
1,1,0.9478226070702148
0,0,0.07878292002103592
1,1,0.5285840121036014
1,1,0.9943842159185307
1,1,0.991803212523597
1,1,0.5607109523976702
1,1,0.9473709649630776
0,0,0.20634737993056798
1,0,0.4886678324463439
0,0,0.10044371041113719
1,1,0.9826741782163944
1,1,0.9687194187771091
1,1,0.9719350463620277
1,1,0.9943734214645484
1,0,0.23978059815665542
1,1,0.9970464990806867
1,1,0.9724056151555803
0,0,0.012860278371381456
0,0,0.32451495113058654
0,0,0.013613621422891442
0,0,0.003532689485348127
1,1,0.9200970394822007
0,0,0.0187388142634921
0,0,0.35517597686015856
0,1,0.8047212543540155
1,1,0.9188336641119218
1,1,0.7296825195576536
1,1,0.9445687832704435
1,1,0.9927953834056721
1,1,0.9912147961294032
1,1,0.9261899006141521
0,0,0.332604353011231
0,0,0.003094743651639774
0,0,0.24303615427719305
1,1,0.8671159536374703
1,0,0.23493634092420712
0,0,0.10316293159016747
0,0,0.21955376489591025
1,1,0.7877990990134731
0,1,0.5564339445368466
0,0,0.0047385057169791215
0,0,0.09052568820758992
1,1,0.9582649287833127
1,0,0.08522431676099052
1,1,0.8782582823803092
0,1,0.8514213218725891
1,1,0.9985013945119264
0,0,0.31925341867194695
0,0,0.48501559344019635
1,1,0.9638114815469137
1,1,0.7867071619003742
0,0,0.05325078854888315
1,0,0.4486074679998517
0,0,0.006989441219387336
1,1,0.9545207210691591
0,0,0.030117789810025126
1,1,0.9234696303778475
1,1,0.9946829451225566
0,1,0.7009334190483253
0,1,0.7747088589280517
1,1,0.9717489339676774
0,1,0.7081888684640608
1,1,0.9256099070318887
0,0,0.05187787114321512
0,0,0.028259012438692322
1,1,0.9394155658572682
0,0,0.38791409980444147
0,0,0.0034383958456246813
0,0,0.002918670341438717
0,1,0.722409788191134
1,0,0.42809455866156804
0,0,0.02749129068232888
1,1,0.9705278236749394
1,1,0.956689445707343
0,0,0.1756158610604419
1,1,0.993520922827674
1,1,0.9203639836773693
0,0,0.011795431761892168
0,0,0.0869255225230599
0,1,0.8495406831583777
1,1,0.9820521967072949
1,1,0.89099771612598
0,0,0.0024704999356900325
0,0,0.26637763033818107
1,1,0.9970097098611417
1,0,0.37439551776379515
1,1,0.5857691874109434
0,0,0.3122663970033211
1,1,0.7284867712914095
0,0,0.001617269694001358
1,1,0.8629745445821522
1,1,0.9859323386284883
1,1,0.641248914338686
1,1,0.898747305138218
1,0,0.25599222023784757
0,1,0.6848202718158777
0,1,0.5545614203295889
0,0,0.07244519762408849
1,1,0.8003104339334225
0,0,0.3524786718703545
1,1,0.9958822809964291
1,1,0.9842843157702271
0,1,0.6809490308076224
1,1,0.9833583915527081
0,1,0.9080822371443097
0,0,0.03944236379204958
1,1,0.8661965383463537
0,0,0.004476536538795774
0,0,0.1757515422637962
1,1,0.9500027112155577
1,1,0.9596024519675618
0,0,0.013407311573958807
1,1,0.9810597875900164
0,0,0.02140278249911173
1,1,0.9906805566044709
1,1,0.9182042178832431
0,1,0.8620030010743189
0,0,0.04466181909527132
0,1,0.8235367330479866
0,0,0.009784407131810441
0,0,0.1326713617300241
1,0,0.3403745555833238
0,1,0.5631684212293521
0,0,0.2425565254889951
0,1,0.5509932702888128
0,1,0.7548690270692293
0,0,0.004287994422408005
1,1,0.7589987517228448
1,1,0.8550970114139614
1,1,0.8711505136179908
0,0,0.006262249211855327
1,1,0.8507823422146066
1,1,0.880734416256137
0,0,0.04453644057337605
1,0,0.32939328763069237
1,1,0.9503150783979928
1,1,0.8928051169478767
0,0,0.10502212644850129
1,1,0.765958878550761
1,1,0.9843712731276476
0,0,0.006579391832294175
1,0,0.2264167054014906
1,1,0.7170567436258072
1,1,0.7746644669552576
1,1,0.8869246881923235
1,1,0.8973189965801658
1,0,0.300223332980861
1,1,0.5992878211471034
0,0,0.06966462889434817
1,0,0.14274673787740172
0,0,0.19894545460479632
0,0,0.013900240148956598
0,0,0.07303942764231543
1,1,0.821462936718957
1,1,0.9655436655802229
0,0,0.004615836041212248
1,1,0.6267917188272669
0,1,0.9086800410367534
0,0,0.005712261908290533
0,0,0.1321360451420497
1,1,0.9984969340925129
1,1,0.9605146691444227
1,1,0.9491604254746995
1,1,0.9767743783549804
1,1,0.9753851984856979
1,1,0.677045350559009
0,0,0.00708636113646014
1,1,0.9972888113000901
0,1,0.986831300604654
0,0,0.03211365648836943
1,1,0.8152406014861594
1,0,0.0471882070810806
1,1,0.7039737694164273
0,0,0.08693472401114277
0,0,0.0034390479544604575
1,1,0.9790035452226366
1,1,0.9218982426566682
1,1,0.9949389623130066
0,0,0.005487746483510673
1,1,0.8803687121096911
1,1,0.9343856084891055
0,0,0.08136458750900923
1,1,0.9938333865689177
1,1,0.9770117441555323
0,0,0.0022009827475898314
0,1,0.7169395207897354
0,1,0.6604043815412691
1,1,0.84730158512573
0,1,0.6499160307377364
0,0,0.19745728242742713
0,0,0.2270704490774126
1,1,0.9877302155858102
1,1,0.7574935509735323
1,0,0.2277945945431444
0,0,0.4423379134906853
1,1,0.9298956494148961
0,0,0.005288405993956154
0,0,0.008281596996587025
1,1,0.9973945127137372
0,0,0.0016396839981593682
1,1,0.9043416097620279
1,1,0.954652622855571
0,0,0.011658242579137626
1,1,0.9431201733782176
0,1,0.78719607362543
0,1,0.5052395733465888
0,1,0.9898978412768374
1,0,0.08698641519390377
0,1,0.7935464597990579
1,0,0.13530588920239608
0,1,0.8880447278988072
1,1,0.9258230009386184
0,0,0.04834001435270716
0,0,0.09077888052525059
0,0,0.36434018500669757
0,0,0.07137291543885864
0,1,0.6597098272829339
0,0,0.3104602780951242
1,0,0.06202929987458374
0,0,0.005670782062157248
1,1,0.5947821433715185
0,0,0.00877107043954478
0,0,0.01179466144400873
0,0,0.02933119352066656
0,0,0.13882935852407532
0,0,0.07607239764582817
0,0,0.09502400975056118
0,1,0.8212194164538279
0,0,0.008428073753112443
1,1,0.8388750501552117
1,1,0.9435213714371363
1,1,0.5904351002518917
1,1,0.9881841242929476
1,1,0.971107092832943
0,0,0.0691014851370317
1,0,0.028741146556354433
0,0,0.0027398980963534263
0,0,0.06728285465341434
1,1,0.9362686304957979
0,0,0.2156478721828827
1,1,0.9918708390020683
0,1,0.5956843717517809
0,1,0.9539372923519865
0,0,0.002775904011978945
1,0,0.37403145083868017
0,0,0.011389180800995631
0,0,0.05404638877189
1,1,0.8489899735237397
1,1,0.9923704868399096
1,1,0.9272575929463964
0,0,0.4637008445278754
1,1,0.9687845982145333
0,0,0.19819381269978753
1,1,0.8817875510923646
0,0,0.16461750069197037
0,0,0.1292829194655241
0,1,0.9292360224892914
0,0,0.40776061496836497
0,0,0.2378057636937695
0,0,0.4726228933996339
0,0,0.00346181591139234
1,0,0.3988934391599992
0,0,0.019347219237136896
0,1,0.7749566073583307
0,0,0.042089919134106736
0,0,0.23175591284797392
0,1,0.9102050164019203
0,0,0.04753995854870099
0,0,0.049833823663243036
1,1,0.9655690737272677
1,1,0.9321354270064783
0,0,0.29837154409151284
1,1,0.7354710153004151
0,0,0.09045449059850764
1,1,0.7827489735081755
0,0,0.004641247575352014
1,1,0.9973960583002519
1,1,0.9344290906502154
1,1,0.7610023034260353
0,0,0.14244686943298765
0,0,0.05585645788212943
0,1,0.5658811025350632
1,1,0.9091913983425766
0,0,0.4625669030274726
1,1,0.9955095099698174
0,1,0.9806694905719414
0,0,0.0024557781221084376
1,1,0.885951374347773
0,0,0.0015488611491107822
1,1,0.9793812448477159
1,1,0.9426818872484845
0,0,0.35267103386733595
1,1,0.9655931298047312
1,1,0.9401413915475375
1,1,0.9209906920787491
1,1,0.9160366301993683
1,1,0.8443035122307174
0,0,0.0014744091564705094
0,0,0.2986938201928425
1,1,0.6098867269184939
0,0,0.007901232511233846
0,1,0.9088366007769163
1,1,0.7375747775223793
1,1,0.8638638269021256
0,0,0.0027942059343759496
0,0,0.22464242763275574
0,0,0.037604523894048794
1,1,0.8336222783231916
0,0,0.014448875759347515
0,0,0.0029205178724360874
0,0,0.0029595719022719375
1,1,0.9881902375597492
0,0,0.016750452689863925
1,1,0.9785176881467516
1,1,0.7974640439245286
0,0,0.005737330267427165
0,0,0.014681457027293024
0,0,0.22027945124276438
1,1,0.6970945581170301
0,0,0.01881323064239807
0,0,0.010111053725164392
0,0,0.0031925500737982337
1,1,0.9614405471709859
0,0,0.0022818905175588807
1,1,0.9700774698524425
1,1,0.8136433766990385
0,0,0.003779794917550535
1,1,0.5996031504109117
1,1,0.9451711116212517
1,1,0.914826602006991
0,0,0.17101901382458498
1,1,0.8787025217295458
1,1,0.7703242317786222
1,1,0.9772996773948291
0,0,0.38994968350464815
1,1,0.9505256721832641
0,0,0.019813891660946947
1,0,0.008785475847655017
0,1,0.7197560024285732
1,1,0.9442258797284788
1,1,0.9489850961549777
0,0,0.07802817036617048
1,1,0.9545962350765852
1,1,0.9612871011539964
0,0,0.19776060191897385
0,0,0.007106361447738609
1,1,0.9955161818995842
1,1,0.978795906947581
0,0,0.3569242274595359
1,1,0.9551723191819029
0,0,0.007241061880399309
0,0,0.20281396559686682
0,0,0.2620477971890303
1,0,0.438733103703862
0,0,0.16945914589943026
0,0,0.004956864652904135
0,0,0.00502421556059014
0,0,0.07494474466921254
0,0,0.028596286925809122
1,1,0.9925262075226412
1,1,0.9282690326458477
0,0,0.008696161380183583
1,1,0.9495596816201273
1,1,0.9741176699775966
1,1,0.6681372119359082
0,1,0.8877469434180076
1,1,0.995118542875126
1,1,0.5929974361912246
1,1,0.9589145625527197
0,0,0.35610391388548246
0,0,0.00532068313931069
1,1,0.9929376661983512
1,1,0.9914120687783852
0,0,0.3442710489864478
1,1,0.5543509183157403
0,0,0.002039891875997738
1,1,0.9911083581498193
1,1,0.7802013157467128
0,0,0.009581859865277388
1,1,0.8311649484320567
1,0,0.4055766171754373
0,0,0.14094572504650862
0,0,0.06449411608451834
0,0,0.0055117854287589285
0,0,0.028362665343504664
0,0,0.0253408948599267
1,1,0.6187412440774205
1,1,0.930151734530965
1,1,0.9916697700397256
0,1,0.6037422800882081
1,1,0.9665496608946609
1,1,0.8710482809154473
1,1,0.9759623691095083
0,1,0.951504059385083
1,1,0.8375035644729026
0,0,0.06969738762189213
0,0,0.00604849202554043
1,1,0.7768305619537227
0,0,0.18110013180707366
1,0,0.2532756903356463
0,0,0.10658449115953512
0,0,0.1187470970022627
1,1,0.9686663435120128
0,0,0.40532706420047754
1,1,0.9711829802619473
0,0,0.1276407180624262
0,0,0.0030422932902989188
0,0,0.17540308827369577
0,0,0.3292154207321331
1,1,0.9667722866358982
1,0,0.07850592299150856
0,0,0.012509337875482725
0,0,0.3964131803307233
1,1,0.9202447122337386
1,1,0.986523666881807
0,0,0.05011890434793833
0,0,0.15623173311605193
0,1,0.9855958219542202
1,1,0.9740684527742974
0,1,0.9050570736896101
1,1,0.9350397314344501
0,0,0.26334972238103976
1,1,0.9713397617966443
1,0,0.39293887296157487
1,1,0.9830323283617962
0,0,0.008712740160178284
1,1,0.9853480392098021
0,0,0.059597933338355356
1,1,0.9974111303619689
0,0,0.042732383611752515
0,0,0.10172617674187334
0,1,0.7772196817381491
0,0,0.06290269651518615
1,1,0.8122965951240344
0,1,0.6490392835011102
0,0,0.262720013960867
0,0,0.00680365360781252
0,1,0.607024149899
1,1,0.9141940354990964
1,1,0.8545661379009745
0,0,0.003490051285402735
0,0,0.004508444686171854
0,0,0.21630928963051435
1,0,0.40663677165643036
1,1,0.9863022692068849
0,0,0.0030049823784712108
0,0,0.007082465964748884
0,0,0.0026385539987419846
0,0,0.0027453634066510724
0,1,0.6477371334188596
0,1,0.5187212333859882
1,1,0.9743878580078768
0,0,0.025384099944958504
1,0,0.23072698475177703
0,0,0.1866086019588673
0,0,0.38336721251571554
0,0,0.02897588273450576
0,0,0.23861809134408496
0,0,0.005851479268030976
1,1,0.6616156733767258
0,1,0.7696902945426759
1,1,0.9892978673791716
0,0,0.004638143116432753
1,1,0.9888613356579218
0,1,0.5683097491997867
0,0,0.07315697643869983
1,1,0.8972483560359166
1,1,0.7039426793400602
1,1,0.5168641872581402
1,1,0.9633713613342421
1,0,0.22552654840123088
1,1,0.9883510205578201
0,1,0.7808443710321584
0,0,0.2765118113965224
1,1,0.9968761689408012
0,1,0.8876660482565946
1,1,0.8662900415033095
1,1,0.7286996601271633
1,1,0.9433761933098613
1,1,0.9915347924715242
1,1,0.874650463732714
0,1,0.6997437838720413
1,1,0.9869109143264683
0,0,0.0026642434668323225
0,0,0.006212931907749464
0,0,0.2798816772055015
0,0,0.019339664679804275
1,1,0.9950015039421798
0,0,0.002807574500619759
1,1,0.9074937048166984
1,1,0.9493546130365861
1,1,0.8164650650586095
0,1,0.7571625425622802
0,1,0.7118428466329453
1,1,0.9645213662670863
0,0,0.0012113634648480754
1,1,0.9784704770917996
1,1,0.9843536518162278
0,0,0.11988165115072129
0,0,0.07395715867843573
0,0,0.023134770742128982
0,0,0.006265649936721305
0,0,0.012308398102223993
1,1,0.9982747937925301
0,0,0.3451782887945472
0,1,0.5195687195288189
0,1,0.914483201090047
1,0,0.33998133979355866
1,1,0.9824216859262078
1,1,0.9956632746906768
1,1,0.9173891273190845
1,1,0.94075641329513
1,1,0.9724582226151455
0,0,0.005425343075437086
1,0,0.38618068261167876
0,1,0.8826411869100733
0,0,0.05616001460714753
0,0,0.002194089898437626
0,1,0.5945055675077122
0,0,0.010142796420501613
1,1,0.9933193100490302
1,1,0.9616646333432781
1,1,0.996510833456743
1,1,0.9339899964977826
1,1,0.9516421549529225
1,1,0.9083708811332505
0,1,0.9323697794513203
0,0,0.005038421121381917
0,0,0.4984061291334904
0,0,0.140751369283475
0,0,0.0025244120598363427
0,0,0.003357446018033318
1,1,0.876571769219641
1,1,0.9524636916809553
1,1,0.9959815323771198
0,1,0.5798704994225775
1,1,0.9668918546044392
0,0,0.002170079422755086
1,1,0.9874868939649564
0,0,0.24409624006120453
1,1,0.7099713260985698
1,1,0.6552300408279396
0,1,0.634060102040542
0,0,0.0024549659977972788
0,0,0.010164537944921233
1,1,0.9965734946163104
0,0,0.3768753518054723
1,1,0.9537535400068268
1,1,0.9252909738925132
1,1,0.648522519526884
0,0,0.31899426392909813
0,0,0.0028945757659170485
0,0,0.03518211262522055
1,1,0.9393644651064698
0,0,0.004554284395179134
1,1,0.9801541015466307
0,0,0.004286995420132683
0,0,0.006425767434406304
0,0,0.19785567544584592
1,1,0.893617625605859
0,0,0.151024609703747
1,1,0.9970973027808051
1,1,0.9971806868656449
0,1,0.7868638163080295
1,1,0.8853580527727303
0,0,0.014893666586092253
1,0,0.21226567780395592
0,0,0.23377370984353937
0,1,0.800168048541734
1,0,0.1646596192462015
1,1,0.6214018103900311
0,0,0.008231033803357643
1,1,0.9808997676094217
0,0,0.06650619740034801
0,0,0.0025028587862746927
0,0,0.026587418163901658
1,1,0.7851646258992012
1,1,0.7972347699991155
0,0,0.0033920929225845693
0,0,0.018700916616821703
0,0,0.0028657476635916856
0,0,0.11018026469375042
0,0,0.003588724695374233
0,0,0.014554837399249801
0,0,0.1481031791344648
0,0,0.004950023895331674
0,0,0.17190785621491303
1,1,0.9969111563597349
1,1,0.9051426593554132
0,0,0.4508737560794538
1,1,0.9978973828416854
0,0,0.036673891319086604
0,0,0.004142394253426816
1,1,0.8960637316981003
1,1,0.8096687325322622
1,1,0.9262690016273208
1,1,0.5774796795179732
1,1,0.9976502994864824
0,0,0.0037712200903276994
0,0,0.494015649270979
1,1,0.9308348848571342
0,1,0.8568239147840511
1,1,0.9440360130730258
1,0,0.09844136881389738
0,0,0.005256732709331649
0,0,0.004840823970434422
0,0,0.1520517832677707
1,1,0.825797139134904
0,0,0.1012892960286844
1,1,0.6944493112162022
0,0,0.08201925398686884
1,1,0.8756527664250249
1,1,0.9278197080037155
0,0,0.0034545700561638393
1,0,0.47335883840136184
1,1,0.9944919365694762
0,1,0.5874184162030883
1,1,0.5026964898897773
0,0,0.017773758580316115
0,0,0.238164006239275
1,1,0.5774311807092547
1,1,0.9877818126951127
1,1,0.9626356098715272
1,0,0.46030986476648
0,0,0.003276738084123114
1,1,0.9895848214319486
0,1,0.7571787281569483
0,0,0.19472915545411906
0,0,0.004923227858325898
1,1,0.7335555198334
0,1,0.6301631681753906
1,0,0.2388945667973977
0,0,0.0038410783229124706
0,0,0.04766335832472617
1,1,0.992020369257456
0,0,0.007987438144090428
1,1,0.9615565837242479
0,0,0.0031745880551509696
0,0,0.2932992942660324
1,1,0.9894078769112351
1,1,0.9933492543001599
0,1,0.8658095418989378
0,0,0.33082469272762793
1,1,0.9314704167083857
0,0,0.4632805700758807
0,0,0.003796518796020637
0,0,0.17966048866456527
0,0,0.00878366952016385
0,0,0.49526194116604133
0,0,0.005739974041644963
1,1,0.9595679144638853
1,1,0.8518290019262041
1,1,0.9945905996230048
1,1,0.9265052805266168
1,1,0.9731389190703363
1,0,0.12391601737575787
0,1,0.8215611168062829
1,1,0.9562154541888402
0,1,0.7354710989618846
1,1,0.6295479313837449
0,0,0.003048875429414521
0,0,0.004601397974485231
1,1,0.7607614483059947
1,1,0.997153651473977
1,0,0.44466062125194367
0,0,0.23943969278535607
0,0,0.05553544689869319
1,1,0.5840142392966977
0,1,0.5242219721913934
1,1,0.5801502009521402
1,1,0.9971556487068591
1,1,0.9546778100449517
0,0,0.004851834004482588
1,1,0.9795946413251352
1,1,0.9905757096144078
1,1,0.8917480620382207
0,0,0.4312092609776914
0,0,0.30653662314136504
1,1,0.9871584181038916
1,1,0.8909009239831436
1,1,0.9827499375033067
1,1,0.735674387232323
0,0,0.015463157155532195
0,0,0.0110228356459788
1,1,0.9363459794592995
0,1,0.9639902325809082
0,1,0.6043190922922004
0,0,0.01520139902903266
0,0,0.005848051443356285
1,1,0.960325518335019
0,1,0.8252554379067562
0,0,0.010797267049344403
1,1,0.9955044322462356
0,0,0.006706029001063617
1,1,0.9735040952962254
1,1,0.9437616222011541
0,0,0.17930426974905447
0,1,0.6403609276583129
1,1,0.9558581895061499
0,0,0.08968138969001288
0,1,0.5266854240283471
1,1,0.9758184240934907
0,0,0.0749869473990751
1,1,0.9963767971050715
0,0,0.04828157499661458
0,0,0.07700061242422923
1,1,0.997600839282946
1,1,0.9963970127220397
0,0,0.11681854881983604
0,0,0.2689430678806897
1,1,0.8321678543085803
1,1,0.9490218297033423
0,0,0.05011040740540362
1,0,0.4339778490175225
1,1,0.7128272204233205
0,1,0.9701160361736944
1,1,0.656590116402416
1,1,0.9023643812503543
1,0,0.2918091771946005
1,1,0.6925974403782386
0,0,0.0030185138050766425
1,1,0.6297805139943777
0,0,0.09916842694746704
1,1,0.9967198012703853
0,0,0.04777510124183896
0,0,0.2605629330117837
1,0,0.3049549537653342
0,0,0.02156366044242715
1,1,0.8506629645123714
0,0,0.09137241253341749
1,1,0.6557759267263937
0,0,0.49005186325199196
0,1,0.6836295723684805
0,0,0.19408634120981114
1,1,0.9951083375329648
1,1,0.6798199970742641
1,1,0.648273370545406
0,0,0.003052637470863776
1,1,0.9961359962822097
1,1,0.7565986408569105
1,1,0.9944499477620753
0,0,0.0037413677851929066
0,1,0.9865471756544868
1,1,0.994020336621972
0,0,0.0018455199592201873
1,1,0.9532445778765712
1,1,0.8139538283340443
0,0,0.012490632664536217
0,0,0.04229230161608787
1,1,0.9974843084323374
1,1,0.9661185580451764
0,0,0.06752922675347885
1,1,0.9579492528403222
0,1,0.6458959455930083
1,1,0.9306874601161322
0,0,0.008619222494792684
1,1,0.9953669512430192
1,1,0.987743007383438
1,1,0.7534095004864616
1,1,0.99335193769395
0,0,0.0018462378666094957
1,1,0.5574702795610073
0,0,0.38553420988103887
0,0,0.0020890392158098288
0,0,0.016614957023348167
0,0,0.007836925131639525
1,1,0.9331288120514422
1,1,0.9738110567808967
0,0,0.0036379756807974305
1,1,0.9399282179521009
0,0,0.36604266978573446
1,1,0.6232254342902591
0,0,0.004437583696293308
0,0,0.12440465879722563
1,1,0.9120471857355757
0,0,0.00395681555451211
0,0,0.006750142459578831
0,0,0.34732368308466305
0,0,0.1775750852131329
0,0,0.007636046052841031
1,1,0.7570962082511096
0,1,0.7694110716532004
1,1,0.8513043317734486
1,1,0.8284139245532306
0,1,0.8399355361232766
1,1,0.9970629361706611
1,1,0.7138054689309019
0,0,0.008196020913322189
1,1,0.9809671243207791
0,0,0.0043291067758575155
1,0,0.1266234361444433
0,0,0.043308643419528746
1,1,0.9371522472700181
1,1,0.9882789987156094
0,0,0.09195989240695113
1,1,0.981323399222847
1,1,0.9535944524318719
1,0,0.40482116090772563
0,0,0.007213337193773632
1,1,0.9950018117426783
0,0,0.0777634888506601
0,0,0.03094911425031106
1,0,0.05507213548950995
0,0,0.11377566060684348
0,0,0.0023179930897643405
1,1,0.9981193548327524
0,0,0.17592221970074232
1,1,0.8181327452049291
1,1,0.9792587824419382
1,1,0.8052612968178563
1,1,0.8169720921401883
0,0,0.007059292870790594
1,1,0.9659846930218364
1,1,0.9920088655275525
0,0,0.010245573133103585
1,1,0.9377582422666254
1,1,0.6062234204097136
0,1,0.8988493824172817
0,0,0.006306032306328732
0,0,0.49168385525334557
0,0,0.09438466401589085
0,0,0.1089955584770896
0,0,0.004618786371933693
1,1,0.934108872153708
1,0,0.2671105277676307
1,1,0.9335200035654342
0,0,0.3455423555384301
0,0,0.050664985201043955
0,1,0.6321118330047053
0,1,0.8298996282654215
1,1,0.9227500853505951
0,0,0.3481697470234697
0,0,0.09825660049460903
1,1,0.9259549876073119
1,1,0.8327462244703153
0,0,0.04670365431326281
1,1,0.6466836124661585
0,0,0.26772472246506446
0,0,0.0028033096238292976
1,0,0.16778378929675672
1,0,0.25161999998542095
1,1,0.9893178178394343
1,0,0.08804213390982475
1,1,0.9981196589018388
0,0,0.014663580788320323
0,0,0.035269961285180486
1,1,0.8909873041538577
1,1,0.9968204490993958
0,0,0.4283372213224442
0,1,0.9702105509946787
1,1,0.9829463544424829
0,0,0.1809010568075885
1,1,0.7715653457424518
1,1,0.9973146302466952
0,0,0.003723744853050525
1,1,0.9332225983522809
0,0,0.03084551178139619
1,1,0.8897808209268443
1,1,0.935100708126944
0,1,0.6286183221947543
0,0,0.017740567940328387
1,1,0.9540751513125354
1,1,0.9725745757483465
0,0,0.01252061760103551
0,0,0.19813703176919203
0,1,0.9865617196012423
1,1,0.9317035186266142
1,1,0.9418734720885723
1,1,0.6380870798234267
1,1,0.6036348512247812
1,0,0.046876854750096675
0,1,0.5941082992175619
0,0,0.04705239496610648
0,0,0.002479784068322001
0,1,0.8485674717700622
0,0,0.46438394027504165
1,1,0.6913047607304814
0,0,0.2524215059677865
1,0,0.2751965637215292
1,1,0.9969657357313206
0,0,0.005149357941986625
1,1,0.9680634096898421
0,1,0.8954727872312489
0,1,0.9516842301778669
1,1,0.9121185016860126
0,0,0.0058674581783494315
1,0,0.41494323741387423
1,1,0.6723758995658452
1,1,0.9566319558260936
0,0,0.20353382038509338
0,0,0.49509031998030384
0,0,0.015880346937931705
0,0,0.3702385268053006
1,1,0.7638911196200172
0,1,0.6583428790998337
0,1,0.9740068205038237
1,1,0.9561559952078925
0,1,0.8005561905407091
1,1,0.962578802141273
0,0,0.007665722718992966
1,1,0.904785426696371
1,1,0.6675222488066818
1,1,0.7269764675697346
1,1,0.9852096043400899
0,0,0.1408341543683088
0,0,0.011888446045398737
0,0,0.0039785691454840115
0,0,0.0029042565393067508
0,0,0.023345249323156004
1,1,0.986735234281765
0,0,0.001891173656555518
0,1,0.5688714247018999
0,0,0.0194571719207521
0,1,0.8653950640919265
1,1,0.6380253409982064
0,0,0.016043663660904227
1,1,0.9929107895128606
0,0,0.038215253688528954
0,0,0.0028872899393362675
1,0,0.08167152682232247
0,1,0.9809224778687642
0,0,0.028600751461774505
1,1,0.7928517020060145
1,0,0.10003951188586269
1,1,0.9806783224306038
0,0,0.018196570370921185
1,1,0.9970564058924912
1,1,0.9361583502800922
1,1,0.8743841607221773
0,0,0.14659017725442294
0,0,0.024746910724293993
0,0,0.002286470778396161
0,0,0.005999008855910308
0,0,0.06835828233918607
1,1,0.9237057241453952
0,0,0.005956048071776181
0,0,0.2746802561506924
1,1,0.6241634929020949
0,0,0.18611713133580907
0,0,0.0035199071353594785
1,1,0.9544344871494506
0,0,0.043767842781488764
1,0,0.023551921753245428
1,1,0.9800153411131663
0,0,0.013509859528964186
1,1,0.6416517450555114
0,0,0.1292788667681591
0,0,0.1526504898021335
1,1,0.945676417483301
0,1,0.9406416994457781
1,1,0.8847457425938025
0,0,0.12086187762399479
0,0,0.0047657270495355016
0,0,0.05006724084619582
0,0,0.019632348221954685
0,0,0.0033861333471440643
1,1,0.9242079878466595
1,1,0.9752130123868387
0,0,0.04299379701803665
0,0,0.026941185938078784
0,0,0.0035503084063746386
1,1,0.8917518181288866
0,0,0.0024628867104219934
0,0,0.0035941357174797198
0,0,0.13888165259658408
1,1,0.9322996802596943
0,0,0.013902938491146625
0,1,0.7618503781747684
1,1,0.9959696617911202
0,1,0.9259947489616828
1,1,0.9699340273347382
1,1,0.5543930300115448
1,1,0.9864787776510293
0,0,0.022156835715758685
1,1,0.9697433526958666
1,1,0.7971939623038414
1,1,0.9678354312375589
0,0,0.09985985828008133
1,1,0.9738609844667346
1,1,0.9976700756977591
1,1,0.9782761226456552
1,1,0.6299765309198824
1,0,0.14286436868944985
0,1,0.9685471611638982
0,0,0.06286046225930562
0,0,0.002469803787098414
1,0,0.06912033518700872
0,0,0.0945253534039009
0,0,0.14605089038774136
1,1,0.888271891208833
1,1,0.9489515823970649
0,0,0.2324548429664927
0,0,0.012164511648016614
0,0,0.09194642024663574
0,0,0.05839892504757007
1,1,0.9688093737598088
0,0,0.2805930229352381
1,0,0.4863606156080473
1,1,0.8489142989562155
1,1,0.9795401526615146
1,1,0.9950006557605184
1,1,0.88261059421475
0,0,0.015908172077305452
1,1,0.9608521412362169
1,1,0.980045747188785
0,1,0.9361921246355712
0,0,0.001218085174572854
0,0,0.48776365824743567
1,0,0.12741827028023167
0,1,0.5936640163787105
1,1,0.9856909452936248
0,1,0.8678829434919176
1,1,0.977025228547863
1,1,0.9860326018789468
0,1,0.6018383308942753
0,0,0.1388738728813279
1,1,0.7256236822669616
0,1,0.8670151374797533
1,1,0.9761854578003658
1,1,0.9714916715201248
0,0,0.01626488662005591
0,0,0.2994121881691771
0,0,0.0024072253705334054
0,1,0.5313335833976692
1,1,0.9691146050986453
0,1,0.6442322438206624
0,0,0.0032039269794448383
0,0,0.00233547558739639
1,1,0.6913896706172271
1,1,0.8372980453209049
0,0,0.1163037265804467
0,0,0.32434442170594996
1,1,0.883576474296473
1,1,0.9964553416863083
0,0,0.0021828653234126564
0,0,0.09232034408396594
0,0,0.39163488884012115
0,1,0.8927693581352529
1,1,0.9862631370941206
1,1,0.9404936744400308
0,0,0.0028295768805399767
1,1,0.86594916658522
0,0,0.13185418690332082
1,1,0.9972757100587053
0,1,0.7021410201548287
1,1,0.974356687980629
1,1,0.847640010522424
1,1,0.8064171879586802
1,0,0.1702545556491517
0,1,0.9149821497956538
0,0,0.0032310135381519826
1,1,0.9946985116625976
0,0,0.0029122758900233504
0,0,0.030540211683755532
1,1,0.8548885268250132
1,1,0.8970548982860462
1,1,0.9912060318205603
1,1,0.8797246334275949
1,1,0.9554630208214318
1,0,0.17522648644418393
0,0,0.04195343420874861
0,1,0.7192968571317407
0,0,0.05892909510414371
1,0,0.2689370955835562
1,1,0.9711720617975818
1,0,0.07624764867745944
0,1,0.8582454980670039
0,0,0.15777340341664525
1,1,0.8307911902050052
1,0,0.3775104662713635
1,1,0.9420430413396567
0,0,0.05421026063547283
0,0,0.023267983083648764
1,1,0.9940300210335199
1,1,0.9910866081010065
0,0,0.04703150916605011
1,0,0.457375222808691
1,0,0.22284377085278684
0,0,0.07200995559033438
1,0,0.09676160267594197
1,1,0.9413966423257966
0,0,0.02364772791873115
1,1,0.9578720576319668
1,1,0.9388353740174827
0,0,0.07610584005094846
1,1,0.9705928398024826
1,1,0.9819330026408778
0,0,0.02808915722960384
1,1,0.9438577895177148
0,1,0.7085474826428095
0,1,0.6281961321465724
1,1,0.967795302964304
0,0,0.0019235110293278816
0,0,0.019092805541668433
0,0,0.004457133597065667
1,1,0.9975283161780032
1,1,0.8825863418802008
1,0,0.007734784890079421
1,1,0.8663713095965612
0,0,0.011578363492300006
1,1,0.9656330177371228
1,1,0.8623081585362705
1,1,0.9976970960685958
0,1,0.8051390928556744
1,1,0.9443869460021338
0,0,0.30063342364702367
1,1,0.5947759025075064
1,1,0.7123485124029125
0,0,0.2813872427600382
1,1,0.7872561895588718
1,1,0.8357844982975213
1,1,0.9818109481672269
1,0,0.2744030982046841
0,0,0.019444745102615534
0,0,0.13842595089930868
0,0,0.11601131950681236
1,1,0.9984961641433913
1,1,0.9718572753421292
1,1,0.9744301632828103
1,1,0.9970545036748626
0,0,0.08250105252117156
1,0,0.18791729822441017
0,0,0.1144700885256127
0,0,0.007343256053426225
0,1,0.9115427546901035
1,1,0.8929717150366088
1,1,0.9977316723035249
1,1,0.7983042949268251
0,0,0.0030798895077780593
0,0,0.2691229262117732
0,1,0.851055515620602
0,1,0.902493202894362
0,1,0.6619366249310468
0,0,0.002740242935158421
1,1,0.9984680987082375
1,1,0.9826270102979814
0,0,0.09408209726463035
1,1,0.9636605172565084
1,1,0.9929662761588441
1,1,0.9965859534021275
0,0,0.014447439166176917
1,1,0.9703340474707288
0,0,0.05269575059434329
1,1,0.9970169809826915
1,1,0.9787206195723859
1,1,0.9954778183189261
1,1,0.9960195199935887
1,1,0.6319424595495374
1,1,0.9924318581621315
0,0,0.07431863833177414
1,1,0.9943062051719189
0,1,0.5938041311613107
0,0,0.004096424811495041
1,0,0.49491930423074487
1,1,0.5641706979655458
0,0,0.03372857094031875
1,1,0.8840682247757191
0,0,0.0568972886797627
1,1,0.9913668073116825
1,1,0.9917172180758701
1,0,0.2767936852483007
0,0,0.00964055952077257
0,0,0.30996684004871294
1,1,0.7934825976588803
0,0,0.09453048214665327
1,1,0.9299979937459578
0,1,0.5431329082582194
1,1,0.8073845705662924
0,0,0.004896729070541479
1,1,0.622749122674333
0,0,0.0034781842833785086
1,1,0.9973271268513187
1,1,0.5847732869354639
0,0,0.1401709384785312
0,0,0.38359933463668
1,1,0.9816310564698835
1,1,0.9524996245271277
1,1,0.9024210354367331
0,0,0.006255794502234578
0,0,0.003358373805423821
0,1,0.9237903480477394
0,1,0.9353558057097403
1,1,0.9104688114038092
1,1,0.9577920392148473
1,0,0.24205585632134663
1,1,0.9393029832816581
1,0,0.4509089096328582
1,1,0.996945375356539
1,1,0.9795068067807807
1,1,0.9227054305240442
0,0,0.26414498405425973
0,0,0.07554995891803694
0,0,0.08088112529677688
1,1,0.8393836329385039
0,0,0.08010716680986343
1,1,0.742275917494429
0,0,0.008750451012155401
1,1,0.9785995843501126
1,1,0.9575535652900887
0,0,0.40208784947811793
1,0,0.17756765628620816
1,1,0.8493922475382938
0,0,0.004285936364993669
1,1,0.9564421953594225
0,0,0.09223003625292707
1,1,0.5513823564338809
1,1,0.9795364790172738
1,1,0.8776202842499362
0,0,0.3935587776404394
1,0,0.060428367484082396
1,1,0.5154872040489936
1,1,0.9440216730484238
0,0,0.3307867478758483
0,1,0.5196823195113625
1,1,0.9937868555323629
1,1,0.9938781263530418
1,0,0.3986439202875946
1,1,0.9873913189264393
1,0,0.44664654341084553
1,0,0.45161541117403975
0,0,0.06681542232798643
1,1,0.8265370120142498
1,1,0.9682384562017993
0,0,0.004326729520323382
1,1,0.9815053859949009
0,0,0.07372599976033167
0,0,0.17265074672798789
1,1,0.9886046639746437
1,1,0.9981910609411616
1,1,0.8510414538603929
0,0,0.42771119363953086
1,1,0.5132454914770007
0,1,0.7926701680744128
1,1,0.998841469643818
0,0,0.11409647814644384
0,1,0.6357320133823259
0,0,0.002481880590625764
1,1,0.9958848790739906
0,0,0.02787995964149287
0,0,0.004386796611267581
0,0,0.27169371514028656
1,1,0.7251265057684934
1,1,0.9623015810774338
1,1,0.6832479102338894
1,1,0.5463230340454635
0,0,0.04401022379797708
0,0,0.025818711037647334
1,1,0.9330352444507132
1,1,0.8794112097563948
1,0,0.08286448175709475
1,1,0.945856487063348
1,1,0.9959313236754784
0,0,0.0030230082151967348
0,0,0.022316346502307752
1,1,0.9199455098786933
1,1,0.9821139037892005
1,1,0.9765118380546219
0,0,0.17073380394856538
1,1,0.811362115090259
0,0,0.0021722730388276973
0,0,0.050207246299093344
1,1,0.9875793314485118
1,0,0.0035270080425254765
1,1,0.766136654879587
1,1,0.9712491502931639
0,1,0.8852479183050402
1,1,0.9820029819035238
1,1,0.9213044838959886
1,1,0.9762209147531332
0,0,0.01618079019304948
1,1,0.9673722142605533
1,1,0.9645099475237048
0,0,0.005724616123176855
1,1,0.9927267485739112
0,0,0.01820529187067358
0,0,0.15725248237241474
0,0,0.15663585593035603
1,1,0.9319181502132002
1,1,0.8964053845343107
1,1,0.9274682599538534
0,0,0.004838781785095205
0,0,0.18586350725162526
0,0,0.009274678600035141
1,1,0.9954561039574541
1,1,0.988048173179149
0,0,0.0062985525139150735
0,0,0.00299862563730278
0,0,0.003528507569836109
1,1,0.9871088075727433
0,0,0.001751612309179265
1,1,0.9979289402036214
0,0,0.003376983859570796
1,0,0.40697822050060894
0,0,0.009122671194172791
1,1,0.5656018483564926
1,0,0.43762184696794576
0,0,0.49439226909419803
0,0,0.0028212366033332904
1,1,0.9937678636987876
1,1,0.989731664783389
1,1,0.9973303307922791
0,0,0.40951888521769475
0,0,0.008725285310281746
0,1,0.5191233013952656
0,1,0.6010094284093886
1,1,0.898071154515003
1,1,0.9780861589613493
0,1,0.7293209247067455
0,1,0.758976826727559
1,0,0.2694514251989319
0,0,0.07278733973930246
1,1,0.7398986058258217
0,0,0.07577497435437568
1,1,0.9921883146935876
1,1,0.9460341006860987
0,0,0.05935639876340481
0,0,0.04103985270386968
1,1,0.9434191704948685
1,1,0.9517159130418905
1,1,0.9497006037955439
0,0,0.0381120390218806
0,0,0.30160911841366994
0,0,0.022682694545721555
1,1,0.9091987640151092
1,1,0.8983185384160505
0,0,0.008002010168555226
1,1,0.9938502549096208
0,0,0.04377453018728286
1,0,0.3365319500433319
0,0,0.005472774178847228
1,1,0.947599655450138
1,1,0.9965998906299994
1,1,0.8569480788383048
1,1,0.8918990527108491
0,0,0.06369055459097027
0,0,0.14147464963387568
1,1,0.9770067582236933
1,1,0.5180210910758417
1,1,0.8873267773994059
1,0,0.24440940683239679
1,1,0.9822828436071948
0,0,0.0022946195208186945
0,0,0.011673390449022386
0,0,0.0033889568639243407
1,1,0.7507151676869439
1,1,0.9963076660210745
1,1,0.983890308926702
1,0,0.07677903753011649
0,0,0.02249744891940661
1,1,0.9985066856928658
0,0,0.054372007511358324
0,1,0.8002697538635276
1,1,0.8244171569850307
1,1,0.9241582451766153
0,1,0.5122749067219924
0,1,0.6027940202296129
1,1,0.8713679277866211
0,0,0.006208646164904572
0,0,0.012270703465445574
1,1,0.8084806709061173
0,0,0.12359476884511889
0,0,0.3437488630105712
0,0,0.0027114831966898053
0,1,0.6168782282588916
1,1,0.9892870126438232
0,0,0.02420254135468254
0,0,0.014373626561958697
0,0,0.0023045935460250695
1,1,0.9687025000965407
0,0,0.004160835654164651
0,0,0.14841431123025992
1,1,0.8604753672819462
1,0,0.2119952569604915
1,1,0.9951719460247138
1,1,0.9838829601727812
1,1,0.9243393484127745
1,0,0.35284023163838624
0,0,0.37223046566979484
1,1,0.9908651370243843
0,0,0.11825856912519711
1,1,0.9429946014228902
1,1,0.9303104541504407
0,1,0.7614279790306533
1,1,0.9317377708871649
1,1,0.9966587226570057
0,0,0.4793264825004436
1,0,0.21155538797451703
1,1,0.9926758335755871
0,0,0.1324249607347218
0,0,0.006829538235822931
0,1,0.9676743986541458
1,0,0.41155825140108
0,1,0.9158278592819354
0,0,0.0018846538653111346
0,0,0.07024739752074148
0,0,0.12498593732075262
0,1,0.7567856496349528
1,1,0.9280059367636116
0,0,0.07720994811443506
0,0,0.2002225104712073
0,0,0.035561788724142944
1,1,0.965046492847188
1,1,0.9368766204746765
1,1,0.9881754092389358
0,0,0.002355064080033606
0,0,0.23481338572275043
1,1,0.968004391898828
1,1,0.9804512934633672
1,0,0.23420948522122276
0,0,0.20113700019718106
0,0,0.2509629749343624
0,0,0.008838951815259425
0,0,0.08918011444449449
0,0,0.01563495836069349
0,0,0.07321466616654099
1,1,0.9239493434407763
1,0,0.42074056045414593
0,0,0.14831615230341733
1,1,0.5066295459070841
1,1,0.9591897669552019
0,0,0.37853588756374773
0,0,0.007911849371828653
1,1,0.9673117292214274
1,1,0.9959056951028286
1,0,0.391735108845233
0,1,0.641103443622649
1,1,0.9851524677148907
0,0,0.011469963082482229
0,0,0.008727621089156097
0,0,0.193192362825361
0,1,0.8884295373480208
0,0,0.004101421845307496
1,1,0.8231701452897789
0,0,0.007680236483054731
1,1,0.9652688148396016
0,1,0.8005180665563151
1,1,0.9152148747508173
0,0,0.22258920674596358
0,0,0.004304797986956164
0,0,0.02754545359718641
1,1,0.972733094688541
0,0,0.09937605981792565
1,1,0.9885361064679001
0,1,0.5886463959615246
0,1,0.5591214908553983
1,0,0.24288975670680815
0,1,0.6410768781884539
1,1,0.9647605860761538
1,1,0.5598695670377342
0,0,0.002826230918485908
1,1,0.9957250819926307
1,1,0.9846342149990713
1,1,0.9656838110150184
0,0,0.17413939962551428
1,1,0.9830083246375082
0,0,0.004810843831416427
0,1,0.6983793254546581
1,1,0.9971588860734445
0,1,0.5413699813861336
1,1,0.851761101062943
1,1,0.9946378882929346
0,1,0.8219846962786868
0,1,0.7717124161004802
1,0,0.1687006634835617
1,1,0.9446984348849025
1,1,0.8053405896542368
0,1,0.6405994376199361
0,0,0.004110899227741628
1,0,0.028507444216022543
1,1,0.9943430501632152
1,1,0.8222927051435502
0,0,0.004505533577725266
0,1,0.6100035433149017
0,0,0.02893592230383758
0,0,0.004442573930090375
0,0,0.00490583909631851
0,0,0.0016247638859897412
1,0,0.11912439461529378
0,0,0.10957861951464896
1,1,0.5004881644271443
0,0,0.00864961120210332
1,1,0.9802040286519924
1,1,0.9962317853449113
0,0,0.005024664963379091
1,1,0.7312925201787129
1,1,0.8117814516899716
0,0,0.0051325248886787056
1,1,0.8751468259225118
0,0,0.0035200444761364275
1,1,0.9158824705390002
0,0,0.023406050561350162
0,0,0.004294320319925756
0,0,0.023669735285403424
0,0,0.04643335636235321
0,0,0.013420891524289337
1,1,0.9939680822135522
0,1,0.7660438355235976
0,0,0.3716510444588567
1,1,0.9968288271494439
1,1,0.6069404696692587
1,1,0.8902606356503363
1,1,0.7430111229443086
0,0,0.00674500406217596
0,0,0.0014453261573101547
0,1,0.9250233979828827
1,1,0.9867488628063298
0,0,0.033808860829936525
1,0,0.17105189693540193
1,1,0.8300502991415901
0,0,0.4239458229498461
0,0,0.002559803488660362
0,0,0.34376904192595154
1,1,0.8122475307723406
1,1,0.992954656228458
1,1,0.9906397212678959
1,1,0.9104601964100899
0,1,0.7725627272064304
1,1,0.9968049557343641
1,0,0.19066762492241396
1,1,0.9814442202925328
0,1,0.587594361963669
1,1,0.998131457212236
1,0,0.394358037199644
0,0,0.4884469626942555
0,0,0.0018721834569757339
0,0,0.43081712997971433
0,0,0.0026684304717497984
1,1,0.9832615230799004
1,0,0.35778317339635746
0,0,0.11605565223002152
1,1,0.8919999531628835
0,0,0.045297279336101386
0,0,0.07171494977489258
0,0,0.011093561002777773
0,1,0.6970352012118276
0,0,0.0023165688045972185
0,0,0.01774322365840773
0,0,0.002749689300945804
1,1,0.9910254683031701
1,0,0.15759121342492038
0,0,0.4342632311662535
0,0,0.4940391745456217
0,0,0.002714892496777825
0,0,0.008125154374725685
0,0,0.007384408294711395
1,1,0.9966072645574663
0,1,0.8645888946000179
0,0,0.1292975385089721
1,1,0.9870759188314681
1,1,0.8186291071557928
0,0,0.008869290710541001
0,0,0.030506066462445327
1,1,0.687492603092667
0,0,0.050948599201539636
0,1,0.9541045875774281
0,0,0.012160564944255636
0,1,0.7398986058258217
1,1,0.9958730237501768
1,1,0.9353309579159169
0,0,0.10563290976843102
0,0,0.2458471827110165
1,1,0.8192781751549494
0,0,0.4358784578299219
1,0,0.059667846932412665
0,0,0.2912376391720188
0,0,0.018222122407666907
0,0,0.14873891408257267
1,1,0.758026417812062
1,1,0.9532737068389149
0,0,0.0022959024014535274
0,0,0.025540728792503464
1,0,0.054987160369102873
1,1,0.7613772159766121
0,0,0.052152775314965906
0,1,0.6933584744830196
1,1,0.9352511210435878
0,0,0.44393958924640026
0,0,0.013571477774299158
1,0,0.36859757277662775
1,0,0.36129541401579196
1,1,0.9931050749354203
1,1,0.8570850062216251
0,0,0.010438567970928826
0,0,0.03686711341078714
1,1,0.990947385108741
0,0,0.003765582722916603
0,0,0.00427518298611488
0,0,0.002236519989893402
1,1,0.8647064327428681
0,0,0.19868632278496548
0,0,0.0019436389247137371
1,1,0.8014047547497721
0,0,0.0732538391909721
1,0,0.19273151745015016
0,0,0.009513270887031612
1,1,0.9598747280482917
1,0,0.33162619257055437
1,1,0.921586827317551
0,0,0.0023410197174030703
0,1,0.7153026718854023
1,1,0.9938950901047723
0,0,0.20462348765763946
0,0,0.011511463565686409
0,0,0.02120930119967603
0,0,0.018109582050413454
0,0,0.20825142821374007
1,1,0.9977644037784796
1,1,0.5288502249437412
0,1,0.8174627746127104
1,1,0.734057797892414
1,1,0.792063367808295
0,0,0.0725425560148492
1,1,0.9466995695477897
0,0,0.0031224664288313484
0,0,0.0058852034247190675
1,1,0.7363895573893292
1,1,0.7197792252941454
0,1,0.6713882344570677
1,1,0.8128198639765261
1,1,0.996542948219176
1,1,0.9963776171329494
0,0,0.09544618343247195
0,0,0.0074484213508975924
1,1,0.8010381190404545
0,0,0.0029518361707720313
1,1,0.9964371199806096
1,1,0.6248302582830146
1,1,0.6317404262856986
1,1,0.8278161282456612
0,0,0.2896009151627867
1,1,0.6969663827609077
0,1,0.6448497780216756
1,1,0.9679744809969737
1,1,0.9815419639361199
0,0,0.007348846608833184
1,1,0.9924788436625289
1,1,0.9981779285898953
0,1,0.797273023939924
0,1,0.8416666304213675
1,0,0.12095895240244652
1,1,0.9956837721350924
1,1,0.512145343295407
0,0,0.0876595176293971
1,1,0.6984869266166811
0,0,0.3324062200038374
1,1,0.9907947932666126
0,0,0.174889084340749
0,1,0.57343272782057
0,0,0.07081451449839227
0,0,0.07598600104216258
1,1,0.9941764273411341
0,0,0.07791200265916136
0,0,0.13086127924155222
0,0,0.001985248427540805
1,1,0.5910656225123699
0,0,0.005017432447230387
0,0,0.3561779959458071
1,1,0.9948287908984637
0,0,0.0022507296448571468
0,1,0.722223721401674
0,1,0.6247112380617167
0,0,0.3984367116234082
0,0,0.0015775629648444925
1,1,0.6820574606596698
1,1,0.5200413147832471
0,0,0.40504768212178915
0,0,0.3468110957183759
1,1,0.9900798287503599
1,1,0.981444959127125
1,1,0.7995268895076295
1,1,0.926649201595957
1,1,0.9146689671716878
1,1,0.6548853189924363
0,0,0.001629679046547985
0,0,0.009003159995179354
1,1,0.9547437533838187
0,0,0.24494763904607963
1,1,0.9853628559642139
0,0,0.013686863748064243
1,0,0.3086775556595173
1,1,0.5529829952824513
1,1,0.930807856117266
1,1,0.9694687927230352
0,0,0.10371183259183199
1,1,0.868224717267733
1,1,0.9921665377918186
0,0,0.014438826644778878
0,0,0.0032647723761035745
1,1,0.9526304919540699
1,1,0.9517440808861638
1,1,0.7323090569704279
0,0,0.007732220948370332
0,0,0.004322602093235058
0,0,0.1350654877129156
0,0,0.04531239122703473
1,1,0.9005249886628208
1,1,0.7488021752340485
1,1,0.6452451649440656
0,0,0.004334724691901796
0,0,0.006805208283592344
1,1,0.958652274681825
0,0,0.09334717108769236
0,0,0.0716007248664475
0,0,0.001679767712912563
0,0,0.021897820612394994
1,1,0.9195365359897676
1,0,0.38587056006111764
1,1,0.9861465536552728
0,0,0.03076711354354689
1,1,0.9950859233564255
0,1,0.7117114442949243
1,1,0.8802073917781695
0,0,0.02232824989464775
0,0,0.004162332409695523
0,0,0.005087593049723414
0,0,0.006091654348670361
0,0,0.07028325090264619
1,0,0.3102336892375977
1,1,0.57663593777582
0,1,0.669751547831838
1,0,0.472002526321877
1,1,0.9981419772533853
0,1,0.7895618352229076
0,0,0.003514120468124222
0,0,0.038917341980496005
0,0,0.06141054542140708
1,1,0.9442147283227936
0,0,0.19981199052659948
0,0,0.017143531004314042
0,1,0.7427259913611642
1,1,0.9843199614632524
0,0,0.01606184858525055
0,1,0.5613410811034184
0,1,0.8309387351031975
1,1,0.9722744688368302
1,1,0.9624209718359173
1,1,0.8065553941367455
1,0,0.4861099427583011
1,1,0.9972550895892471
0,0,0.014868052969008838
0,0,0.006248415517650496
0,0,0.11973887461374329
1,1,0.7783814979336876
1,1,0.997115326626718
0,0,0.01163584540297402
1,1,0.9975663572668746
0,0,0.010675350718714676
0,1,0.8961156998187864
1,1,0.8196267865156095
1,1,0.9752839031808872
1,1,0.9651487054955288
1,1,0.9000606114999382
0,0,0.03551188697164161
1,1,0.9958238951401516
1,0,0.2589196181938238
1,1,0.9976770262730134
0,0,0.004871869239200604
0,0,0.04016935769426099
1,1,0.856406450569385
1,1,0.9977925501337572
0,0,0.010862001683071493
0,1,0.841547771768889
0,0,0.05183642395967616
0,0,0.09409436092791988
0,0,0.14367109384255472
0,0,0.15171951050572013
1,1,0.9629849026148524
1,1,0.9708730212639489
1,1,0.9491342809305285
0,0,0.19248193314017162
1,0,0.26905808012463145
1,1,0.9967526862491782
1,1,0.9549972701170234
1,0,0.1071795825897107
0,0,0.181183157976024
1,0,0.06425794506027911
1,1,0.9953826950531566
1,1,0.7519569292955488
1,1,0.7464743805985833
0,1,0.7862989891552035
1,1,0.7900669792063252
0,1,0.5060896357372111
0,0,0.013993033499705904
1,1,0.992126004294256
0,0,0.002891839939161818
1,1,0.7472122904297871
1,1,0.9644533962824959
0,0,0.05244236809687517
0,0,0.16077792109621783
1,1,0.6809957427929559
0,0,0.22620309864039226
1,0,0.4790384579445146
0,0,0.008040821474956142
1,0,0.027341899212879783
0,0,0.02407623560002845
1,1,0.9747478214350496
0,0,0.01286679836636607
1,1,0.953849238844993
0,0,0.261018899014448
0,0,0.006801124383241398
1,1,0.7597519716923147
0,0,0.004210332690221665
0,0,0.04790293984004639
1,1,0.9947457018462548
0,0,0.009550192294629861
0,0,0.006817150856281425
1,1,0.9964134071978866
1,1,0.9973702416851009
0,0,0.04359408848322075
0,0,0.017035381215815062
0,0,0.011631425236870574
1,1,0.9542224501419047
1,1,0.9690454720478391
1,1,0.9836938664214413
0,0,0.0024656011080750498
0,0,0.061572220225379136
1,1,0.7636985749876338
0,0,0.34131278229140555
1,0,0.3861594066338778
1,0,0.12061342325743281
0,1,0.773330298321998
1,1,0.8929554324321515
1,0,0.06086889529465611
0,0,0.200304294534939
1,1,0.962247758217651
0,0,0.004902037058404521
1,1,0.9980498013236282
0,0,0.2009658884700882
1,1,0.9934222758791537
0,0,0.004575148243858746
1,1,0.8136140753403405
1,1,0.816369167273861
0,0,0.2897288282048327
1,1,0.8002209859133913
1,1,0.972468154176561
0,1,0.533611588684528
0,0,0.11105004459553919
1,1,0.9273868268979729
0,0,0.013791384478840119
1,1,0.9527339405562177
0,0,0.003951296063608944
1,1,0.7848452409492065
0,0,0.1576037364803851
1,1,0.997238856864518
0,0,0.0272379122431675
1,1,0.953441197017222
1,1,0.8437750402231058
0,0,0.3876214693160091
0,1,0.7063643970389006
1,1,0.940547259056932
0,0,0.025350650318713346
1,1,0.998421885655258
0,0,0.03317324214800989
1,1,0.9915600635699007
0,0,0.008886564728533228
1,1,0.5860805156742852
1,1,0.9271833410486022
0,1,0.6805379630440284
0,0,0.017877222334134812
1,0,0.1944668570350608
1,1,0.9897211387612264
0,0,0.0022752425657645344
1,1,0.8781591774631229
0,1,0.5530480292663342
1,1,0.992427390333801
1,1,0.9973989356048003
1,1,0.5365828823578411
1,1,0.9822100538935331
0,0,0.005858886285924024
1,1,0.9554872807876599
0,0,0.4538241781903685
1,1,0.9937669562729078
1,0,0.12701000227793224
0,0,0.23803483694500557
0,0,0.0054289139532387905
0,0,0.039716493513854055
0,0,0.0051903743722532605
1,1,0.8846858099445903
1,1,0.9616921750678747
0,1,0.5933982776887059
0,0,0.007544814594081812
1,1,0.8351419945715272
0,0,0.007333727233084596
1,0,0.08309445163366512
0,0,0.00294541220832505
1,1,0.9115572296032294
1,1,0.6331449215645891
0,0,0.09092353220544576
1,1,0.9041401340005915
0,1,0.6011682222870285
1,1,0.9899017413838674
0,0,0.04010926957080385
1,1,0.9878021191307899
0,0,0.002486498010796162
0,1,0.6839870405958169
0,0,0.011910019923947704
1,1,0.6637539427940099
1,1,0.9837873915097908
1,1,0.7533141587686218
1,0,0.25770358930512394
1,1,0.9671398257679248
0,0,0.18426884176858338
0,0,0.08994928807725744
0,0,0.05082296244170245
1,1,0.9310074241889142
1,1,0.9582067690738457
1,1,0.8384779661199434
0,0,0.13437963766725805
0,1,0.7824102292963842
0,0,0.01459566428768602
0,0,0.060142705615778114
1,1,0.9959010704032996
1,1,0.9814546455799323
1,1,0.7613412288043198
0,0,0.004579839626747393
1,1,0.9120821244812402
1,1,0.6468265823003031
1,1,0.8604882846834094
0,0,0.10849967405062273
0,0,0.007192877285580272
0,1,0.5091510769314099
0,0,0.27332795058111065
1,1,0.9622739501057528
0,1,0.8845042251858987
1,1,0.9976761847189746
0,0,0.3540929892115045
0,0,0.0047416280228278025
0,1,0.6768182819194531
1,1,0.7659988104249864
0,0,0.025729375286891315
1,1,0.7424309233288398
0,0,0.00843800316370519
0,1,0.8845439862181514
0,0,0.3948651355211652
0,0,0.008968945090304789
0,0,0.23995568740681872
0,1,0.8234226002613929
1,1,0.9669837132041296
0,0,0.15364659856442475
1,1,0.9134491595491356
1,1,0.9937660067281021
1,1,0.9486352290977705
0,0,0.010141963690515834
1,1,0.994067999233854
1,1,0.9292953452200429
1,1,0.8259850068773877
1,0,0.02100649199067651
1,1,0.9683190714489429
0,0,0.003884105099336258
0,1,0.6655191476314939
1,0,0.2464281354772607
1,1,0.8869584756654448
1,1,0.9749575852427027
1,1,0.9162175349848133
1,1,0.8508968652671611
0,1,0.5836565997506197
1,1,0.9160164957944148
0,1,0.8330738201937248
0,0,0.016731427226301502
0,0,0.06353935596977041
1,1,0.9761361008804424
1,1,0.9966628714724713
1,1,0.8258184415335975
1,1,0.9813269000003455
0,0,0.01399822141970447
0,1,0.5472750719665749
1,1,0.9091008244035655
0,1,0.6061169067533777
1,1,0.8672207845610459
0,0,0.06553978133442823
1,1,0.7435226508532055
0,0,0.013117504162967775
1,1,0.9735577696792737
1,1,0.9680418082069971
1,1,0.9956126542287581
1,1,0.8373178162760482
0,0,0.002966828430544813
1,1,0.9771926113726117
1,1,0.9281808009712466
0,1,0.5194136355986892
1,1,0.9454402680098263
0,0,0.0033716726842767247
0,0,0.2666672858867159
0,0,0.008387030417361102
1,1,0.6756801368462559
1,1,0.9879857253482832
0,1,0.9140763295025217
1,1,0.8889824043958404
0,1,0.6193731770132002
1,1,0.9881503330979942
1,1,0.9907073578366693
1,0,0.4406537525731913
1,1,0.9727583577271464
0,0,0.03308127930705161
0,0,0.009323482764340819
1,1,0.8018390635996369
0,1,0.7079880138786833
1,1,0.7582179679533354
0,1,0.8889449214403188
1,1,0.5320855454143404
1,1,0.9960076938345148
0,0,0.00363497659697651
0,0,0.012023736338235105
0,1,0.9092009844688539
0,0,0.44415414198606057
0,0,0.3247036133542359
1,0,0.058579555568021996
1,0,0.09599284979152178
1,1,0.9797021362435077
0,1,0.5895152511770712
0,0,0.005917715993781017
1,1,0.8641381722628746
0,0,0.006767020028689873
1,1,0.9157500157840559
0,0,0.06579283171815353
0,0,0.04315454367031501
1,1,0.5478085432807368
1,1,0.9680206670221141
0,1,0.7361473801672093
0,1,0.6604533947913778
1,1,0.9721453338811806
0,0,0.005427924728826039
0,0,0.004837116160341636
1,0,0.15789776049290183
1,1,0.7838761924684167
1,1,0.5568414127413792
0,0,0.2591454115971875
0,0,0.1409364608867412
0,0,0.010516328778223435
0,0,0.2128617391202936
1,1,0.839921167391665
0,0,0.006177320731286914
1,1,0.692947089556963
1,1,0.9267798287204593
1,1,0.9250728735092432
1,1,0.8896168904844316
1,1,0.9567340403349789
0,1,0.9505284333946297
1,1,0.8034845177313842
0,0,0.01969282585496279
0,0,0.4613746575062084
1,1,0.9847975694203749
1,1,0.7752037232544534
0,0,0.0025631152280572115
1,1,0.8719664767747091
0,0,0.006338452610652834
1,0,0.24324135051164944
0,0,0.0029360902299120865
0,0,0.4673509789915132
1,1,0.7523849449936325
0,0,0.010013361608659609
1,1,0.7308390257117466
0,1,0.7156033367557443
1,1,0.9514520301592105
1,1,0.9638847764528728
0,1,0.8159421461896157
0,0,0.05085751860388
0,1,0.8584368592068126
1,1,0.9357020926797804
1,1,0.9957225801993971
0,1,0.9532070381870259
1,1,0.5530241949115179
0,0,0.35975917696145115
0,0,0.039856959102656214
1,1,0.9946849740815505
0,0,0.0038861410050352652
0,0,0.004013934647764412
0,0,0.00901685575714759
1,1,0.9984995377269277
1,1,0.9600306374298277
1,1,0.7807300991941073
1,1,0.7866323597420725
1,1,0.9974442446471995
1,1,0.9403401176297467
1,0,0.08770947849508563
1,1,0.9145399722903887
1,1,0.9634292794414808
1,1,0.643228993339266
1,1,0.9829107649884051
1,1,0.9958246163266106
0,0,0.005919446059780296
0,0,0.013503343529521409
1,1,0.8996774531463716
0,0,0.003565606587124509
0,0,0.4705350170421445
1,1,0.9948257767570764
1,1,0.9408138455956854
0,1,0.5950442587006298
0,0,0.07149715199975767
0,0,0.03653833651351684
0,0,0.21093992748667068
1,1,0.9662761937168364
1,0,0.11027025382127349
0,0,0.06917523082354253
1,1,0.8582349047630767
1,1,0.9628877248787716
1,1,0.6409119439648815
1,1,0.7730918649845826
0,0,0.19387824562809067
1,1,0.5185690210715737
0,0,0.02215884039231854
1,1,0.9202754896643993
1,1,0.8340920297950766
0,1,0.5947140743938998
0,0,0.14003731262771327
1,1,0.9952634996655926
1,1,0.5048263081565125
1,0,0.02646748290052428
1,1,0.9764417413397332
1,1,0.9285083802524087
1,1,0.9976584627310471
1,1,0.5777555498444298
0,0,0.01073842698798176
1,1,0.7165261417151044
0,1,0.870806903938896
1,1,0.9033814510896839
0,0,0.003737415982057237
0,0,0.2782300572439389
0,0,0.40746683088579466
0,1,0.6643805600652022
0,0,0.37785780853407386
1,1,0.9961089682489419
0,0,0.07576439870520894
0,0,0.11434316182664654
0,0,0.007491976411262054
0,0,0.3414623459223396
0,0,0.00293853875316967
0,1,0.5834153963810151
1,1,0.8004975862637528
0,0,0.004833726876888329
1,1,0.7226207449985161
0,1,0.631194515858611
1,1,0.9970773415676558
1,1,0.9322930467891828
1,1,0.96451603990681
0,0,0.1345888495000843
0,0,0.0026885571305229525
1,1,0.7536229060592173
0,0,0.06349848908065171
0,0,0.06421941387447427
0,0,0.00724485855116292
0,0,0.005416806897502099
0,0,0.0017944657415488931
0,0,0.004500675223400981
1,1,0.9421627884285365
0,0,0.020431834726289642
0,0,0.39377508651281196
1,1,0.9809639546415294
1,1,0.6641622206320122
1,1,0.9975699857740984
0,0,0.0035779920584326223
0,0,0.005846225126935077
0,0,0.016276176793085382
1,0,0.0174998157261856
1,1,0.9951493620356655
1,1,0.6902283502784652
1,1,0.9969388162475502
1,1,0.9104723143191663
0,0,0.010113644453698688
0,1,0.9650781155434899
1,1,0.9039816445375015
0,1,0.9361007862064362
0,0,0.004622645117734654
1,1,0.8410268038281147
1,1,0.9694440811067606
1,1,0.8296376632660497
1,1,0.9232412019351338
1,1,0.9038676421817277
0,1,0.8516020472568223
0,0,0.0013207788802330888
0,1,0.6261433192633534
1,1,0.9747016744334056
0,0,0.01632921250559043
1,1,0.8105088341424876
0,0,0.05586354938352545
1,1,0.9778550049241573
0,0,0.01449392795550411
0,0,0.00265459952799829
0,0,0.002439019072573189
1,1,0.9964487820065783
0,0,0.050125483420996875
0,0,0.006232466743001138
1,1,0.7824427161471624
1,1,0.977052577312557
1,1,0.9682983540566625
0,0,0.03133186493942753
1,1,0.6991191848435063
1,1,0.9938621295289672
0,1,0.888235118581245
1,1,0.9958916482398273
0,0,0.08937702499636146
1,0,0.21914283156269398
0,0,0.055186546531498876
0,0,0.4054602228024578
0,0,0.1026334597619688
1,1,0.7777459849240088
1,1,0.9939088275531498
1,1,0.8845815942824662
1,0,0.07233021590988288
1,1,0.9093256461144988
0,1,0.8816304293986038
0,0,0.030494043035177873
1,1,0.9920202914481381
1,1,0.9053917488987587
1,1,0.9073408100641748
0,0,0.004569732603866695
0,0,0.06040532047340839
1,1,0.5876709735069681
1,1,0.9201385572828599
0,1,0.9633097744861661
0,0,0.05059964839858525
0,0,0.0035030440742946536
0,1,0.8622565250952361
1,1,0.741344812786456
1,1,0.9796537039222195
0,0,0.007850353446361544
0,0,0.28763569510448234
1,1,0.8695509330590352
1,1,0.9330466695614813
1,1,0.9947555850196994
1,0,0.3880469801048587
0,1,0.8423055176919302
0,0,0.30779995642964475
1,1,0.8832982349527873
1,1,0.8758659830025205
1,1,0.9788575701200891
0,0,0.057082826371662176
0,1,0.7415407242415212
0,0,0.1169373849965976
1,0,0.3014375461345988
0,0,0.3569309503364819
0,0,0.1859716061263773
1,1,0.9760156072008596
1,0,0.08472171303604632
1,0,0.18276253613415394
1,1,0.9945866156801579
0,1,0.6705105750690548
0,1,0.5325745667502298
0,0,0.15110011398944992
0,0,0.0074149590320097035
1,0,0.31435679541028777
0,1,0.8501732947058597
0,0,0.005062692713360756
1,1,0.975648949175246
0,0,0.005846538262393072
1,1,0.9837679981284291
0,1,0.8611817391587219
0,0,0.012403234220368374
0,1,0.7966365869802384
1,1,0.9974341457013063
0,0,0.006052833378260909
0,0,0.05042600510850348
1,1,0.7752583615983336
1,1,0.856573802421262
1,1,0.9675217928016262
1,0,0.0190232216501369
1,0,0.446189043309937
1,1,0.9620122120901561
0,0,0.008259835605846488
1,1,0.9670542752113925
1,1,0.7664338989470867
0,0,0.19668447310702275
1,1,0.9967467411795395
0,1,0.9327104892237766
0,1,0.5886274928769755
0,0,0.3931262657253864
1,1,0.8382482581969338
1,1,0.9864907752994388
1,1,0.9909405535129273
0,0,0.25059732336712254
1,1,0.7804444834169993
0,0,0.021936112881963513
1,1,0.6782829562318554
0,0,0.003791686932938186
0,0,0.0023235405243229577
0,1,0.9900493384207213
0,0,0.002528393330156657
1,1,0.9481124184133002
0,0,0.05276062121765063
1,1,0.9929555166081956
1,1,0.9854560431143726
1,0,0.32751920720427713
0,0,0.0034321238053257575
0,0,0.1753844739358497
1,1,0.7407792143350505
0,0,0.22424476833137616
1,1,0.9013008290699839
1,1,0.9424386135295008
0,0,0.06065392607317616
0,0,0.004025160810711712
1,1,0.7534816930392462
1,0,0.1627830890002866
1,1,0.9566011922542487
1,1,0.997999210912247
0,0,0.3257954484396051
1,1,0.5090211441058959
0,1,0.5585504052756661
0,1,0.530093263697711
0,0,0.23852444552019447
0,0,0.06972980647059975
1,0,0.2708586193808063
1,1,0.9881528741878537
0,0,0.0019442099924763777
1,1,0.9338022202137153
1,1,0.9973080484094142
0,1,0.7130503807738758
0,0,0.07278714428130488
1,1,0.96942634876195
1,1,0.8413154408387434
1,1,0.9604746448021269
1,1,0.9777495200385559
1,1,0.9825751209227906
0,0,0.27690653480177146
0,0,0.08486148847701826
1,1,0.9505180035690955
1,1,0.9962857100649437
1,1,0.8878689988990587
1,0,0.016429225519375774
0,0,0.00922774492916712
0,1,0.9140092627386345
1,1,0.6027474286047408
1,1,0.776243860326913
1,1,0.9958138730853303
1,1,0.9347964033769283
1,0,0.12835823050234477
1,0,0.025531723777657046
1,1,0.9898807750258817
0,0,0.0018544718830590561
1,1,0.899479488656421
0,0,0.2774046391182192
1,1,0.9688615169409366
0,1,0.9600131054353588
1,1,0.9179832524168212
0,0,0.0037338987354389574
1,1,0.8535999120892367
0,0,0.0191851024411932
0,1,0.6342040947227868
1,1,0.9940836441808969
0,0,0.018695962320108273
0,1,0.6332652253906712
1,1,0.9907490662084505
1,1,0.9937173535790192
1,1,0.8954468278363183
1,1,0.9557394481904581
1,1,0.9154408754127918
0,0,0.005669584811001989
0,0,0.028765334325877995
0,1,0.9573674605707098
0,1,0.9394268617203126
1,1,0.995624572190377
0,1,0.5657831942454505
1,1,0.9442026267197156
1,1,0.9285336689836146
0,0,0.011948522335993328
1,0,0.3021775828150289
0,0,0.001764200589775107
0,1,0.6886388769239175
0,0,0.008475965558012664
1,1,0.9523931208701876
0,0,0.18294786697248322
1,1,0.859986378854944
0,0,0.005932655028386125
0,0,0.039651673088727864
1,1,0.9613200955749059
0,0,0.0057394291523539314
1,0,0.20878083495638708
0,0,0.006422841894506125
0,0,0.19149537880068657
0,0,0.3448524834036531
1,1,0.9755486172631693
0,1,0.9245091547340244
0,1,0.6674622631710002
1,1,0.9626041652755261
0,1,0.6578060204974058
0,1,0.9642093623956627
1,1,0.9187487147679487
0,0,0.05615709224034695
0,0,0.01526763299705408
0,0,0.002233503912306076
0,0,0.005279944069266712
1,1,0.7147938506566479
1,0,0.3737458913920864
1,1,0.6895455884022771
1,0,0.1775168434829042
1,1,0.9046552643984187
0,1,0.5847252618834472
0,0,0.01690271721049177
0,0,0.013830783377659701
1,1,0.786918198998067
0,0,0.06173870108525175
1,1,0.9952801768546005
0,0,0.013745629396299482
1,1,0.9933313247460004
0,0,0.07036110013304243
0,0,0.0060394914161714065
1,1,0.99172880183662
0,0,0.04008769657428211
1,1,0.9929349672536366
1,0,0.4804582062764288
0,0,0.046687268591242614
0,0,0.45567105241912476
0,0,0.0027781904263135967
1,1,0.8059565193632746
1,1,0.8977935907469492
1,1,0.8458771537625639
1,1,0.8739841881004723
1,0,0.3307424294566496
0,0,0.003177256260777994
0,0,0.19033123239649366
0,0,0.0020251139810201443
0,0,0.002926508907571878
1,1,0.9933864902793
1,1,0.9360222037215703
0,0,0.003754239464897528
0,0,0.018162401413554262
1,0,0.099007802122071
1,1,0.9307291370004375
0,0,0.37019698451368327
0,0,0.2584680119761544
1,1,0.7690475782745421
0,1,0.7192373424874138
0,0,0.261869715320103
1,1,0.9403116796738535
0,1,0.9046872214843082
0,0,0.21254099923120837
1,1,0.9912125839891281
0,0,0.019659973497201524
0,0,0.0969260917898811
1,1,0.9913245447693905
0,0,0.002952310340381955
0,0,0.4418892880006438
1,1,0.8703016817389653
1,0,0.33009426199775205
1,1,0.8383732981753226
0,0,0.0043226669597462054
1,1,0.9761961643561449
1,1,0.6473321343838566
1,0,0.01777621555691466
0,0,0.021793145025138225
1,1,0.8327118044538606
0,0,0.03792374507432981
1,1,0.9896881077859869
0,0,0.011844119418250164
1,1,0.6960064001113301
1,1,0.5330498165747649
1,1,0.9653894451250786
1,1,0.6925593830822628
0,0,0.0102118512836734
1,0,0.006897837337750311
0,0,0.0019030614702335127
1,0,0.45956888344418595
1,0,0.14024350369614838
1,1,0.6605033340018402
0,0,0.25741337980179274
1,0,0.43305395038583216
0,0,0.2106503633023866
1,1,0.9715029786918264
0,0,0.008387107833014641
0,0,0.053527022285048936
1,1,0.977252649979358
1,1,0.9631158992254498
0,0,0.1380552435284821
0,1,0.8490922854138118
0,0,0.022589709620534467
1,1,0.6849006770370999
0,0,0.3114120177067509
1,1,0.7567486632387356
0,0,0.02936224327271633
0,0,0.4001598738467577
0,0,0.007423601676904791
1,1,0.9807517964097485
0,0,0.1109582597931527
1,1,0.9865900945116585
0,0,0.0022312131788551092
0,0,0.31969152963200914
1,1,0.9484761345349847
1,1,0.546589284476076
0,0,0.09336238547233054
1,1,0.9931540488146249
1,0,0.09821758303402324
0,0,0.18076691619423757
0,0,0.008487433468412492
1,1,0.729245005064176
0,0,0.009888072556481177
0,0,0.004355615312136136
0,0,0.00279196559429069
1,1,0.9397691737802768
0,0,0.02747187535173908
1,1,0.9860761672517616
1,1,0.9944794736427708
1,1,0.9007357651362398
1,1,0.6918394764514554
1,1,0.9680677028799781
0,1,0.6394371637052702
0,1,0.8190649084902318
0,0,0.007100843239648681
0,0,0.12813040840900797
0,0,0.1482973293649699
1,1,0.9929411564733535
1,1,0.7808089819811473
1,1,0.9313449335705236
1,1,0.7672668474991137
1,0,0.4784580520482522
1,1,0.9989981906542972
1,1,0.9965182870882541
0,0,0.306948973197366
0,0,0.0017922708150585078
1,1,0.9827511428639619
1,1,0.9900142497739743
1,1,0.617019730965224
1,0,0.48936467337631223
0,0,0.019177712857386748
0,0,0.09090068787000116
0,0,0.07397861394117101
0,0,0.4826980635509959
1,1,0.7455596938762682
1,1,0.9494993204398033
0,0,0.008104128197750414
1,0,0.051933951569247926
1,1,0.9175943987183076
1,1,0.996625428343264
0,1,0.9138588810024105
1,1,0.9361403472175084
1,1,0.8563384648984759
1,1,0.8951611009061654
0,0,0.14105284427166195
1,1,0.9967190509668679
1,1,0.8733691860535133
0,0,0.013322977891334895
0,0,0.00839228586008454
0,0,0.07683346571258876
0,1,0.7050246737834316
0,0,0.00356156660018849
1,1,0.8983993552652739
1,1,0.8941073166154077
1,1,0.9259583448202579
1,1,0.7011600077207261
1,0,0.43602394402219463
0,0,0.004769167268091053
0,0,0.3126816309598191
1,1,0.9960869673228908
0,0,0.0037528329869215803
1,1,0.7454852073963559
1,1,0.9912291111826163
0,0,0.2683291621094182
0,0,0.1593542121534513
1,1,0.9933348193682349
0,0,0.45998201382324083
1,1,0.9311365861338062
0,0,0.006708198305519488
0,1,0.7454924988201531
0,1,0.92167508909646
0,0,0.01943113180020656
1,1,0.6160571598565147
0,0,0.1571523972204151
1,1,0.9492817662137459
1,0,0.24709405277506521
1,1,0.8074092436462021
1,0,0.4728440091228367
0,0,0.06883032966175372
0,0,0.2991850577656295
1,1,0.9793671227992635
0,1,0.8215044231981405
0,0,0.003932285104652594
1,1,0.9105426515163093
1,1,0.8743873069630731
0,0,0.3714642383156963
0,0,0.04057814555397774
1,1,0.9955647970688308
0,0,0.08653224573663619
1,0,0.24090769996526373
1,1,0.8894049414644506
1,1,0.9448168959879398
0,0,0.006637225681724731
0,0,0.005302215322793894
0,0,0.0118829133209127
1,1,0.9951188099776603
1,1,0.9261721290357844
1,1,0.695969113970134
0,0,0.003768045157772772
1,1,0.9945653377391569
0,0,0.06785088491780082
1,1,0.8768875013872925
0,0,0.0020551415190180546
1,1,0.7184293477644825
1,1,0.9012737294618068
0,0,0.00538143627501365
0,1,0.7129543321124784
1,1,0.62224818863274
0,0,0.01567064195265788
1,1,0.8825552204152748
1,1,0.9849450833279713
0,0,0.05917995922120264
0,0,0.028172432787880203
1,1,0.9625665539845828
1,0,0.37902755057324616
0,0,0.005046648966805873
0,0,0.006761170815419
1,1,0.7172687166843709
0,0,0.1505741779894473
0,0,0.027264860790816785
0,1,0.9856611116709212
1,0,0.08011195471622484
0,1,0.8478127329856809
0,0,0.45982690595642023
0,1,0.971799394764981
0,1,0.8953102104836211
0,0,0.08666597355453792
1,1,0.961857875229254
0,0,0.011690641996188326
1,1,0.7881575886422011
1,0,0.14237091308055272
1,1,0.9861452984122973
0,0,0.04632107373904718
1,1,0.994889476183436
0,0,0.0016144262446546366
0,0,0.008366809998247788
0,0,0.027850942961885627
1,1,0.967893138589095
0,0,0.0035354815637356914
1,1,0.8880287263532685
1,1,0.819769362797723
1,1,0.914257193319302
1,1,0.9933337874693815
1,1,0.8502454985214567
1,1,0.9197832590708263
1,1,0.985511918286576
1,1,0.936661425950152
0,0,0.005597150822574659
1,1,0.9926358705665246
1,1,0.9962507103542942
0,0,0.05925858334654325
1,1,0.9922456617129569
1,1,0.9688851310325765
1,1,0.5501555319157455
0,0,0.055939137935189454
0,0,0.006758294078736962
1,1,0.9947677580636363
0,0,0.03925927249918303
1,1,0.933122024736441
1,0,0.3424412777350588
0,0,0.011694275776948225
1,1,0.9737511057400269
0,1,0.6400426714913121
1,1,0.9332518538449085
1,1,0.9949403519690391
0,0,0.1542717404139344
1,1,0.681114020473924
0,0,0.26398359770866003
0,0,0.025259709841197076
1,0,0.18265463852046046
0,0,0.06715510330224954
0,0,0.025419409085710987
1,1,0.8108988253615547
1,1,0.5274880994939938
0,0,0.008538936732767406
1,1,0.9966196299315339
1,1,0.9087274992982523
1,1,0.9974336387982142
0,1,0.9174361595307682
0,0,0.04406181969024253
0,0,0.002527764709337428
0,0,0.10212595108425997
0,0,0.26407987612260136
0,1,0.7867071619003742
0,0,0.03995286645709185
1,1,0.954632101427581
0,0,0.2368455900050445
1,0,0.029423548264648436
0,1,0.6618470696867037
0,0,0.0019022031972831092
0,0,0.015525813999560318
0,0,0.0086024809939139
0,1,0.6625674139755541
1,1,0.7649261098222094
0,0,0.17592006422024128
1,1,0.8071258926754384
1,1,0.9404368430678006
1,1,0.8278435941876396
0,0,0.017334004161904927
0,0,0.1628912419384678
1,1,0.971566302218768
0,0,0.3247565087236786
0,0,0.17499330248315736
1,1,0.7228859579168843
1,1,0.9959530404767841
1,1,0.9779104499676926
0,1,0.5862077516381593
0,0,0.0016860639283715363
0,1,0.9259556140771003
0,0,0.011800383360061733
1,1,0.7153326341306494
0,0,0.12894529563632504
1,1,0.8793471402092359
0,0,0.47999553835939607
0,1,0.539123321395453
0,0,0.0040406955505486964
1,1,0.6990191197092331
0,0,0.03142573126778043
0,0,0.008331417325483684
0,0,0.0016406324100341652
0,0,0.004294608648525951
0,0,0.015928670014474542
0,0,0.03726821599200136
0,1,0.9465776483904734
0,0,0.0932903736540332
0,1,0.9177714548412753
1,1,0.9754882491260352
0,0,0.004285300890089559
1,1,0.73182907276666
0,0,0.023448700716782293
0,1,0.9347714123656449
1,1,0.749811232856744
1,0,0.05998079904129758
0,0,0.0015224962638288164
1,1,0.9002919626862936
1,1,0.822842337275368
1,0,0.13982905503142962
0,0,0.002787444731183654
1,1,0.960905934284631
1,0,0.18073451149628403
0,0,0.062449199314496905
0,0,0.0021244570727795803
0,0,0.018143206090596057
1,1,0.697447260977427
1,1,0.9107202628581147
1,1,0.8043008034420636
0,0,0.054060683782292916
0,0,0.37752294337986264
1,1,0.8283293761977807
0,0,0.05805330963666679
1,1,0.9958512728178813
1,1,0.983001497537113
0,0,0.0040061689144358275
0,1,0.6265135594897299
0,1,0.8078064964335171
1,1,0.9326623221805201
0,0,0.02189722748131173
1,1,0.9962296607310565
1,1,0.9397754176594946
0,1,0.6466034965437507
1,0,0.1626815977401103
0,0,0.014884116680514238
0,0,0.0024814153891474376
0,0,0.0038555082546155796
0,0,0.007913120326769883
1,1,0.7106153909387611
0,0,0.005727443330564578
0,0,0.06326800254828474
1,1,0.9723087295157228
1,1,0.9719127107236124
0,0,0.024317509749789173
0,0,0.0011230668935623578
0,0,0.023096952693345992
0,0,0.003444127003046885
1,1,0.8328925311702101
1,0,0.2045711963180852
0,0,0.07170354973764596
0,0,0.006003021136076797
0,1,0.8783530261274562
1,1,0.7661186899566518
0,1,0.846320283339391
0,0,0.05624547625914154
1,1,0.9870555804668241
1,1,0.8556348178587238
1,1,0.9004531076244641
0,1,0.5999391465709164
1,1,0.9758959425557444
1,0,0.03583437165840573
0,0,0.07057823741432356
0,1,0.897385517708015
1,1,0.8273653003802691
1,0,0.18397991609712197
0,0,0.29766672600094907
1,1,0.9633625215461904
0,0,0.09864198315221527
1,1,0.6574163014694606
0,0,0.002959117738185807
0,0,0.15902227424787838
1,1,0.8207705981882749
1,0,0.17209653654069898
1,1,0.9967160695301093
0,1,0.5018081498983855
0,0,0.007950360986048744
0,0,0.124489333594256
0,0,0.07124890512011549
0,0,0.004735268044547422
1,1,0.9727571152146975
0,0,0.15335758835908264
1,1,0.9225133350633922
1,1,0.5504590769382661
0,0,0.0043273209660314015
1,1,0.8455432863654665
0,1,0.8988699924635708
1,1,0.9861801074460271
1,1,0.628180871072773
1,1,0.8429825436267642
1,1,0.5093090508541295
0,0,0.0018078004218601573
0,0,0.08764733972792911
1,0,0.23457442353281074
0,0,0.4239646494989908
0,0,0.0019444125617619273
1,1,0.9076385304964893
1,0,0.2370834446324895
0,0,0.3636394170064107
1,1,0.9964771936153779
1,1,0.881918120383022
0,1,0.8831193798143545
0,0,0.051692610427502915
1,1,0.995802702869824
0,1,0.6831500800567009
0,0,0.03550746139896802
1,1,0.9525743538291879
1,1,0.7771661842516983
0,0,0.0025023992605815296
1,1,0.9824330332453775
1,1,0.7282271745985002
1,1,0.9912362124328972
0,0,0.034345946968628194
1,1,0.9538936074578627
0,0,0.053029919716573067
1,1,0.6447546948689183
0,0,0.4855312626351556
1,1,0.9320159756694605
0,1,0.7144744532775045
0,0,0.043012580776625564
1,1,0.9730975204081331
1,1,0.8750268902928845
0,0,0.03831466974078505
0,0,0.1274192177985907
0,0,0.30223964649713914
1,1,0.9930729041998556
0,0,0.0022180286836790777
1,1,0.9521256804223398
1,1,0.9773643694662516
0,1,0.701955391002245
1,1,0.9950668980147667
1,1,0.9855562348520347
1,1,0.7945899496086346
0,1,0.7751951427939788
1,1,0.998244414086662
0,0,0.07474139079087529
1,1,0.8492226947629419
1,1,0.9886067948764786
0,0,0.004145011584270498
0,1,0.8156662851967725
0,0,0.004646971667336109
1,1,0.9203897442190788
1,1,0.9971778897175655
1,1,0.8800586761986624
0,0,0.003957293820101074
1,1,0.8526875817816627
0,1,0.9923732155357813
1,1,0.836353387753965
1,0,0.1423210764361644
0,0,0.0039155967815937085
1,1,0.939422495079229
0,0,0.0032317594596253003
1,0,0.4199031981636609
1,1,0.9988572557299872
1,1,0.9933615638104722
1,1,0.9716076704726566
0,1,0.7126592736118899
0,0,0.20412969740384615
1,1,0.9877684489436255
0,0,0.004078056041061804
0,0,0.21455336268465586
1,1,0.9520899466688829
1,1,0.9547467424296171
1,1,0.7649345548242495
1,1,0.9947303610351353
0,0,0.0077729898545701006
1,0,0.43875499565905324
1,1,0.902654156683687
1,0,0.034393537404746086
1,1,0.5288774820468601
0,1,0.92350396429439
1,1,0.994725822283216
1,1,0.9971685154770954
1,1,0.995294268381731
0,1,0.5457998377118495
0,1,0.8301376870391067
0,0,0.08940758463211651
0,0,0.09863803529780778
1,1,0.9448702388965048
1,1,0.9869850877926813
1,1,0.9579984227742072
0,0,0.1939863735017698
0,0,0.0021069967450878893
1,1,0.9859332978901487
0,0,0.008817565929882974
0,0,0.044310734945197904
0,0,0.003802352563879115
1,1,0.9411098374144279
1,1,0.7500745280481063
1,1,0.932227532320574
0,0,0.005237046788620688
1,0,0.1395865514309122
0,0,0.22926286696693018
0,0,0.003957920629736129
0,0,0.0019572559579750823
1,0,0.1705665983021286
1,1,0.9815201354958522
1,1,0.9728303298690576
0,0,0.06870620159323143
1,1,0.9878894186421657
0,1,0.9423368235535753
1,1,0.997123790557244
0,0,0.17828828596203805
0,0,0.012331860821209746
0,0,0.34675669620852895
1,1,0.9883463784425249
1,1,0.7534242990054802
0,0,0.28631935553743265
1,1,0.9032171819839107
1,1,0.7681045963023495
1,1,0.7496566046440506
0,1,0.5702832479759534
1,1,0.9177880339965174
1,1,0.99739615189275
0,0,0.08593082473560303
0,1,0.5396268811996152
1,1,0.721864228459428
0,1,0.5552570064461725
0,0,0.0034589575981121556
1,0,0.40622018504397195
1,0,0.22908531036117888
0,0,0.005992672427814884
1,1,0.9519398595711901
1,1,0.8078085481343936
0,0,0.016521317760787076
1,1,0.9603842358143081
1,1,0.7201423388733851
0,0,0.006866378569423251
1,1,0.6541692626346495
0,1,0.6973720015557582
0,0,0.11716912221506952
0,0,0.46231189925092186
0,1,0.8592614862160621
0,0,0.2690428559549145
1,1,0.936607052788982
0,0,0.003355932941257406
0,0,0.027176898370819547
1,0,0.30620162397365164
0,0,0.057305708235823184
1,1,0.9871205378884821
1,0,0.09387200620460086
1,1,0.6126842682834549
0,0,0.10751937495973153
1,1,0.9149721680137809
1,1,0.8118787915349016
0,1,0.6923973501375661
1,1,0.7920356263042589
0,1,0.8805556218955678
1,1,0.9223051050384007
0,1,0.8405056710888652
0,0,0.13352817311464646
1,1,0.9567238754245011
1,1,0.5662842224992137
0,0,0.08977801933494678
0,0,0.31644572423914324
1,1,0.9869672196523385
1,1,0.9951542261498627
1,1,0.9053402161734727
0,0,0.004563584380249411
1,0,0.1980241195690695
0,0,0.0022504787640985867
0,1,0.8949771321866867
0,0,0.344533062059249
1,1,0.9869496302285833
0,0,0.26162776933076093
1,1,0.8777833833432651
0,0,0.02035803850589797
0,0,0.00280698147385975
0,1,0.8613811242001602
0,0,0.014232526193134531
0,1,0.8358353406472148
1,1,0.6568822340416945
1,1,0.8829099712731865
1,1,0.9964974338836464
0,1,0.8740751624285776
0,0,0.036589316980303495
1,1,0.9411985251064937
1,1,0.5411673909890897
1,1,0.5557357386236568
0,1,0.6658446409510023
1,1,0.9523664398308235
0,0,0.021062718952804513
1,1,0.5274783736812636
0,1,0.8403123649937179
0,1,0.7134206859236171
0,0,0.0022096044891015635
1,0,0.4548538471552013
0,0,0.06327379895869112
1,1,0.9131406315690477
1,1,0.712585756751228
0,1,0.9544845580536311
1,1,0.8684410818400966
0,1,0.9075364669657621
0,1,0.7408108307470346
0,1,0.5311181370466769
0,0,0.005039955051549482
0,0,0.36991823152578696
0,1,0.9888683067209646
1,1,0.9648867757011607
1,0,0.10136577759999792
0,0,0.006469254386988176
1,1,0.7843675974023098
1,0,0.09903452330257678
0,1,0.7697494476966469
1,0,0.3619233254065665
1,1,0.9968492174613929
0,0,0.0418774382436951
0,0,0.019862477189232616
0,0,0.02069591249129048
1,0,0.3919134710968384
0,0,0.009970670963295415
1,0,0.12944220553495764
0,1,0.8217410245202883
0,0,0.0713839875430874
0,1,0.5488505250216894
1,1,0.9635852522593039
1,1,0.960526517454582
0,0,0.05837619132813723
0,0,0.002049722447688266
0,1,0.6997204515253427
1,1,0.9754950496240898
0,0,0.004836648286537722
0,0,0.46347123213568403
1,1,0.7975270969287953
0,0,0.0020687429122722284
1,0,0.026548374150268395
0,1,0.9569977038942771
0,0,0.022636199750418595
1,1,0.9491484392573809
1,1,0.9534941975396615
1,1,0.9894649742362064
0,0,0.02394168580571907
0,1,0.5447413928722457
1,1,0.7515535410589029
1,1,0.5168156631973774
0,1,0.8098239521074159
1,1,0.9492214230856613
0,0,0.17400875940443616
1,1,0.997473287621837
1,1,0.996600241581484
1,1,0.862707752259953
0,0,0.10771868831141947
0,0,0.09866389344298042
1,1,0.5087024155838228
0,0,0.005265106663229699
0,0,0.2362589645811547
0,0,0.0025744474234305373
1,1,0.8625116745410563
1,1,0.9678568071636953
0,0,0.11679123041088026
0,0,0.03396545641755378
1,1,0.9959100899779804
1,1,0.9586397452661748
0,0,0.0026428800641404553
0,0,0.29388436653677624
1,1,0.9755235130162615
0,0,0.13456278413293782
0,1,0.9375602814966366
1,1,0.9839239312907225
1,1,0.9060966335490132
0,0,0.066000102130948
1,1,0.9643876561402512
1,1,0.9131284382504304
1,1,0.8162948331087835
0,0,0.001547780908103307
1,1,0.9714755164468029
1,1,0.9942005336603194
1,1,0.9597423981465126
1,0,0.16035796307464498
1,1,0.9781214061464185
1,1,0.9934930500543627
0,0,0.01476106412073469
1,1,0.9628883053372893
0,0,0.004786756622875172
0,1,0.7225524601953511
0,0,0.0037230391762568273
1,1,0.9971964986104066
1,0,0.019078003616993893
1,1,0.9772089473097599
1,1,0.9886622275614866
0,0,0.10771719430724302
1,1,0.9296913155304675
0,0,0.003868381472247266
1,1,0.9967285077530971
0,0,0.09136258590837927
0,0,0.3348687237591666
0,1,0.543839748329859
1,1,0.8310851754050151
1,1,0.9886028600552937
1,1,0.9614420089868113
1,0,0.419176084936639
0,0,0.03431608723769843
1,1,0.6977785578859205
0,0,0.06267848332569716
1,1,0.897985622332354
0,0,0.003159006633941809
0,0,0.011995017644369985
0,1,0.6334820739032917
1,1,0.9963499434008268
1,1,0.9667786241097279
1,1,0.9873074975810692
1,1,0.9725308556141682
0,0,0.006059904499445119
1,1,0.8817114713689
0,0,0.13373147157625698
0,0,0.04988662791460047
1,1,0.9583702701597652
1,1,0.8518869089654125
0,0,0.10183078237019356
0,0,0.11220510336768443
0,1,0.598523466954683
0,0,0.008093293789727986
1,1,0.9540261010809776
1,0,0.16705519889590667
1,1,0.9443886823932073
0,0,0.060904382108460865
0,1,0.8547487367141956
0,0,0.002866862640462943
1,1,0.8817681960372425
1,1,0.8615480945769082
0,1,0.5331011593498851
1,1,0.8516183028218682
1,1,0.8854947338273074
0,1,0.7858750478505939
1,1,0.9952992689384134
1,1,0.9704922335670146
0,0,0.3830577654210095
0,0,0.005308818163501788
0,1,0.9390099337066634
0,1,0.9599352317310951
0,0,0.13963644993493562
0,0,0.050103853327827935
0,0,0.040052935948985034
0,0,0.005726324503405624
1,1,0.950461743029526
1,1,0.5368470236107568
1,1,0.9955454067503203
1,1,0.9071183334577126
1,1,0.6866526273583284
1,1,0.7484827910185338
0,0,0.4827588286675182
0,0,0.4881696843458892
1,1,0.9962411997563537
0,0,0.264284004995337
0,0,0.3074027321803812
1,1,0.9877817066396464
1,1,0.9356436372933937
1,1,0.9608841596800564
0,0,0.005348611335685404
0,0,0.15386672030229265
0,0,0.0033603269511602203
1,1,0.8066934449125697
1,1,0.9205536184789506
1,1,0.9399825607978004
0,1,0.8867862121111344
1,1,0.996995639719624
0,0,0.4116719902045758
0,0,0.2930419743829225
0,0,0.0692646825011131
0,0,0.008072214178346403
0,1,0.8135995949849129
0,0,0.0018379710019793452
0,0,0.013959633433265941
1,0,0.48892875324894436
1,0,0.4574943618670287
1,1,0.9828118141557618
1,1,0.9629286074402951
1,1,0.9773044014079196
1,1,0.9766029239014781
0,0,0.05334951518987338
1,1,0.9765632935857389
0,0,0.007337861959762754
0,1,0.7545286090526648
0,0,0.0024465544904310067
0,0,0.005321277185820147
0,0,0.271263049604434
0,0,0.01862257855619392
1,1,0.9908551599693055
0,0,0.02006469714152515
1,1,0.9904729712452439
0,0,0.005582998841084569
0,1,0.565025804937142
0,0,0.04122644293147263
0,0,0.06913561804514053
1,1,0.8962984266288078
1,1,0.8623053767670209
1,1,0.891662302986005
0,0,0.010503510376837657
