label,pred,prob
1,1,0.9306864986426521
1,0,0.006179162591503203
1,1,0.9457053491573442
1,1,0.9192670918632762
0,0,0.02156203850163543
1,0,0.258223106627155
0,0,0.0018464520936596095
0,0,0.05070473609094618
1,1,0.9997765148797847
1,1,0.9753139020216257
1,0,0.3392582107741773
0,0,0.007068690825966357
1,1,0.5837661850531538
0,0,0.0033074284194137744
1,1,0.894457742082684
0,1,0.7573791635744953
1,1,0.9917044747602741
1,0,0.32274869949097834
1,1,0.9837292111323855
1,1,0.957921340296705
0,0,0.371879981226898
1,1,0.8758115178397607
0,0,0.0011353042571564595
1,0,0.18402447431668925
0,0,0.0650104337224902
1,0,0.34871279662078813
0,0,0.26320244451477526
1,1,0.6806129077630084
1,0,0.1969462577727169
0,1,0.7000242326921942
0,1,0.7320502451775829
0,0,0.053385191696582346
1,1,0.8470592013895056
1,1,0.9994308406084611
0,0,0.45674278682577396
1,1,0.9445687344812874
1,1,0.9986408007822813
0,0,0.05458017809444172
0,0,0.44295775365639334
0,0,0.05953813377254113
0,0,0.004991486026922338
1,1,0.9717878939180337
0,0,0.0005585801188704598
0,0,0.01796407851710594
1,0,0.33303252849338316
0,1,0.881411427619846
1,1,0.9817115719438172
1,0,0.35786840446916585
0,0,0.015600886577486647
1,1,0.6598458333939291
1,1,0.7661742721603902
1,1,0.9871096319679178
0,0,0.004294660066744514
0,0,0.002241642492110816
0,0,0.01754294962826918
0,0,0.0005078609008667617
1,1,0.9306344483982903
0,0,0.0027574311876166113
0,0,0.3022778955382832
0,0,0.04597450355549816
0,0,0.06660861654826625
0,0,0.18135907776834834
0,0,0.015715670477115893
1,1,0.9842109547179689
1,1,0.996823825982795
0,0,0.0017007906564822902
0,0,0.036324730068671235
0,0,0.011960267699823385
1,1,0.9392525590799535
0,0,0.018541184278791187
1,1,0.9949025772428309
1,1,0.9908911038752923
1,1,0.8598975804438734
0,0,0.14131671431198747
0,1,0.679941549876431
1,1,0.7923654459749202
0,0,0.03794347585048286
1,1,0.9733589648585331
0,0,0.1323104223750711
0,0,0.05152952882761859
0,1,0.9725134444265529
1,1,0.8300356646857205
0,1,0.9798336161640601
0,0,0.0012152470603442513
1,1,0.9918323903162671
1,1,0.7148484027721245
0,0,0.11975208883845018
0,0,0.0008869627696869425
1,1,0.9950018278685725
0,0,0.05624959830585685
0,1,0.88702117454091
1,1,0.6744596796744851
0,1,0.9588958752091793
0,0,0.010759625733235403
1,1,0.9975329906967721
0,0,0.03183935634953271
1,1,0.9945541705995824
1,0,0.2188966730024443
0,0,0.05726587012714751
0,0,0.13108714402103971
1,1,0.9996603011337656
0,0,0.0010423652765532382
1,1,0.9281516808928387
1,1,0.9948979837805171
1,1,0.9819407745794028
1,1,0.8517210159624974
1,1,0.6108131957448405
0,0,0.0029454177486131225
0,0,0.4881909500946555
1,1,0.8955334296199476
0,0,0.4187027603626475
0,0,0.08370497925405786
0,0,0.271584379103482
1,1,0.9197752970004874
0,0,0.0006267997334898644
0,0,0.006123535690145083
1,1,0.9978513932734348
0,0,0.3825541580698767
1,0,0.1356771694021963
1,1,0.9804276828418732
1,1,0.9525748580754939
1,0,0.18518974913107022
1,1,0.9322446487662885
0,0,0.0004218731083442086
0,0,0.24749584603071723
0,0,0.0056421059171498904
0,0,0.03049245726321868
1,1,0.9430002956196454
1,1,0.9877621998343282
0,0,0.0021734739850610236
1,1,0.9792425962775658
0,1,0.6499530131240759
1,1,0.8775088812240697
0,0,0.04027111574956515
0,0,0.4819061222604425
1,1,0.8583304085681688
0,1,0.9442134605557945
0,0,0.45613900701107124
0,0,0.002158226433486734
1,1,0.9987603782989141
1,0,0.18443333226932374
0,0,0.0004595354631176313
1,1,0.9456122473654293
1,0,0.4076743613301632
0,1,0.9622277185570665
1,1,0.9990465472551535
0,0,0.0048288812917909865
0,1,0.552946766208055
1,1,0.5592260817718254
0,0,0.06804983209529902
1,1,0.882533700748892
1,1,0.9925212551782744
0,1,0.8986024125019142
0,0,0.04898544851341815
0,0,0.044347212759333794
1,1,0.9952571986562276
1,1,0.5697327588752018
0,0,0.04836108405235627
0,0,0.07572292501393368
0,0,0.1861695612067327
1,0,0.3445498537657677
0,1,0.6971095182429881
0,1,0.8873393276623528
0,0,0.07106273249795543
0,0,0.09870278031508009
0,0,0.07603049172537767
1,1,0.9959724698140134
0,0,0.0021536313004090805
1,0,0.3497447595803632
1,1,0.913972738236769
1,1,0.5086244155205085
0,0,0.015229241514880762
0,1,0.9691152165162419
0,0,0.0004252635337804741
0,0,0.004922386054783891
0,0,0.26736743103461147
0,0,0.1164035591502416
0,0,0.00019269525771685575
1,1,0.8402353559359851
1,1,0.9968284850860502
0,1,0.5978349420490712
1,1,0.9386674457613579
1,1,0.9995611025910278
0,0,0.027313265744019915
0,0,0.001296560439891329
1,1,0.9997990005747204
1,1,0.7682301307506144
1,1,0.9943835335949646
0,1,0.5255071147200979
0,0,0.0019415146765077598
1,1,0.9994149158908013
1,1,0.999561394746694
1,1,0.99981344566561
1,1,0.9978977132601119
0,0,0.0004932945543034733
0,0,0.45821347442785687
0,0,0.441497207978485
1,1,0.9647893815371569
0,1,0.5074469217765393
0,0,0.023673055529701958
0,0,0.00037119678733019086
1,1,0.9997700996454816
1,1,0.9501714753144448
1,1,0.9960317704418233
1,1,0.9222186589772498
0,0,0.07013611248610803
1,1,0.9409713078842675
0,0,0.14029282247947947
0,1,0.6936810001426371
1,1,0.6111901825739158
0,0,0.016174669515689518
0,0,0.005288880616479967
0,0,0.0007368193550863083
1,1,0.9335339987409795
1,1,0.9912692572445003
1,1,0.8550835378034569
0,0,0.000842413689292016
1,1,0.976230800194589
0,1,0.5308958056240952
1,1,0.9494884493707166
1,1,0.9875134422057598
1,1,0.9950845114523286
1,1,0.8100842257644975
1,1,0.9743556067983469
1,1,0.9951791825650785
0,0,0.006962350711617461
0,0,0.0038922063646505815
0,0,0.16968460122967158
0,0,0.02928276321219693
1,1,0.7325138596093965
1,1,0.9784462743007883
1,1,0.9997642403000386
1,1,0.9138570202100865
0,1,0.5904528161397777
1,1,0.7103295463863623
0,0,0.0018408381894271725
1,1,0.8611382557689189
0,0,0.0009224859305098566
0,0,0.015309991736754019
1,1,0.9673632360932478
0,0,0.06613811125432614
0,0,0.001938437060788573
1,1,0.9863386809518464
0,1,0.8345474875510803
1,1,0.7857147721667368
1,0,0.0428625526657153
1,1,0.999341768616538
0,0,0.03408955432020789
0,0,0.11412742284851823
0,1,0.8118130945102618
1,1,0.9996088490664314
1,1,0.998924283887111
0,0,0.0016591760990302316
1,1,0.9010081934556576
1,1,0.7708749001446756
1,1,0.9946237797369062
0,1,0.8107742640455097
1,1,0.9400289893456512
0,1,0.9023044435482065
1,1,0.9470559643632449
1,1,0.9739490159467642
1,1,0.9937493210184055
0,0,0.025082160723726103
1,1,0.9975008560608242
0,1,0.6046145586692235
0,1,0.9881691775809044
0,0,0.007861478486641262
1,1,0.9982332457946717
1,1,0.9511880457516403
0,0,0.2153261226255218
1,1,0.9707416153969824
1,1,0.5219695252805031
0,0,0.04932986474804245
0,1,0.5773144151327838
1,1,0.930895449070195
1,1,0.83464576061913
0,0,0.0013540827184203804
0,0,0.0009001430369036303
1,1,0.9994536177890115
1,1,0.9985457439164999
0,0,0.2896312327069589
0,0,0.055072336661504455
0,0,0.1378762767874106
0,0,0.20131948013850756
0,0,0.002780858297592317
1,1,0.9995748977278842
0,0,0.1052052495916172
0,0,0.0018210167799757124
0,0,0.05148256770736473
0,0,0.0008732676772054374
1,1,0.9580517768737615
1,0,0.20206699413037615
0,0,0.00021214916136613925
1,1,0.609534395466031
1,1,0.9997496574383485
1,1,0.9971145905265532
0,0,0.001279747426806813
1,1,0.9987701897260673
1,1,0.9996961232802626
0,0,0.0409105224309239
1,1,0.9996993607156138
1,1,0.9423866415480046
0,0,0.3623835901151185
1,1,0.9986121294391963
1,1,0.9983258479903752
1,1,0.9443700202492467
0,0,0.0023782618045187333
0,0,0.019715609358900824
1,1,0.9776714391799043
1,1,0.9996023860707545
1,0,0.2860386550698694
1,1,0.9872299472554515
0,0,0.10220192179954928
1,1,0.9403891699065042
1,1,0.9124467068275591
0,0,0.10165763820978445
0,0,0.06962620792929827
1,1,0.7220601080327838
0,1,0.6378796114233618
0,0,0.057705361094244866
1,1,0.9730295984928368
1,1,0.8999920284481938
0,0,0.000525781226208081
0,1,0.8294469772031979
0,0,0.28969170162134733
0,0,0.008003075287095015
1,1,0.9762718841464235
1,1,0.9989970060543527
1,1,0.9304852648216676
1,1,0.9624161438157477
1,1,0.9959369936296459
1,1,0.5322966975464656
0,0,0.042101961300313476
1,1,0.9708688391448539
1,1,0.9823995268532733
1,1,0.9316125114106782
0,1,0.9267140421678294
0,0,0.0019473259473310463
1,1,0.9910561755342759
1,1,0.9864237045802114
0,0,0.4340348073781891
1,1,0.9002095617380387
1,0,0.4524752651222488
0,0,0.005326751432271035
0,1,0.9539181988487696
1,0,0.3244160733654353
0,0,0.28218614487311655
1,1,0.9978111573621694
1,1,0.8299057366222132
0,0,0.0015287993266335164
0,0,0.4145017604136612
1,1,0.8213031900620589
0,0,0.00021595414190700524
0,0,0.0011231463148821137
1,1,0.9652658146430806
1,0,0.34388703781137225
1,1,0.7346228829262885
1,1,0.9491128495516516
0,0,0.0014219353817106451
0,0,0.036298465454896484
0,0,0.00036060958383616926
0,1,0.9683744608501027
1,1,0.7661646516136659
0,0,0.024352888116939468
0,1,0.6510494422881592
1,1,0.9951629708724924
0,0,0.24534117032604172
0,0,0.003607941025170896
0,0,0.003911111685215908
1,1,0.7809751388647085
1,1,0.9995530720253836
0,0,0.0013234423854499471
0,0,0.0014225190721027558
0,0,0.01652763675039071
1,1,0.9567099933777928
1,1,0.7087291674883328
0,0,0.00043644760475030617
0,1,0.6549668624267366
0,0,0.00154908994848487
1,1,0.794763531600582
0,0,0.0012829982866637097
1,1,0.9877395202398032
0,1,0.9729308635533291
0,1,0.8449595600681546
0,0,0.278583151043164
1,1,0.8016535338105094
1,1,0.9672442390398552
0,0,0.04689532665297856
1,1,0.6264362186818034
1,1,0.7213475797192938
1,1,0.9864947482104219
1,1,0.9923142326755744
1,0,0.4274896907165922
1,1,0.9667844828426644
1,0,0.0013421846395851073
0,0,0.04230433204054462
0,0,0.003890809896063695
1,0,0.2926720778011069
1,0,0.07689564418989579
0,1,0.8841075310883393
0,0,0.0003330531330295192
0,0,0.0003466615989627466
1,1,0.9660890544363402
0,0,0.0013178110131792059
0,0,0.003509202851883258
0,0,0.0002869250256192148
0,0,0.00011560970488023912
1,1,0.9720153406638393
0,0,0.093970818120171
1,1,0.861895244136431
0,0,0.4895630066903801
0,1,0.6030893328901158
0,0,0.0036392654263749224
1,1,0.9137197641649631
1,1,0.9837907801485658
0,0,0.01654374963525012
1,1,0.9947633972651116
0,0,0.008856495399778622
1,1,0.9851287750971265
0,0,0.33918170616740884
0,0,0.19112503481845805
0,1,0.5280716696015602
0,1,0.8135051031622998
0,1,0.7898061380785901
1,1,0.9981083149647482
1,1,0.9529688958028933
1,1,0.721709751952558
1,1,0.986270577273408
1,1,0.6519025143358798
1,1,0.8935526432082949
0,0,0.001617943293114554
0,0,0.002070842667383918
0,0,0.009715979562405623
1,0,0.14431044282787256
0,1,0.8646240495957723
1,1,0.995780839954667
0,1,0.5453454964498093
1,1,0.8525241547879588
1,1,0.931345780135519
0,0,0.013911905731932064
1,1,0.9743752378912676
0,0,0.001874977313064919
0,0,0.03050859631124141
1,1,0.5620546280016537
0,0,0.003411362406529797
1,1,0.9404719757354031
0,0,0.028031538986389225
0,0,0.3390671457852044
1,1,0.6968868078398754
0,0,0.01831570971233388
0,0,0.17811031371860617
0,0,0.08456249993238663
0,0,0.04628016363834995
1,0,0.055197793141932974
0,0,0.0014706717206214577
1,0,0.010164271507898844
1,1,0.881950581098745
1,1,0.9856473533168597
1,1,0.8119290511817068
0,0,0.0075089540363592186
1,1,0.9993399049219318
0,0,0.0006048597540151306
0,0,0.0037822065564684228
1,1,0.96963937870667
0,0,0.00736019667047973
1,0,0.16943311557389676
1,1,0.8979035582440387
0,0,0.003415692049801728
0,0,0.013147901717983801
0,0,0.016571617670396086
1,1,0.9385064008006954
1,1,0.9810081735915047
0,0,0.007907452220899055
1,1,0.5749731624002612
0,0,0.038603053450822836
1,1,0.7656698622429087
1,1,0.8486716441958477
0,0,0.019133356512212422
1,1,0.8123850507427915
1,1,0.9622039486474027
1,1,0.9313277735839823
0,0,0.001138301243619293
0,0,0.00085907321844847
0,1,0.8351113209132146
1,1,0.8233909463456094
0,0,0.11201070880193573
0,0,0.0010470283391343228
1,1,0.9132729666426709
0,0,0.0025576900138795503
0,1,0.9594712997959586
1,0,0.1696473574570259
1,1,0.9996764813894842
0,0,0.13658863846647748
0,0,0.4560766915926456
0,0,0.00022583600635874175
0,0,0.003631517654095201
0,0,0.019466403949612833
1,1,0.9840743916446154
0,0,0.0005936338820382879
0,0,0.21901092503769587
1,1,0.9052671976727649
0,0,0.0006217724913995522
0,0,0.09090777877820477
1,1,0.9960984435746641
1,1,0.9643507091343808
1,1,0.9979460784030515
1,1,0.7937244126725277
0,0,0.021049924060728958
1,1,0.9631778416325049
1,1,0.7831643538787197
1,1,0.9978780300341745
1,1,0.9070717380672086
0,0,0.11577532624755418
1,1,0.7286541000675875
0,1,0.708904485146065
0,0,0.05962468772963647
0,1,0.9725033919484257
1,1,0.8079728674946328
0,1,0.6629953155403789
0,0,0.06756405716946988
1,1,0.9870225163992363
0,0,0.00478034818794272
0,1,0.8404071909053912
1,1,0.9584245532493039
1,0,0.18876398908020375
0,1,0.5176675782622904
0,0,0.15550163091519464
1,1,0.9977895945588076
0,1,0.9437330138140066
0,0,0.0005987503695470469
1,1,0.9796594863281075
0,0,0.004182245715870002
0,0,0.044988233496201645
1,1,0.6557096703336055
0,0,0.46808708161939827
0,1,0.6008293780548141
1,1,0.9958408912662645
0,0,0.015611048763808744
1,1,0.9323178393193982
0,0,0.363907275791333
0,0,0.007552228144832881
1,1,0.9516556212026277
0,0,0.0003621003478050354
0,0,0.11373402353892963
1,1,0.97210674387722
0,0,0.0038080060498040576
1,0,0.3522216848499494
1,1,0.9755196718530647
1,0,0.27343573493523543
0,0,0.0005062319644578249
1,1,0.9703954309061273
1,0,0.4387652231865605
1,1,0.894190135329494
0,0,0.08753354133535578
0,0,0.00052402532322483
0,0,0.007640821643177771
0,1,0.76328053551655
1,1,0.9976401162412166
1,1,0.986681580835923
0,1,0.7638677952340021
0,0,0.005862436566585157
1,0,0.48439450623594027
1,1,0.9102143872611138
0,0,0.003663964190122377
1,1,0.9744552723428656
0,0,0.21104560657098526
1,1,0.9983597889102348
1,0,0.4693014473680888
0,1,0.8563656836225988
1,0,0.4384758417496011
1,0,0.054763776591383484
1,1,0.9325697632522738
0,0,0.0022711180218278294
1,1,0.9316711661678367
0,1,0.8851889157537381
1,1,0.984194715447083
1,1,0.9671907041713621
1,1,0.9571153535751061
0,1,0.9678727556832164
1,1,0.5822466249741592
0,0,0.0035866667090962705
1,1,0.9864933798051707
0,1,0.7655695239520477
1,1,0.6002228311845162
1,1,0.9021598453531751
0,0,0.2643292961887879
1,1,0.9484486861192435
1,1,0.9995515728969763
0,0,0.32378521199538757
1,1,0.9757876706464526
0,0,0.021945293537319246
1,1,0.8174221929526005
1,1,0.9869265839463556
1,1,0.9775099824133963
0,0,0.005562969820488386
1,1,0.8431673889736845
1,1,0.8872847998175477
1,1,0.9549756546855521
0,0,0.003898178168424456
1,1,0.9249510221201256
0,0,0.00023295774773443426
0,0,0.19903720390385826
0,0,0.12460863895083986
1,1,0.995387384257059
1,1,0.9862977146034368
1,1,0.9951903900489633
0,0,0.0018385854307104224
0,1,0.7714955996397057
1,1,0.9761595439284539
0,1,0.7626898787316726
1,1,0.9948460170249094
0,1,0.5062420048591127
0,0,0.00800615615497471
0,0,0.00032112919761943733
1,0,0.007681170527892881
1,1,0.9284879901635029
0,1,0.8639679123844715
0,1,0.7390881920967264
1,1,0.9828982118984199
0,1,0.5094720092958218
0,0,0.1030162460386247
0,0,0.29585202592992604
0,1,0.7649560258176612
0,0,0.017330314490790966
0,0,0.011603282818961048
1,1,0.985791326607701
0,0,0.0019100945621505214
1,1,0.9993880999138566
1,1,0.7636239175300258
1,1,0.9945846678441141
1,1,0.9402682969822405
1,1,0.9827608702545473
0,0,0.01633135221081736
0,1,0.8292078742397787
1,1,0.8871597636863855
1,1,0.9834754857463706
1,1,0.9997124334186589
1,1,0.9935251151321928
1,1,0.9656704282062013
0,0,0.08573267611844271
0,1,0.5180901702277733
1,1,0.9842378178718858
1,1,0.9949062921533913
0,0,0.12641047523035734
0,0,0.0015454375978681627
0,1,0.8593702552756184
1,1,0.9996402367780676
1,0,0.010614289421346899
0,0,0.13885099969069256
1,0,0.38068076135102896
1,1,0.9468749149146924
1,1,0.983680030699559
0,0,0.1291701173980089
0,0,0.03287161021987824
0,0,0.0007856782251078678
0,1,0.8346278978358258
0,1,0.8472564675336581
1,1,0.9995313281418383
1,1,0.9991282853834355
1,1,0.9793831497674229
0,0,0.0011485400861052978
1,1,0.9454366959278283
1,1,0.9939590579086538
1,1,0.9825723893643847
0,0,0.06982119493819684
1,1,0.9659835451548779
0,0,0.0019452469427809213
0,0,0.3185683155639796
1,0,0.10918223011219126
0,0,0.009746550454175008
0,0,0.16488294429207864
1,1,0.9944993657601607
0,1,0.7593944832622246
1,1,0.9996815539584293
0,0,0.2560659827629226
0,0,0.00035358311688975957
0,0,0.0016040114436631032
1,1,0.9981888353989111
0,0,0.07083737804352262
1,0,0.07255222196506868
0,0,0.05377258988896418
0,1,0.7553763344646589
1,1,0.999467663371552
0,0,0.011336185058600541
1,1,0.9873487698092615
0,0,0.01283541101723681
0,0,0.0012864222902346752
1,1,0.5772957258127348
0,0,0.004631733475253641
0,0,0.001690730612486545
1,0,0.1045306162344103
1,1,0.9921109638631459
0,1,0.70034292448617
0,1,0.9026570238391433
1,1,0.9911870045636587
0,1,0.788474403417504
0,0,0.0004355161233095417
1,0,0.11715362089984706
0,1,0.5940193624035498
0,0,0.0007081659762743573
0,0,0.026681797925017885
1,1,0.9979199671979753
0,0,0.0028811457964909365
0,0,0.016443111019009332
1,1,0.9603457343351536
1,1,0.9991852803449341
1,1,0.9224859419289488
0,0,0.0005146298308428362
1,1,0.888331110641397
0,1,0.9690308006913866
1,1,0.9149350455456206
0,0,0.002188967331278657
0,0,0.03745405538431297
0,1,0.770356384089029
0,0,0.14205678675380143
0,1,0.7451115744786657
1,1,0.9382527308617724
1,1,0.9888580594270349
1,1,0.886785667427397
0,0,0.017707742011437873
1,1,0.7047917935962872
0,0,0.00043488498266482133
0,1,0.7937022626562983
0,0,0.005717784302751397
0,0,0.1508028259481325
0,0,0.0013132012345674644
0,0,0.1563343907251604
1,1,0.9996711324325864
1,1,0.9669317782125013
0,0,0.012336688927851653
0,0,0.0066287181295740715
1,1,0.9994172918598219
1,0,0.2028426351033013
1,1,0.9384520032092056
1,1,0.8885327244226242
1,1,0.9393308304022573
0,0,0.4992230190159745
0,0,0.4133679768137928
1,1,0.7389595489096725
0,0,0.033982811832319305
1,0,0.03252636778193158
1,0,0.3318706145148326
1,1,0.9560665726939125
1,1,0.9937935009300981
1,1,0.8077821589153835
0,1,0.6741200869200215
1,1,0.970210193849619
0,1,0.8861665397276541
1,1,0.9990923223889348
1,1,0.9571348676469741
1,1,0.9609151649815526
1,1,0.748102390941175
0,0,0.49940817080420613
0,0,0.02088093836269386
0,0,0.09907417754278712
1,1,0.8114970417416261
1,1,0.8802036574010723
0,0,0.0003723781541206205
0,0,0.48160410029698214
0,1,0.8009385678525572
1,0,0.2996617745229818
0,1,0.5603362972633745
0,0,0.2538483142019769
1,1,0.585914565897985
0,0,0.026421253638200512
1,1,0.8604141706080881
1,1,0.6261236261757614
1,0,0.1983840886151261
0,0,0.0006261445637187796
1,1,0.9908497575643022
1,0,0.3618750295102143
0,0,0.0004055950931001078
1,1,0.9153278206155069
1,1,0.7541700672403913
1,1,0.9667670160631938
1,1,0.9238305104902385
1,1,0.9779691121861099
0,0,0.10013884032155305
0,0,0.06179280640288703
1,1,0.9944096689101243
0,0,0.004172973818031548
1,1,0.6746465015424267
1,0,0.02876928543018902
0,0,0.008373727880413434
0,0,0.02713878674904806
1,1,0.9624533421977624
1,1,0.9774330908717763
0,0,8.737309791407503e-05
0,0,0.0023778186495203176
0,0,0.04170606167556294
1,1,0.9467126801596213
0,0,0.011781291043662576
1,1,0.913845060864718
1,1,0.8974573451454256
1,0,0.13938617792255037
0,0,0.0145420593972205
0,0,0.0008327092529707332
1,1,0.8653299272499005
0,0,0.04656378349092398
1,0,0.05600519154864119
1,1,0.8443279744352326
1,1,0.9892672353526647
0,0,0.020573695728824365
1,0,0.47320292610691606
0,0,0.027683859888672686
1,1,0.9984274404039802
1,1,0.8418146173876234
0,0,0.0022309280936497595
1,1,0.9579144411852765
1,0,0.1427381660038186
0,1,0.8282992833656292
1,1,0.999838287295694
1,1,0.9310153873505572
0,0,0.054819641921346564
0,0,0.0016161707247669686
0,0,0.022610324624686404
1,1,0.9059965464291516
1,1,0.936497675039813
0,0,0.22496022350030237
0,0,0.031645497079253265
0,0,0.27189309883626883
1,0,0.45586170421782185
0,0,0.03466986643818931
1,1,0.9962535112032056
0,0,0.015698877003348145
1,1,0.9981010469613063
1,1,0.97620078865613
1,1,0.9950594847253242
1,1,0.9633103629485051
1,1,0.9822362804545706
0,1,0.8828440274393476
1,1,0.9846491258019497
0,0,0.1870466296506355
0,0,0.18814919927901733
1,1,0.9989962247959508
0,0,0.06275655390739199
0,0,0.0001446720430659111
0,0,0.00168040341191388
1,1,0.9201725245084683
1,1,0.9991391681775
1,0,0.23254130590122923
0,0,0.00269357837503909
1,1,0.9997194943143362
1,0,0.3600737863605309
1,1,0.5557447981948274
1,1,0.9946692192589883
1,1,0.9829126442878777
0,0,0.005021591539859132
1,1,0.9995572186373308
1,0,0.4402247926918672
0,0,0.0007076076318402122
0,0,0.009309321176052186
0,1,0.5638552990886413
0,0,0.0011078972046068233
1,1,0.583716521931719
0,1,0.6691820536669484
0,0,0.005399445574229472
0,0,0.06154125085139076
1,1,0.8756401678694655
1,0,0.38361894563844
1,1,0.9888354080440924
0,0,0.15196305783279926
0,0,0.29992187756384414
1,1,0.9976740073466043
1,1,0.9922752774549031
1,1,0.8519787571411467
1,0,0.05551051427483774
0,0,0.0035454924922750817
0,0,0.38151418998420317
1,1,0.7619116327173021
0,0,0.0005993367409093885
1,1,0.5093775294357981
0,0,0.02523928419925775
1,1,0.9584254390019316
1,1,0.9991486756977269
1,1,0.7597520411038593
0,1,0.9556006872730958
1,1,0.9891418690969969
1,1,0.9982136426835565
0,0,0.08712509461923884
0,1,0.849568609871096
1,0,0.17855456053619514
0,0,0.09629793827049865
0,0,0.00012082481697555728
1,1,0.9976649920723948
0,0,0.0003609252468889291
0,0,0.0005119271262790273
0,0,0.0014288113059534888
1,0,0.3518755925851183
1,0,0.44301553870326993
0,0,0.02642151385328237
0,0,0.00016599688947716948
0,0,0.02160289255458456
0,0,0.03962493308137338
1,1,0.9910864525727452
1,1,0.999735439133976
0,0,0.0008153598372066462
0,0,0.3255370554176972
0,0,0.002805792171740189
0,0,0.017391202236141576
0,1,0.961918061251275
0,0,0.00029806248420242824
1,1,0.9746508499723442
1,1,0.9972874122621821
1,0,0.058365461036448074
1,1,0.983699182924912
1,0,0.3780488237771506
1,1,0.8302738674521423
0,0,0.007674021463409537
1,1,0.9379600892093077
0,1,0.8778711319438322
1,1,0.9934425008962119
0,0,0.002213446728528313
0,0,0.016092663344395044
0,0,0.00046500016608863967
0,1,0.604212574438933
0,0,0.0003095638393212453
0,1,0.5752956874084932
0,0,0.009900792615663331
1,0,0.0806738383129914
1,1,0.9946498242437287
0,0,0.004182421739002449
0,0,0.004075838972730652
1,1,0.8644688808117589
1,1,0.6121004471648114
1,1,0.9994911142127376
1,1,0.9022514133895645
0,1,0.6803696738122182
0,0,0.0001428129729485964
0,0,0.0033430450501492417
1,1,0.9737263484495899
1,0,0.184286814874933
1,1,0.9996023098332019
0,0,0.19737560754274713
0,0,0.020247370087433457
0,0,0.0008273446424623243
0,0,0.0018321513607737674
1,1,0.9804984860168128
1,1,0.9892056096966932
0,1,0.9080750207959347
1,1,0.974914103085585
1,1,0.9943878034387009
0,0,0.4583266236984867
1,0,0.16818237921795628
0,0,0.008485822863597024
0,0,0.03808919095716442
1,1,0.999241068940483
1,1,0.9963577222728762
0,1,0.8908461473490805
0,0,0.33005001465484807
1,1,0.9876963242622199
0,0,0.0034008020389336376
1,1,0.9957734532015978
1,1,0.8930178621489678
0,0,0.0007492813975654173
1,0,0.4639669770841964
1,1,0.9996511183001173
1,1,0.7530429420146381
0,0,0.3152032619650207
1,1,0.9767253287767179
0,1,0.7998284230717406
0,0,0.3476861694453507
1,0,0.36985663031325583
0,1,0.922076308748129
1,1,0.8813084837677682
0,0,0.4763407460325532
0,0,0.10764380649966607
0,0,0.001632414239466871
0,0,0.04209391692154172
1,1,0.9836848593247679
1,1,0.825282767457244
1,1,0.669018889568156
1,1,0.9157515402483002
0,0,0.0031488467505254103
0,0,0.0017691566673257656
0,0,0.00027502771884555655
0,0,0.011396290955284688
1,1,0.8413097416175924
1,0,0.05610093788221656
0,0,0.0025083461415872014
0,0,0.0007490930748010238
0,0,0.018511943557809933
1,0,0.025799677985444622
1,1,0.5464632532283689
0,1,0.8168429729168293
1,1,0.9075765503107543
0,0,0.07243065199215085
0,0,0.0019458958831516935
1,0,0.2704409224911965
1,1,0.9973670364547284
0,0,0.0006916067181120554
1,1,0.9587144481437317
1,1,0.7414137815243049
1,1,0.9692894446408938
0,1,0.9847818212485404
0,0,0.00016889198188960376
0,0,0.2785384265750244
0,0,0.01515807501590251
0,0,0.002696503477126235
1,1,0.9610226788745436
0,0,0.0013762504201266046
1,1,0.9635071495319145
0,0,0.049667355639305376
0,0,0.03383510284908934
1,0,0.3734602857481589
1,1,0.9151042676063285
1,1,0.9997751709168332
0,1,0.5390878095919992
0,0,0.19728643127716936
1,1,0.948827729517212
0,0,0.1335354463402404
1,1,0.689266275898446
0,0,0.41578832826146944
1,1,0.9957150882666987
0,0,0.3142311355367004
0,0,0.26796253813265214
0,0,0.018707671636960386
0,1,0.926084706405304
0,0,0.001208934105767274
0,0,0.2370454956165494
1,1,0.8870467835826568
1,1,0.9822434886423772
1,1,0.9948691417266309
0,0,0.3865285681440507
1,1,0.9998111464097403
0,0,0.05960615113048959
1,1,0.9999382763549977
0,1,0.9032121521592361
1,1,0.7207514258999992
1,1,0.7270112049132044
0,0,0.0015867811732287254
0,0,0.041008064289824786
1,1,0.6962433416377296
0,0,0.0003836897211808528
0,0,0.0003592406334079817
0,0,0.0013452303953007364
1,1,0.9849157476865565
0,0,0.0004497441931228254
0,0,0.3913764334820424
1,1,0.9996234943408246
0,0,0.055018096639091164
0,0,0.0007002967207575214
0,0,0.4116376876156472
0,1,0.9129053606965687
1,1,0.9920763872502791
1,1,0.6435855161478594
1,0,0.1507375419195669
0,0,0.3426669156283129
1,1,0.8733733427921918
1,1,0.9820028657221476
1,1,0.915173025307708
0,1,0.5871610513301191
1,1,0.8498442367704371
0,0,0.0018334114098262622
0,1,0.9146978855371297
0,0,0.2383578262192237
1,1,0.9885367696866265
0,0,0.45527819791168045
0,0,0.03474211927721804
1,1,0.9893317038078745
0,0,0.33386822451870396
1,1,0.5671971043318276
0,0,0.10547739110769626
0,1,0.7917768975891091
0,0,0.0010136920259042937
1,1,0.9087903880063647
1,1,0.7875053951826285
1,1,0.9862771275400497
1,1,0.9544960266367567
1,1,0.9964719396390742
1,1,0.9813414999672668
1,1,0.9594603537667814
1,1,0.7320500372462628
0,0,0.04842805150321048
1,0,0.42863806048817715
1,1,0.9681391718367032
0,0,0.005602557498219196
0,0,0.0004482590427045286
1,1,0.9997296670039318
0,0,0.08357443976569029
1,1,0.9935977433845803
0,1,0.985727044237838
1,1,0.9979409097424888
1,1,0.7824938863454659
1,1,0.998877800034745
1,1,0.9949082033024862
0,0,0.0016740149323742574
0,0,0.0033157384536316005
0,0,0.05873036913910685
1,1,0.7912624314449874
1,1,0.999554026956152
0,0,0.014220925581898757
1,1,0.9946726268094024
1,1,0.9193808181711152
0,0,0.2834117105317772
1,1,0.9316457041808017
1,1,0.9816662726027707
1,1,0.9744911090810546
0,0,0.03938347520663011
0,1,0.7798291154677855
0,0,0.00972108010679327
1,1,0.9636268315682469
1,1,0.6783866172881048
1,0,0.17746219812409256
0,0,0.0004303367403983888
1,1,0.9967458520146535
1,1,0.9966134902829284
0,0,0.0006676945846431877
0,0,0.0020269460890535423
0,0,0.055323771250232225
0,0,0.008108518625161026
1,1,0.9988915185969495
0,0,0.0004969795680007558
0,0,0.09017563285726016
1,1,0.9839068231317615
1,1,0.8546428472287004
0,1,0.6625139405318384
1,1,0.6194839116403592
0,0,0.29054649808164196
1,1,0.7462834274408673
1,1,0.8159355857146183
0,1,0.9041154061636443
0,0,0.012916982000239016
1,1,0.9972502328401555
0,0,0.34537818220137234
1,1,0.9712152007724615
0,0,0.0006447275072646491
1,1,0.9996558827639226
0,0,0.0006568821591218718
1,1,0.921348252181532
1,0,0.06956761367019014
1,1,0.9860626410532749
0,1,0.9809648270823949
0,1,0.6120940473441849
0,0,0.39946329144539605
1,1,0.6579830471458396
1,1,0.5834331561762744
0,0,0.08113031692005881
1,0,0.32054783832584405
1,1,0.9851977954880795
1,1,0.9857596915865916
1,1,0.8011755423312139
1,1,0.9590360045856373
0,0,0.0021097525505476083
0,0,0.13021515890455898
1,1,0.9951830817996464
1,1,0.9923838561670659
1,1,0.8545410345665148
0,0,0.3308167356911287
0,0,0.00757005551543697
1,1,0.9983283752603704
0,0,0.024856427028493566
0,0,0.012010586441371922
0,0,0.016128524859104373
1,1,0.9976301266210742
1,0,0.37290319403924316
0,0,0.041572385184779334
1,1,0.9991022969516778
0,0,0.029793519828092477
1,1,0.9991359300644111
0,0,0.0007349695628092374
1,1,0.9989917482039179
0,0,0.06628656801149112
0,0,0.037732305973994205
0,0,0.0006252643558101424
0,0,0.00040517423924439524
1,1,0.9416280954999867
0,0,0.047278430523060064
0,0,0.48039315993992604
0,0,0.24988994105952916
0,1,0.8638221177268048
1,1,0.9852790596129232
1,1,0.9624880456550887
1,1,0.7311211430063903
1,1,0.8880500563217048
1,1,0.9699211319617124
0,1,0.5653622135310976
1,1,0.8868182485659395
0,0,0.03392876031195212
0,1,0.8033783222308459
1,1,0.9992082985155564
0,0,0.3005356134707418
0,0,0.00820155738899286
1,1,0.5410841147055933
0,0,0.0005492185881388322
0,0,0.0006164543399198837
0,0,0.00437858454139385
1,1,0.9906744358237025
0,0,0.0014047094345118903
0,0,0.00523005303887506
1,1,0.9880153584460459
0,0,0.260729326600358
1,1,0.5134496208601587
0,0,0.2159714839893036
1,1,0.9548366361165194
1,1,0.9156959724584545
0,0,0.001007376128105706
1,1,0.983172209367145
0,0,0.04133666253723782
0,0,0.0216274418364699
0,0,0.002815247267527549
0,0,0.001106174417263597
1,1,0.997441978450249
1,1,0.9913633916912169
0,0,0.14347247543923472
1,0,0.04745002207686393
1,1,0.9982198744289092
0,1,0.9122092245250457
1,1,0.9624285787372211
0,0,0.4918334338838273
1,1,0.7610629932748445
0,0,0.09030875412889756
0,0,0.0002758102191246301
1,1,0.9978466307423326
0,0,0.24574053977486082
0,0,0.34002549517551484
0,0,0.000677145794696675
1,1,0.8857138171517683
1,1,0.755402349434454
0,0,0.08309324059204502
1,1,0.7634019761452594
0,0,0.00031810072816067545
0,0,0.2657031584128888
0,0,0.0013970790773881632
1,1,0.9888236445931081
0,0,0.100388800831389
0,0,0.0005556433588500557
0,0,0.04893893295214845
1,1,0.9996612282593343
1,1,0.9986475098387004
0,0,0.0011013688881889906
1,0,0.1736898233585009
0,0,0.0608158737943702
1,1,0.9977475413829099
1,1,0.9911842679070325
1,1,0.9980572562522285
1,1,0.8806599836281942
0,0,0.1472699172082864
0,0,0.029976059641985176
1,1,0.9944221710788232
0,0,0.0009375085918488953
0,1,0.6920738907910714
1,1,0.893245225226379
1,1,0.7948277168107782
0,0,0.002197111408243624
1,0,0.2715083598237218
0,0,0.3009071340028639
1,1,0.9539187911119172
0,0,0.016082792109238058
1,1,0.9996218994690865
1,1,0.9072412344547651
1,1,0.728015659237294
0,1,0.9076545841377702
0,0,0.009903181322448554
0,0,0.016853238891237063
0,0,0.1134144398435918
1,1,0.9421818170581888
1,1,0.9484225530556988
1,1,0.5134136989625094
0,0,0.0080778653375227
0,1,0.7308431603348345
1,0,0.26334914518308417
0,0,0.031166063102831446
0,0,0.0009293601796506682
1,1,0.9623323937264845
1,1,0.8687883210212246
1,1,0.9948101146345445
1,1,0.9782398330888639
0,0,0.04966673343294378
1,1,0.9675648462666869
0,0,0.0005829431285661093
0,1,0.9658377817762784
1,1,0.9991926922312331
1,1,0.6986433409391911
1,0,0.013798742940706777
1,1,0.8668664625514039
1,1,0.5990353016968181
1,1,0.9996153420721197
0,0,0.031995477340351824
1,1,0.6636404962963366
1,0,0.31232222178494917
1,1,0.8891240743822333
1,1,0.998624075955451
1,1,0.9971977677408708
0,0,0.0048986697993569465
1,1,0.9583311935840142
0,0,0.0005241126669873259
0,0,0.004317661564692443
1,1,0.9696030558100853
0,1,0.7143921626533012
0,0,0.13013845862519494
1,1,0.9857135748235141
0,0,0.11217174620420957
1,1,0.7915721672924247
0,0,0.002015009731048394
0,0,0.0819211654463545
1,1,0.65495633660368
1,1,0.9752141059954434
1,1,0.9996454047480379
1,1,0.9324168055621962
0,0,0.05622514333445523
1,1,0.9631271293651271
1,1,0.9923494064736834
1,0,0.3230383649821924
0,0,0.01908244351339198
1,1,0.5520049461573183
0,0,0.0006402669934652476
0,0,0.09457276738824646
1,1,0.954605654547406
1,1,0.9986353001355286
0,1,0.7692034730912855
0,0,0.1220823020274344
0,1,0.9623064937105066
1,1,0.9084382481683166
0,0,0.16095674423151834
1,1,0.7907818892183269
0,0,0.004790604908829681
0,0,0.00022544894920124741
1,1,0.9256161444061527
0,0,0.29508643077889785
0,0,0.30555330928973845
1,1,0.9996456316823268
0,0,0.4990059412816203
0,1,0.5849207388303439
0,1,0.8544025001230243
1,0,0.3089470567883138
1,1,0.9485455171424352
0,0,0.048893372119384125
1,1,0.9980847925620294
1,0,0.007159501952677145
1,1,0.6859173250786172
0,0,0.00047004221866408494
0,0,0.00018450204933788598
1,1,0.9868360643374698
0,0,0.11415532417329516
0,1,0.8724552644396917
0,1,0.8521519388513713
1,1,0.947941571192744
1,0,0.48501771241617886
0,0,0.19904514174123186
0,1,0.8862230642372687
1,1,0.8887224381234122
1,1,0.9976827456429409
0,0,0.0021879848773020652
0,0,0.07671640839011148
1,1,0.9979693076278346
0,1,0.7350174847957345
0,1,0.5047498092694269
1,1,0.9731948167126535
0,0,0.3228681295426601
1,1,0.9934999737035646
0,0,0.002179382209086272
1,1,0.9856968480672474
0,0,0.0019884843345105104
1,1,0.8312641726883581
1,1,0.8195334057683221
0,0,0.033185967977324655
1,1,0.9996085526756054
1,1,0.6248368251269225
1,1,0.9995960219014389
1,0,0.03408401144935536
1,1,0.9852229051422652
0,0,0.01098148217689814
1,1,0.9996140031219488
1,1,0.533856588722257
1,0,0.05570426034403272
0,1,0.5874712422201702
0,0,0.48284174441644323
1,1,0.96075096221055
1,1,0.8098496520048998
1,1,0.9724439127809255
1,1,0.9848092992029365
0,0,0.04909571543462708
1,1,0.9817675019527761
0,1,0.7241568419863332
0,0,0.07331160956478319
0,1,0.9448566604198624
0,0,0.025282621596074896
1,0,0.2605091853764406
1,1,0.998799129309128
1,1,0.9935274255128597
0,1,0.9373126203989609
0,0,0.0482471884002451
1,1,0.9743111625775633
1,0,0.36006034035674456
1,1,0.9878906069022205
0,1,0.7530772853488084
0,1,0.551729696841782
1,1,0.9686068985033655
1,1,0.9901739547949197
0,0,0.0654273314842033
0,1,0.7585389967201727
1,1,0.9994716354458555
1,1,0.9922945512612819
0,0,0.37769546106755286
0,0,0.18827407745359853
1,1,0.9528697218026493
1,1,0.7550624974939912
1,1,0.9205052334472078
1,1,0.9480635495645926
1,0,0.06399919847001577
0,0,0.006253959548003449
1,1,0.9901497951255939
0,0,0.015352507030121088
0,0,0.0014393087557720218
1,1,0.9715293889888997
0,0,0.13862642227985153
1,0,0.07914219529658961
1,0,0.3957960741927537
0,0,0.005228377108089747
0,0,0.36962721335963583
1,1,0.8018031098584447
1,1,0.858687400447767
0,0,0.0022549595045101645
1,1,0.9973040418415909
0,0,0.0007164565560571024
1,1,0.9565682989549478
0,0,0.0005583723808124063
1,1,0.9830943747335783
0,0,0.010540594310711075
1,1,0.9931881343881434
0,0,0.0027598500525311104
1,1,0.8727440485766198
0,0,0.3105857778410905
1,1,0.8969465032517413
0,1,0.6495867994089937
0,0,0.06290568092140572
0,0,0.0009814148843698984
1,1,0.8806799526286454
1,1,0.9723243688157029
1,1,0.7633495705204532
0,0,0.0005013853032218841
0,0,0.02233419686535867
1,1,0.6173829875756631
0,1,0.9927338898609387
0,1,0.8689837630252053
1,1,0.9939823501120219
1,1,0.9247186713021507
0,0,0.0008349391482792775
1,1,0.8005887883476167
0,0,0.0032944459323268724
0,1,0.9805401379297142
1,1,0.9933955999858137
1,1,0.999380521427381
0,0,0.0027794088531840244
1,1,0.5679148300034639
0,1,0.5129673888326504
1,1,0.7696356850846856
0,0,0.06797541833273764
0,0,0.20284511211698658
1,1,0.95805764201283
0,0,0.0013449413078280722
1,1,0.9487098763744874
0,0,0.29554416056530464
0,0,0.012695328298051305
1,1,0.9117898461296102
1,1,0.9983160709064696
0,1,0.5495706983501009
1,1,0.9918028812646608
1,1,0.93610794681526
0,0,0.1412475247649507
1,0,0.3897667169020308
1,1,0.7260553426040016
0,0,0.02139265956657854
1,1,0.9813466707322364
0,0,0.001692785595661826
1,1,0.8559589800970436
1,1,0.9941121003728706
1,1,0.931208332140055
0,0,0.00295674628558839
0,0,0.06250481827774682
0,0,0.48192254594403516
1,1,0.8765063871603254
1,1,0.5724906320669276
1,1,0.9904231500966024
1,1,0.9924719705261807
0,0,0.2778399487712503
1,1,0.9983640606249603
1,1,0.7768596295410332
1,1,0.9993648078732226
0,1,0.9297138981334199
0,0,0.042216341063889114
0,0,0.0010803480653734038
1,0,0.02470828525235704
0,0,0.167102035128193
0,1,0.7920937895314117
1,1,0.9997819042387888
0,0,0.023029534606518996
0,0,0.0028629982066744955
1,1,0.8122647534086844
0,0,0.036852913311168564
1,1,0.5356500076898609
0,0,0.006319280087789506
0,0,0.002228054256118397
1,1,0.9722090312468851
1,1,0.7356056846526063
0,1,0.9469763103809474
1,1,0.9920809104052537
1,1,0.9863948563853703
0,1,0.9253914736058463
1,0,0.42436721381744824
0,0,0.16856311046844458
0,0,0.019396246148417142
1,1,0.9999214765693616
1,1,0.9728415358054938
0,0,0.0027772746854397208
0,0,0.00877808809191287
0,1,0.8973302748124325
0,0,0.0008224011955241455
1,1,0.9996201546499175
1,1,0.8965183018296393
0,0,0.0008772353941067008
0,0,0.1629247918553591
1,1,0.7613870908878975
1,1,0.5577293972117638
1,1,0.9283197986839878
1,1,0.983401181997275
0,0,0.008506164023912289
0,1,0.8081981104558223
1,1,0.7788886722901601
0,0,0.00023472405380510063
0,1,0.525221057589758
1,1,0.5953432630903787
1,1,0.8723872236495774
0,1,0.5450036166781407
1,1,0.9929005672196557
0,0,0.009720479561581731
0,0,0.010479203198851523
0,0,0.0008996737244281758
0,0,0.06976532562804569
0,0,0.0037985484461300636
1,1,0.887584964463045
0,0,0.025989766138086606
1,1,0.8936690312125406
1,1,0.9838262841180723
1,1,0.676938712323273
0,0,0.13367879538001157
1,1,0.9226669361418564
1,1,0.9698356666631175
0,1,0.9543147597875397
0,1,0.6120590271126706
1,1,0.9798088221930843
0,0,0.000685194066920627
0,0,0.0002673306110750764
0,0,0.40875344236877836
0,0,0.019140009965191395
0,1,0.9103534175655581
1,1,0.9711259353984322
1,1,0.969172811879797
0,1,0.9033809885662754
1,1,0.5926479827450551
0,0,0.000995193761448053
1,1,0.7589364461745569
0,1,0.8600071821289687
0,0,0.003492510975944318
1,1,0.9975821203631096
0,0,0.26544648161174655
0,1,0.8877866601035144
0,1,0.9898842330597187
0,0,0.026100999663817372
0,1,0.9659442936992199
1,1,0.9703689438514016
1,1,0.9142178105192748
1,1,0.6753851883409508
0,0,0.4771367993465291
0,0,0.0024210034673695824
0,1,0.9132536003640855
0,0,0.0005485846155393995
0,0,0.0002599210274082502
0,0,0.000739615787415678
0,0,0.0006859506189963501
0,0,0.06822396033548518
1,1,0.978481616227737
0,0,0.01586758104892671
0,0,0.010030589445630993
1,1,0.9854289666208159
1,1,0.9609584476644051
0,0,0.1359544917965204
1,1,0.850797253273625
0,0,0.07396972946680433
1,1,0.9994606138508605
0,1,0.8255325493282845
0,0,0.04709632243813713
0,0,0.003962463082504301
1,1,0.9918091168116573
1,1,0.9912382738816979
1,1,0.99986683005004
0,0,0.14516176076173304
1,1,0.9982185706477545
0,0,0.0013503345616639691
1,1,0.8650245779447967
0,1,0.9498986675291524
1,1,0.9327047073745146
0,0,0.03929569134694466
1,1,0.9881093256314725
0,0,0.07820402435686291
0,1,0.6862947581643803
1,1,0.999708516466146
1,0,0.26474921695649095
0,0,0.0015057316443961573
0,0,0.0014931712237786438
0,0,0.024723189741720757
1,1,0.8002401740369723
1,1,0.8696672693221156
0,0,0.4643682555468879
1,1,0.9931669797189693
1,0,0.034110401944216724
1,1,0.9817080938536633
1,1,0.6104708854212413
1,1,0.824189011173865
1,1,0.9063845313757718
1,0,0.06379610330840745
1,1,0.9824192804939276
0,0,0.0006313216509595892
1,1,0.9929109773944014
1,1,0.9997547845384245
1,1,0.9979630262083359
1,0,0.2670113815007249
1,0,0.38015408173959897
1,1,0.9994979394113982
0,0,0.0012081251394097132
1,1,0.9921066023575202
1,1,0.9967262061098442
1,0,0.04231621336712107
0,0,0.0016915446941408448
1,1,0.9945337020693259
0,0,0.045671967801898035
1,1,0.9186260816184805
0,1,0.888025112148391
1,1,0.968420754643315
1,1,0.919258468476114
0,0,0.0014873742282033654
0,0,0.12940021421839312
1,1,0.9371412401662073
1,1,0.9287151555903719
0,0,0.13670007130119513
1,1,0.6429610456542012
1,1,0.9923681070359299
0,0,0.12377131826553359
0,0,0.07256446919820603
0,1,0.8770553938664434
0,1,0.7045007655417804
1,1,0.9993605693736979
1,1,0.9711873158532713
0,0,0.37411807045322215
1,1,0.7973869688894397
1,1,0.9382352218824694
0,0,0.06271759836606583
1,1,0.9161121962002299
1,1,0.974966963472464
0,0,0.003494547492224114
1,1,0.9478547214030758
1,1,0.8430773237751463
1,0,0.03254991412412383
0,0,0.06103625254815327
0,0,0.0037296418491452902
1,1,0.8984347854034341
0,1,0.9491763059828278
1,1,0.9493644448235551
0,0,0.2799206337874136
0,0,0.010941409289356989
1,1,0.9619532497202605
0,0,0.00011204984462072873
1,0,0.4136949974993304
0,1,0.5763932783928847
1,0,0.4608365756137503
0,1,0.9180299320360872
1,1,0.9681194918114021
0,1,0.7676870646743645
0,0,0.0004597594932674082
1,1,0.9029302114066151
0,0,0.0042512047607954975
1,1,0.957138744709126
1,1,0.9474178134371506
0,0,0.3237326745546065
0,0,0.0023606366391187255
1,1,0.9993995698580839
0,0,0.07889534333829211
1,1,0.7439327054623952
0,0,0.0007141870715644679
1,1,0.9336113520620292
1,1,0.8835344872406895
1,1,0.8492074034126581
0,1,0.5225607446276549
0,0,0.19108464758910085
1,1,0.9291203032149908
0,1,0.8478598757153875
1,0,0.19809216959769382
1,1,0.9868282858094823
0,0,0.0008706095969098687
0,0,0.002513199573190589
0,0,0.11627014325059278
0,1,0.9197725995217477
1,1,0.9955265899189579
0,0,0.004430217310011081
0,0,0.02118276098275695
0,0,0.10160165747329067
0,0,0.0010189932591000237
1,1,0.9975363447429119
0,0,0.00034946681526395004
0,0,0.06664627506485028
0,0,0.30296555013691284
0,0,0.0007546645773352311
0,0,0.0001856666388971486
0,0,0.0005730273329215055
1,1,0.5580310738242761
1,1,0.9774368917076338
1,1,0.8418535467531698
1,1,0.999737344543092
1,1,0.9917459602544217
0,0,0.000517628344527284
0,0,0.0013364810643782645
0,0,0.00408352839005088
0,1,0.6929952895540696
1,0,0.31104091774721476
1,1,0.9126101527734416
1,0,0.31744325402989143
1,1,0.9990115864354074
1,1,0.9992979424953913
0,1,0.7238453561903772
1,1,0.9990122323781192
1,1,0.5164434796769994
0,0,0.017529743763828563
1,1,0.8922760040037798
1,1,0.9044434361615067
1,1,0.8819938738734471
0,0,0.006563189440803892
0,0,0.40408902234774396
1,1,0.9905710092285304
0,0,0.27025250162561193
1,1,0.9997047484003593
1,1,0.960196921126022
1,0,0.1926304066426428
1,1,0.8021622735701954
0,0,0.0009334950619294992
0,0,0.0032172324536679803
1,1,0.9632946352772284
1,1,0.9951520844120391
1,1,0.5140767111317855
0,0,0.33840938176777524
1,1,0.8996819436941021
0,1,0.9792820123634693
0,0,0.16150543669388423
1,1,0.5288317992780699
0,0,0.0033912766334284706
0,0,0.000764250035078628
1,0,0.07133516654931933
0,0,0.13405437747444102
1,1,0.9738345320382845
0,0,0.08436364362367368
1,1,0.6546300137995517
0,0,0.16936485186307415
0,1,0.8233453560467009
1,1,0.8088103319884669
0,0,0.0013653154886408862
1,1,0.975111689670655
1,1,0.9070758944886397
1,1,0.9452689541726693
1,1,0.9690537021932395
0,0,0.006799167784452755
1,0,0.32157956552034744
0,1,0.8990653207410432
0,0,0.0004893300964119583
0,1,0.9579277777147908
1,1,0.9768551742106897
1,0,0.3024947865003318
0,0,0.0014758736951996894
0,0,0.4591048352843574
0,0,0.0003209370156512537
1,0,0.057312637138073434
1,1,0.9935617120022957
0,0,0.000470979533653401
0,0,0.00045631123234647343
0,0,0.004848629672593026
0,0,0.0025227643162604586
0,0,0.003988224563478351
0,0,0.0048988147643467435
1,1,0.8704584464348895
1,1,0.8732759107444147
1,1,0.9797202570639999
0,0,0.000311891024119864
1,1,0.9954946680575272
0,0,0.00882443459882029
1,1,0.9801581236204725
1,1,0.9953696269745514
1,0,0.16269461818428727
0,0,0.014344148478602107
1,1,0.9994374621178027
1,1,0.9784796247969623
1,1,0.7523235620668653
0,1,0.9524325344754871
0,1,0.9519963921052425
0,0,0.0037092260279203352
1,0,0.28656823592589503
1,1,0.999523560590667
1,1,0.983271010815703
1,0,0.3552631315015767
1,0,0.42096774683749466
0,1,0.9811726605376383
1,1,0.9671472290031781
1,1,0.9996408016168672
1,1,0.8950552003319264
0,1,0.6498374884216144
1,0,0.028372162680410134
1,1,0.9013682134794718
0,0,0.002531714201552459
0,0,0.030936649586925487
1,1,0.9643379048717482
0,0,0.0003197606777842469
1,1,0.7240450285174918
1,1,0.8029417731382223
1,1,0.9727352800048921
1,1,0.9359737332010662
0,0,0.0042853045512560245
0,1,0.7839161690270862
0,0,0.4718618554739794
0,0,0.03444476848997293
0,1,0.8071469921201884
0,0,0.0005222446397993798
1,1,0.9207849483091648
1,1,0.9496407886980792
0,0,0.45038922419487903
0,0,0.42621216887813634
1,1,0.7299334630060091
0,0,0.22045048952837829
0,0,0.21392649107922004
0,1,0.9829349869976324
1,1,0.5523513846480335
1,1,0.994378002445937
1,1,0.9991749275943653
0,0,0.07959214610484938
1,1,0.9993924849898228
1,1,0.9812113255321881
0,0,0.2666879249541584
1,1,0.9571123379741484
0,0,0.0035171413903810687
0,1,0.7840769574969122
1,1,0.9996831412710898
0,0,0.1710043536246664
0,0,0.003019386440028183
0,0,0.010769988329960399
0,0,0.003556341232514866
0,1,0.9573736935164029
1,0,0.33886700494381283
0,1,0.6275038103042888
0,0,0.1299511871549678
1,1,0.890063570100207
1,1,0.9927833193969804
1,1,0.9968424318261476
1,1,0.991801560966266
0,0,0.00112703554988296
1,1,0.9419941486171649
1,1,0.983389764951984
0,0,0.0009261532177412131
1,1,0.9891272570296878
0,0,0.00659766516743897
1,1,0.813539287695416
1,1,0.8750632679215172
0,0,0.02319006865137824
1,1,0.9569626946433667
0,0,0.42684009703064424
0,0,0.0808492080706498
1,1,0.9989607741719251
0,0,0.001943788973355206
1,1,0.9995433327437109
0,0,0.06771120689814684
0,1,0.8994932246485947
1,1,0.8573671751340016
0,0,0.3360284887473631
1,1,0.8488143984750126
0,1,0.5393265960345459
0,0,0.01009977347537854
1,1,0.999630577439969
0,0,0.18646597305591947
0,0,0.007439447463158409
1,1,0.9850565267678334
1,1,0.8974955512063416
1,1,0.9994100444191797
0,0,0.006656820880575519
1,1,0.9931026315708346
1,1,0.973984335820047
1,1,0.8587823454069506
1,1,0.8351280083253387
1,1,0.9942683701845316
0,0,0.05289729424897098
1,1,0.9997358371865755
1,1,0.8523926080577376
0,0,0.0583676171240905
1,1,0.7733692881220796
0,0,0.000857264227983035
0,0,0.007306255571776643
0,1,0.6263448884886667
0,0,0.008615996209201266
0,0,0.0006853801525871051
0,1,0.9314462248994305
1,1,0.9810532790129821
1,1,0.991465437952098
1,1,0.8471365985208305
1,1,0.5549439745154423
1,1,0.9887893020499442
0,0,0.00017928678357942922
0,1,0.5075502121839199
1,1,0.9981942216355176
0,0,0.0012296442440402633
0,0,0.0032448938951002483
0,0,0.4590118316747654
0,1,0.7172920183127972
1,0,0.0496014679421499
0,0,0.1637531220050135
0,1,0.5345376103984244
0,0,0.0029659857939924763
1,1,0.9821065306080369
1,0,0.06389753843926733
0,0,0.013626602239139144
1,1,0.5372031382819754
1,1,0.9997566917799975
0,0,0.027145617443402225
0,0,0.0976767614123863
0,1,0.6461594380083756
0,1,0.8782015933006081
1,1,0.9775531666603609
1,0,0.13097129838412724
1,1,0.9577328017139886
0,0,0.44955398879688696
0,0,0.3591347247329381
0,0,0.025640348946929237
0,0,0.24953077754183925
1,1,0.9939630504287496
0,0,0.3697172845534553
0,0,0.001351735663138455
1,1,0.9826616324152849
0,0,0.0012872995781191558
1,1,0.9846032612217708
0,0,0.1110233368625233
1,0,0.32518381634012944
0,0,0.00021875538279246656
1,1,0.9995434463030106
0,0,0.0068813646874802325
1,1,0.9887157841510291
0,0,0.04493232103617896
1,1,0.9709717369079612
1,1,0.9998434523838962
1,1,0.9147800067823193
0,0,0.19283978193280765
0,0,0.4806846655621645
0,0,0.0005927078942948426
1,1,0.986993539369127
0,0,0.3748337240995967
1,1,0.9970913592204907
1,1,0.9996862210056577
0,0,0.0011790621701313615
0,1,0.5108409576272657
0,1,0.8274723874748964
1,1,0.981622351237408
1,1,0.9694298743871076
0,1,0.7025840913886601
1,0,0.4854414907018359
1,0,0.1770775594938088
1,1,0.9736817502822249
1,1,0.9611817613608117
1,1,0.6857849604131812
0,0,0.002095797472812533
0,0,0.0009543365595362569
1,1,0.9715907162586777
0,1,0.9316121061363111
0,0,0.15079969599884005
1,1,0.8770861145998242
1,1,0.9995116972510174
1,0,0.19490137965867563
1,1,0.947472118318164
1,1,0.9995245766822447
1,0,0.3365179408597048
1,1,0.9683603462601347
1,1,0.5012474839673837
1,1,0.9549146942658993
1,1,0.9840084908234226
1,1,0.7772018258004604
0,1,0.8796230591083358
0,0,0.0021456557191955523
1,1,0.9993963554540238
0,0,0.0022536510082039303
0,0,0.1968981450065934
1,1,0.9863678575577682
1,1,0.9890375607897746
0,1,0.8267189746773705
1,0,0.04206355328047477
0,1,0.7957574956953413
1,1,0.9946978686892816
0,0,0.018512077226777602
1,1,0.9876960594018823
1,1,0.9492354597219055
1,0,0.013112387124866584
0,0,0.00256389029084247
0,0,0.11769050216211581
1,1,0.9277740546680312
0,0,0.23702469868487305
0,0,0.007405022391077411
0,0,0.0002855198478074542
1,1,0.982031540539526
1,1,0.9972323191694349
0,0,0.0014432614565930593
1,1,0.9856683674797166
0,0,0.042156285980711285
1,1,0.6900438139927721
0,0,0.006640413452080389
0,0,0.005413183038411009
0,1,0.9026922874956588
1,1,0.9199053853819026
0,0,0.4533092311022656
1,1,0.9996937196375739
0,0,0.1641667741402861
1,1,0.7814467863842226
1,1,0.9849144692627866
0,0,0.11571517139193106
1,0,0.4204519850681316
1,1,0.9991843832230131
1,1,0.9976748788208685
1,1,0.5707679690266294
1,1,0.9666249898793786
0,0,0.20584279806886652
1,0,0.3863684691393866
0,0,0.08692920964380421
1,1,0.9917289449514934
1,1,0.9803184812880517
1,1,0.9871788509171702
1,1,0.9974319174935266
1,0,0.2450062082827939
1,1,0.9984568303009825
1,1,0.9852484721721132
0,0,0.004557407930699714
0,0,0.32616224957865203
0,0,0.0035883263366386165
0,0,0.0010973915051824285
1,1,0.9236086308577806
0,0,0.005766590267554496
0,0,0.433804017717703
0,1,0.7839418086759097
1,1,0.9383542001982581
1,1,0.6984718660932755
1,1,0.9494013932074924
1,1,0.9964701188437939
1,1,0.9982189460151962
1,1,0.9683218773153554
0,0,0.29586918334537526
0,0,0.00020699643270168645
0,0,0.2353325310016955
1,1,0.8256329941148083
1,0,0.17952595380429892
0,0,0.05130825277339629
0,0,0.19548163769991908
1,1,0.7910425822686656
0,1,0.5001856598371514
0,0,0.0028911761536250303
0,0,0.06437219661651394
1,1,0.981852305350998
1,0,0.05175642550476218
1,1,0.8889409863443389
0,1,0.8952963345395657
1,1,0.9993272311127553
0,0,0.16892465087291622
0,1,0.504653051685399
1,1,0.9601797723298453
1,1,0.8663802216829674
0,0,0.03941393484470993
1,0,0.39276070194699764
0,0,0.002610480184132499
1,1,0.9756000420092613
0,0,0.0095302119051442
1,1,0.9189817858788254
1,1,0.9972880480600049
0,1,0.7442640831112832
0,1,0.7802711461456312
1,1,0.9860294613504142
0,1,0.6971689218587946
1,1,0.9782482882872966
0,0,0.03629998579943969
0,0,0.00966270180908274
1,1,0.9670930573221452
0,0,0.3457431210892354
0,0,0.0008546139529000554
0,0,0.00014617576790979536
0,1,0.7970300205740934
1,0,0.2772326811217323
0,0,0.003956201180220004
1,1,0.984052768947957
1,1,0.980397786824921
0,0,0.23169473312963018
1,1,0.9979798770545694
1,1,0.951646363771687
0,0,0.007931221948429733
0,0,0.05088914881680304
0,1,0.8188388177175845
1,1,0.9946448121684938
1,1,0.9225420535656971
0,0,0.0004903189239198101
0,0,0.16765688363796033
1,1,0.9996328952030917
1,0,0.35658305593738165
1,0,0.44866145295579046
0,0,0.2805968790060419
1,1,0.7454687551724324
0,0,0.0002497493659801657
1,1,0.8781871576694996
1,1,0.9892131250970265
1,1,0.6107210368427737
1,1,0.9550814680681895
1,0,0.2739884123117348
0,1,0.7744780050093767
0,1,0.5080764162579866
0,0,0.037861618048845934
1,1,0.7852774127243377
0,0,0.3118718195885182
1,1,0.999475883559903
1,1,0.9920682730156082
0,1,0.6713089104864237
1,1,0.9920686853443534
0,1,0.9145943158990529
0,0,0.014810765256747408
1,1,0.8846567607704235
0,0,0.0024348176365722547
0,0,0.13886484217363254
1,1,0.9485983038792997
1,1,0.979795253228367
0,0,0.002372918450368736
1,1,0.9864030595894893
0,0,0.006927430616853882
1,1,0.9952096265250907
1,1,0.9451030728089992
0,1,0.9277590831068928
0,0,0.009793370146371003
0,1,0.7872562741430469
0,0,0.0028703140340609243
0,0,0.05476534919699012
1,0,0.11753446862351881
0,1,0.5606053953204331
0,0,0.22405283492206557
0,1,0.5695971107701905
0,1,0.7853580127596491
0,0,0.0003739315021745114
1,1,0.79320661713985
1,1,0.8509232098567037
1,1,0.9161154239096382
0,0,0.0012863725075395215
1,1,0.8987783988875254
1,1,0.8993018875426533
0,0,0.013769290601798555
1,0,0.3989854706217603
1,1,0.9519009714908065
1,1,0.9496062705759167
0,0,0.08782582470210328
1,1,0.8140265486281275
1,1,0.9923889075351572
0,0,0.0023229543596968755
1,0,0.2353172098073363
1,1,0.6503672517339982
1,1,0.8022947458930695
1,1,0.9152273366574375
1,1,0.9442166534539124
1,0,0.3300969919090242
1,1,0.642087695189546
0,0,0.06900218537056203
1,0,0.16318176489460498
0,0,0.11709732360272378
0,0,0.0037291050409086054
0,0,0.06546336730317115
1,1,0.8927129849028517
1,1,0.975303369933378
0,0,0.0009192350168595946
1,1,0.736122405062565
0,1,0.9451957098369923
0,0,0.0009384614177302497
0,0,0.1260482225663279
1,1,0.9998663440901928
1,1,0.9782598215943746
1,1,0.9683812699350323
1,1,0.9843479180406971
1,1,0.980047142895974
1,1,0.7198985168244905
0,0,0.0025983511196168933
1,1,0.999677369592868
0,1,0.9915999702029755
0,0,0.008195181009525753
1,1,0.8527307961251308
1,0,0.022527578741554498
1,1,0.6975971817902996
0,0,0.04302165315469408
0,0,0.0009254702013724694
1,1,0.9930614454654362
1,1,0.9502426988456976
1,1,0.9960824636704056
0,0,0.001910751736653471
1,1,0.8989421404081378
1,1,0.9794231261914186
0,0,0.03888923751361446
1,1,0.9982483414938846
1,1,0.9828841787026759
0,0,0.0003507188520969573
0,1,0.6877679263332813
0,1,0.6880635515749604
1,1,0.8759182232400479
0,1,0.7100327437144727
0,0,0.1393020397138233
0,0,0.20443433288030347
1,1,0.9933518889810492
1,1,0.6715102785055302
1,0,0.11189202037303399
0,0,0.40753092938562147
1,1,0.9618480036256588
0,0,0.0016257562864420289
0,0,0.0033005895810840824
1,1,0.999612035232226
0,0,0.00042872362083736556
1,1,0.9418022897308709
1,1,0.9724992350269609
0,0,0.0029194848735888024
1,1,0.9436493029608872
0,1,0.7517965590641706
0,1,0.5183156138243048
0,1,0.9960446530202791
1,0,0.06510421297773236
0,1,0.8742519427790055
1,0,0.06554671918034607
0,1,0.9103682957733054
1,1,0.9286328233618588
0,0,0.03727765788867057
0,0,0.0766173081595171
0,0,0.3583633391443069
0,0,0.029198876511057622
0,1,0.5938488723597064
0,0,0.192167015707014
1,0,0.0554729713863972
0,0,0.0015738973498909648
1,1,0.5459064472249914
0,0,0.00290480666530596
0,0,0.005259483926035424
0,0,0.0089199816280402
0,0,0.07655847225463114
0,0,0.03363551826889687
0,0,0.08152910598206221
0,1,0.8671825087802321
0,0,0.0039460897116945755
1,1,0.8670460065033957
1,1,0.9606331836392528
1,1,0.5276150049719364
1,1,0.9969508275362352
1,1,0.979034170393326
0,0,0.0806123557628989
1,0,0.008612216862333391
0,0,0.00038178806556134497
0,0,0.02623061409787309
1,1,0.9647979957989912
0,0,0.3483708262534458
1,1,0.9950975949304522
0,1,0.5150329023223824
0,1,0.9876902408369356
0,0,0.0005421663124504397
1,0,0.41642170458382194
0,0,0.003994749812600094
0,0,0.033357049144093535
1,1,0.8990066485414633
1,1,0.9957539727621775
1,1,0.9529502993779785
0,0,0.4099782315158343
1,1,0.9846068115545977
0,0,0.1470094846490198
1,1,0.8985423919148882
0,0,0.1826140054022199
0,0,0.09283981887118757
0,1,0.9533366363642773
0,0,0.4386491307845941
0,0,0.2071264003283601
0,0,0.3317325029901443
0,0,0.0003621785298370177
1,0,0.45570256492596295
0,0,0.00955940793465848
0,1,0.7759223765555114
0,0,0.01581798318157773
0,0,0.20020525272131842
0,1,0.9183306523526426
0,0,0.03660108268929682
0,0,0.04352839958635041
1,1,0.9896635102144
1,1,0.950500863419628
0,0,0.20084643204529506
1,1,0.7683616805442757
0,0,0.07808817794994136
1,1,0.8153394475922495
0,0,0.0008054505685946333
1,1,0.999644944767157
1,1,0.9695087358295308
1,1,0.8193804979219398
0,0,0.07770080118635603
0,0,0.02315268972352956
0,1,0.5906885293066657
1,1,0.9515395258825816
0,0,0.46377880550684925
1,1,0.998662091086687
0,1,0.9845714845296769
0,0,0.00020762711095510122
1,1,0.9335394961061344
0,0,0.00030170911717035935
1,1,0.992443742941196
1,1,0.9598284793780394
0,0,0.34093355806713593
1,1,0.9816046068417826
1,1,0.9656903703973446
1,1,0.9453596969752686
1,1,0.9625913476517639
1,1,0.8946662008271914
0,0,0.000314886322448135
0,0,0.2248766043007675
1,1,0.5464371082152465
0,0,0.003412785666265176
0,1,0.9410610312620208
1,1,0.7054992870879814
1,1,0.870641698058676
0,0,0.0003484183884895825
0,0,0.2520031275862093
0,0,0.021912300405025266
1,1,0.763720845844615
0,0,0.0061998894516673625
0,0,0.00038563894202717013
0,0,0.0009211803354897414
1,1,0.9950447044617919
0,0,0.0045773145901754405
1,1,0.9885850108253715
1,1,0.772169548231232
0,0,0.0005105409471003737
0,0,0.0036354946838745034
0,0,0.16323931427659205
1,1,0.7239554376497945
0,0,0.007096096419117914
0,0,0.001571358095513376
0,0,0.0009494656079127851
1,1,0.9800038980197145
0,0,0.0007972036402819023
1,1,0.9706031526406359
1,1,0.863649448043609
0,0,0.001074658936042305
1,1,0.6893636122223413
1,1,0.9614117812534677
1,1,0.9231738748861544
0,0,0.17477549366305667
1,1,0.9088157941371366
1,1,0.842021873811558
1,1,0.9931100299737305
0,0,0.3990713320755712
1,1,0.9559959846719642
0,0,0.00887327527271211
1,0,0.0010062611278717911
0,1,0.6442744560062396
1,1,0.9818945602261744
1,1,0.9597405358898617
0,0,0.05152269685615849
1,1,0.9768404358209691
1,1,0.976687115820162
0,0,0.14292234590650452
0,0,0.002125213626008385
1,1,0.9995204440391248
1,1,0.9818678451144724
0,0,0.3290400033714871
1,1,0.9759445994061381
0,0,0.0023606814007332355
0,0,0.16405356671370858
0,0,0.2674513274571072
1,0,0.4885344039061529
0,0,0.16593068804731798
0,0,0.0022293906688924977
0,0,0.0019667315969927905
0,0,0.041802812426532145
0,0,0.01995932126936324
1,1,0.9970891649999948
1,1,0.9684660479138816
0,0,0.00654556590368055
1,1,0.9655841424670764
1,1,0.9928600012983855
1,1,0.6905657144179684
0,1,0.9229320477350763
1,1,0.9979733508138937
1,1,0.5940828040411734
1,1,0.9774634172680124
0,0,0.39179688575401533
0,0,0.0018161244976391646
1,1,0.9972372335122098
1,1,0.9951075069923223
0,0,0.29854446925855604
1,1,0.6338485276213163
0,0,0.00043998190724722276
1,1,0.9983103939538441
1,1,0.7186118897938618
0,0,0.003547962790675871
1,1,0.8192043733977548
1,0,0.42572249481315966
0,0,0.10269164392013813
0,0,0.031199274732947136
0,0,0.001632008062213971
0,0,0.013582548825276127
0,0,0.006991262694644511
1,1,0.5047195942544911
1,1,0.9502459359849165
1,1,0.9965884386797372
0,1,0.6508352921566908
1,1,0.9742903841945095
1,1,0.9185883346170418
1,1,0.9871697841669149
0,1,0.9739197212158788
1,1,0.862167712723952
0,0,0.03516990309787799
0,0,0.0024895935317031533
1,1,0.7935607249662078
0,0,0.14368661729435295
1,0,0.16379570892549708
0,0,0.08507867732924014
0,0,0.12702244653173173
1,1,0.9837413137702442
0,0,0.3626519990237517
1,1,0.9890278065731725
0,0,0.14435816394328316
0,0,0.00047077340185472936
0,0,0.1417319933487826
0,0,0.13185780631222552
1,1,0.9742003608082876
1,0,0.03758877307968413
0,0,0.003432586893091905
0,0,0.39018604603534046
1,1,0.9632782550107098
1,1,0.994493747586303
0,0,0.0230570284493934
0,0,0.1342983576505129
0,1,0.9890115572943106
1,1,0.9862684751889446
0,1,0.978069713105103
1,1,0.97483029244568
0,0,0.22954700514724688
1,1,0.987500970614424
1,0,0.34460654224321186
1,1,0.9897817848015591
0,0,0.005437078424616341
1,1,0.9930186016346592
0,0,0.02623516801043116
1,1,0.9996839157579502
0,0,0.013408810812087052
0,0,0.011348550701073132
0,1,0.8475379013119708
0,0,0.02825513951009131
1,1,0.8102297987694349
0,1,0.7819156216484134
0,0,0.2504219260039848
0,0,0.005040742298288497
0,1,0.6671147077120206
1,1,0.9418790997074741
1,1,0.8201307650235301
0,0,0.0006069991974549621
0,0,0.0015825867621378695
0,0,0.1965325255012561
1,0,0.4546045926813957
1,1,0.9955471423446524
0,0,0.0010860968015628143
0,0,0.0010413077198381526
0,0,0.0002952650216806048
0,0,0.0006634210258789964
0,1,0.6255202791324588
0,1,0.5333677122426584
1,1,0.9889103921749913
0,0,0.0064688589856705305
1,0,0.2015639849861472
0,0,0.21543500562687407
0,0,0.3992965913571834
0,0,0.019409769449540055
0,0,0.1339889599928521
0,0,0.0021027946226803854
1,1,0.7115317721864111
0,1,0.8454845373563543
1,1,0.9947574292030046
0,0,0.0013840554817846553
1,1,0.9911466349934025
0,1,0.5386376559110454
0,0,0.03545622643822014
1,1,0.878361700904778
1,1,0.6876826584475711
1,1,0.642574247935492
1,1,0.9823674939444601
1,0,0.18726413005826104
1,1,0.9938811160548839
0,1,0.815294125288012
0,0,0.1824018037651618
1,1,0.9994611317463493
0,1,0.9056472971803703
1,1,0.9085759512958705
1,1,0.7865015013080395
1,1,0.962136529142296
1,1,0.997795442348133
1,1,0.9067980816261886
0,1,0.6972562512428406
1,1,0.9971221244879597
0,0,0.0007607897805023927
0,0,0.001562505686556065
0,0,0.25676004776719813
0,0,0.011343843220057841
1,1,0.9983112295524567
0,0,0.0004589955315052095
1,1,0.9185340303037962
1,1,0.9656350105650658
1,1,0.8443216481447593
0,1,0.8211948568932363
0,1,0.7427106034176831
1,1,0.971849433453264
0,0,0.0001709305789240461
1,1,0.9871718157246505
1,1,0.9913890905464591
0,0,0.11733399096250921
0,0,0.042484146050159155
0,0,0.013743036991792114
0,0,0.000925534172386514
0,0,0.0059395422663264825
1,1,0.9997830747101566
0,0,0.27463748511710706
0,0,0.48214869262144255
0,1,0.9453402987556034
1,0,0.3202344023287806
1,1,0.9909095132922907
1,1,0.9993737076488327
1,1,0.9447980088052489
1,1,0.9714771678721593
1,1,0.9777023742068568
0,0,0.0008231576792652771
1,0,0.4062478355572649
0,1,0.9183178519788104
0,0,0.03281026405650741
0,0,0.0004619039931975895
0,1,0.6582697434664184
0,0,0.002958755646609439
1,1,0.9980939867920123
1,1,0.9816376112533053
1,1,0.99941330929762
1,1,0.9574780386517302
1,1,0.973540788490032
1,1,0.9246439678672119
0,1,0.9678866855082477
0,0,0.0005857981989598066
0,0,0.46398856908491704
0,0,0.1151908185976772
0,0,0.00015707430093735373
0,0,0.0008471706206993661
1,1,0.8942900505315855
1,1,0.962091225892182
1,1,0.999447441345626
0,1,0.5971368194021855
1,1,0.9899474623699501
0,0,0.000423677644266028
1,1,0.9899669731468275
0,0,0.16391158868258102
1,1,0.7456629412198574
1,1,0.6786385855290992
0,1,0.6362604846001236
0,0,0.0005047256780661661
0,0,0.006224255347976447
1,1,0.9985479319627109
0,0,0.38392537712110947
1,1,0.9741759429896634
1,1,0.9176557837261384
1,1,0.6471239905416614
0,0,0.2587318215790806
0,0,0.00037362505111456743
0,0,0.01373664912773846
1,1,0.9464845680228204
0,0,0.0019772635431979835
1,1,0.9886966458133194
0,0,0.0009829712983022837
0,0,0.0017751154614662798
0,0,0.1553570814442671
1,1,0.9478543647347344
0,0,0.06522442012398204
1,1,0.9995953106915837
1,1,0.998431387996984
0,1,0.7310597213676658
1,1,0.9283165508668901
0,0,0.00426186083755657
1,0,0.2116789967117031
0,0,0.15523615660001502
0,1,0.7958579406766764
1,0,0.17466442671905189
1,1,0.687923957726539
0,0,0.003347031699438488
1,1,0.9901730453375911
0,0,0.028828326649879093
0,0,0.00035301355491289244
0,0,0.006753913076855482
1,1,0.7505644861360521
1,1,0.9100155616147154
0,0,0.0013930697696749779
0,0,0.0036509611219245736
0,0,0.0010483180808802178
0,0,0.09684938273538188
0,0,0.0011757341177416314
0,0,0.0028279961068174435
0,0,0.1132709241959182
0,0,0.001473971283905801
0,0,0.15380571887689887
1,1,0.9995934901189059
1,1,0.9362010722369112
0,0,0.4879156959606081
1,1,0.9997503321752509
0,0,0.020740041663807923
0,0,0.001454744678814021
1,1,0.931539984177657
1,1,0.8521285822030984
1,1,0.9162996199100201
1,1,0.5302314115774107
1,1,0.9996636817712008
0,0,0.0002850791571471338
0,1,0.5783042182797801
1,1,0.9601569140983629
0,1,0.8345537877599307
1,1,0.9660754935048728
1,0,0.05521750241889825
0,0,0.0006872722945367616
0,0,0.0009847462207484392
0,0,0.15158560626186482
1,1,0.8526635260746096
0,0,0.06945161888446731
1,1,0.7252965299494062
0,0,0.06465228380702467
1,1,0.895130194311139
1,1,0.9647824860929914
0,0,0.0007180989866123111
1,0,0.47042127752812507
1,1,0.9975118295563985
0,0,0.4986024928660523
1,0,0.4634339274340824
0,0,0.008184153023834002
0,0,0.15547007416134306
1,1,0.5106545788990138
1,1,0.9934110911029451
1,1,0.9769304098638412
1,1,0.527135500238231
0,0,0.000891048244429926
1,1,0.9940753534779948
0,1,0.7064305083832
0,0,0.14051958212066912
0,0,0.0008838200728592289
1,1,0.5436555612836109
0,1,0.5596657478496619
1,0,0.22385742852179893
0,0,0.0014525881922991507
0,0,0.017754927042380422
1,1,0.9984509393689062
0,0,0.001282604573884675
1,1,0.9773767226516493
0,0,0.0006873334009027664
0,0,0.297216575665759
1,1,0.9958537526755857
1,1,0.9974825000620687
0,1,0.9112531231381205
0,0,0.251110916063265
1,1,0.9646837573044333
0,0,0.4579873309983025
0,0,0.0012452218725548577
0,0,0.12810768605502942
0,0,0.0012592026780139643
0,0,0.43673672589189944
0,0,0.0025494682308142384
1,1,0.9754284653553424
1,1,0.902712207891509
1,1,0.9991856701861264
1,1,0.9473788564372603
1,1,0.9884449884376004
1,0,0.05203348088549273
0,1,0.7957474441214148
1,1,0.9716573967975493
0,1,0.6887563171063561
1,1,0.6174582032858359
0,0,0.000369284846588489
0,0,0.0014681859639135218
1,1,0.7890543568157362
1,1,0.9994994880141156
1,0,0.47025860639754724
0,0,0.2709116994485473
0,0,0.030120766964663714
1,1,0.528092756577383
0,1,0.6230150389290053
1,1,0.5936385880514148
1,1,0.9996819095237423
1,1,0.9757005108626999
0,0,0.0006065089796752439
1,1,0.9901957751441384
1,1,0.9992346299180626
1,1,0.9685734111047031
0,1,0.5153905207319085
0,0,0.21982326386782305
1,1,0.9949443609354959
1,1,0.883543644292471
1,1,0.9922147046521954
1,1,0.8196593231820661
0,0,0.005173116549430061
0,0,0.003979395537744946
1,1,0.9627918954776309
0,1,0.9714066093646996
0,1,0.6545856146235761
0,0,0.003947252242617031
0,0,0.0010609507987606156
1,1,0.95448183583827
0,1,0.8755229434468689
0,0,0.0050290748588980505
1,1,0.9995956218358306
0,0,0.0019173320899051557
1,1,0.9909683972877731
1,1,0.9740187299639524
0,0,0.10546920095633885
0,1,0.5385245178261611
1,1,0.9563458666261815
0,0,0.07834149911447943
0,1,0.5339090390254093
1,1,0.9864088718884958
0,0,0.07657108055489803
1,1,0.9992802344010872
0,0,0.02618943663526911
0,0,0.0583348719288163
1,1,0.9992922006046563
1,1,0.9995448759310823
0,0,0.0935356659816455
0,0,0.2667039479617216
1,1,0.8686129126465598
1,1,0.9644084158739097
0,0,0.025700754461531392
1,0,0.3071258417598343
1,1,0.6970870047434364
0,1,0.9875573325760539
1,1,0.6266539269795419
1,1,0.9391825765732582
1,0,0.2101166200905102
1,1,0.7578674965465033
0,0,0.0003842692754269141
1,1,0.6783702429934668
0,0,0.065148351543444
1,1,0.9995986803851836
0,0,0.024108017583458836
0,0,0.3160634384161327
1,0,0.2290835480934179
0,0,0.016754353333899956
1,1,0.893783541826429
0,0,0.07689679425350594
1,1,0.6863522246789617
0,1,0.5545529586386695
0,1,0.7447811372583868
0,0,0.14706209613475185
1,1,0.9994414200551233
1,1,0.7752816343038524
1,1,0.6411162340533011
0,0,0.0005534629033284698
1,1,0.9995702118887768
1,1,0.8173166656259537
1,1,0.9962216333914544
0,0,0.0006931642104988185
0,1,0.9898502174061772
1,1,0.9979944385079865
0,0,0.00020298948822476505
1,1,0.9688839446588364
1,1,0.8217412272664236
0,0,0.0018368487584340416
0,0,0.019642717950371594
1,1,0.9989246501696093
1,1,0.9716162415064904
0,0,0.053379768773550176
1,1,0.9901007689624332
0,1,0.7111882264447204
1,1,0.930526275802691
0,0,0.002350672634514862
1,1,0.9995443921374719
1,1,0.9962017963927736
1,1,0.7181073192857953
1,1,0.9984031560685314
0,0,0.0002592880841786636
1,1,0.5723529618744563
0,0,0.36688122111067306
0,0,0.00038089275429093285
0,0,0.0044062968800445005
0,0,0.00241982529878529
1,1,0.9482258743410392
1,1,0.978302313756983
0,0,0.0007729253729670475
1,1,0.9447390541589707
0,0,0.24889285190483207
1,1,0.7054017970042054
0,0,0.002104786911530034
0,0,0.12047568475560823
1,1,0.8970570069706466
0,0,0.0009153462914652605
0,0,0.00418686754909131
0,0,0.274327688171574
0,0,0.13810197295332352
0,0,0.005061804594061292
1,1,0.7612473145636461
0,1,0.8141523862589037
1,1,0.9029041530839871
1,1,0.8353129289741514
0,1,0.8412409974923868
1,1,0.9985734175898363
1,1,0.7306891972003785
0,0,0.0032266621927038316
1,1,0.9943753632655433
0,0,0.0008416162694325566
1,0,0.08077093603447168
0,0,0.010460446058848088
1,1,0.9511426098027413
1,1,0.99418546469242
0,0,0.0789623106077202
1,1,0.993778777169182
1,1,0.972747882659316
1,0,0.3405420414002573
0,0,0.0019626352712590485
1,1,0.9993401063290329
0,0,0.05102551721580991
0,0,0.01755370279943079
1,0,0.0323050920308451
0,0,0.09872147198092546
0,0,0.00018085711368440486
1,1,0.9996947648458548
0,0,0.08852939138494273
1,1,0.852761580062566
1,1,0.9894959883152511
1,1,0.8387495170060281
1,1,0.8999795152517756
0,0,0.0025950264634512638
1,1,0.9771344573874469
1,1,0.9969791339620789
0,0,0.003135409204868174
1,1,0.9619611215868236
1,1,0.6849297612585775
0,1,0.9451014622071163
0,0,0.0014387053563969532
0,0,0.4514940454020837
0,0,0.06205820651903854
0,0,0.056496467705857284
0,0,0.00039356722644627915
1,1,0.9451681851140573
1,0,0.19286468822040415
1,1,0.9558991816546064
0,0,0.29133814533393465
0,0,0.02154921101110818
0,1,0.680956222359639
0,1,0.8348441959439983
1,1,0.9697268647916669
0,0,0.26262165960704104
0,0,0.055921770103003636
1,1,0.9370900785094765
1,1,0.8969110855139776
0,0,0.034053881333204174
1,1,0.661919976197467
0,0,0.23463202871046032
0,0,0.000851616829440184
1,0,0.14519748115896874
1,0,0.25823474345974784
1,1,0.9920886561756059
1,0,0.04241302592770003
1,1,0.9998348533288329
0,0,0.0036703272674941793
0,0,0.010137792303532627
1,1,0.9130808291457703
1,1,0.9995119358099295
0,0,0.4750379237088797
0,1,0.9845262725836922
1,1,0.991465618707316
0,0,0.18583827616901977
1,1,0.7293817675728352
1,1,0.999761119023375
0,0,0.00033603958826644613
1,1,0.9443156512610541
0,0,0.006830972200805782
1,1,0.9004137127701543
1,1,0.9655824402214092
0,1,0.646540974755369
0,0,0.0048919642148923135
1,1,0.9525707905612315
1,1,0.9853390922983012
0,0,0.004242351145764668
0,0,0.17117761686568295
0,1,0.9929865578322685
1,1,0.9557494248214407
1,1,0.9271915163580721
1,1,0.5301147256500833
1,1,0.6647176647036006
1,0,0.03166797291298146
0,1,0.5354404931623089
0,0,0.028983129992845247
0,0,0.0006425925354157278
0,1,0.849442815370063
0,0,0.4989337347330155
1,1,0.6382989540908297
0,0,0.2740761970113834
1,0,0.3084520728092583
1,1,0.9985301829130909
0,0,0.0011204184861546348
1,1,0.9829626820225765
0,1,0.9183067895325784
0,1,0.9924588207832163
1,1,0.9267057553387484
0,0,0.0010856572843148213
1,0,0.3938863720304488
1,1,0.6759606192035085
1,1,0.9765647760670904
0,0,0.16171112929482875
0,1,0.5752727698322517
0,0,0.010743755732625319
0,0,0.362557884065146
1,1,0.7653385809325151
0,1,0.6981189674094569
0,1,0.9917400122688799
1,1,0.9772345146905369
0,1,0.9056595983137289
1,1,0.9809451254193731
0,0,0.002376706411932293
1,1,0.934597174264237
1,1,0.6768491757679665
1,1,0.7425664900613301
1,1,0.9925853325593276
0,0,0.09982318258100373
0,0,0.004141336845929726
0,0,0.0006409102830469112
0,0,0.0006838210979745801
0,0,0.008473116144609051
1,1,0.9930353051468566
0,0,0.0004347104045373852
0,1,0.5525392932832686
0,0,0.00782326878713778
0,1,0.907612303905649
1,1,0.6560529283314035
0,0,0.005767255209649959
1,1,0.9971879316967851
0,0,0.007054637505196064
0,0,0.000333459953570482
1,0,0.036629432230932346
0,1,0.9892240046192956
0,0,0.016449123911081973
1,1,0.8631231126318728
1,0,0.07735645667661908
1,1,0.9901163528940716
0,0,0.009338011093988019
1,1,0.9988830493807178
1,1,0.9421652923423057
1,1,0.918268210620078
0,0,0.21643828485543962
0,0,0.01058721750890658
0,0,0.00039711029937668446
0,0,0.0006465166763134073
0,0,0.0430874196859369
1,1,0.9697173328541232
0,0,0.0010317304349813222
0,0,0.22704877773852677
1,1,0.6050951895517576
0,0,0.1267477909757215
0,0,0.0016055832052650956
1,1,0.9819540278712525
0,0,0.018968246773830206
1,0,0.00782304042479046
1,1,0.9876029142261199
0,0,0.005038920854156089
1,1,0.7018134037709018
0,0,0.1461114935070495
0,0,0.08438205768395926
1,1,0.9511419040222515
0,1,0.965716732519887
1,1,0.9093781880795482
0,0,0.08527034711053309
0,0,0.0010759226448210494
0,0,0.029016311575972648
0,0,0.0083073041657775
0,0,0.0010979692131301844
1,1,0.9756168497682982
1,1,0.9908542064217026
0,0,0.017271451685978323
0,0,0.005085218810992753
0,0,0.0004447149810405985
1,1,0.9569790367078661
0,0,0.0004002968094593831
0,0,0.0007906242091519542
0,0,0.08359150084793686
1,1,0.9574181692861718
0,0,0.0037837405630614493
0,1,0.8555748349084964
1,1,0.9980899416977003
0,1,0.953835650156552
1,1,0.9781166833394797
1,1,0.571735134227437
1,1,0.986526288361295
0,0,0.005665231625355557
1,1,0.9952419639277778
1,1,0.8641999156479286
1,1,0.9844428888014511
0,0,0.08812300851033564
1,1,0.9804693123877797
1,1,0.9997475900746257
1,1,0.9901055297055934
1,1,0.7021344564074316
1,0,0.11468733883841761
0,1,0.9911995018095037
0,0,0.0810315416073499
0,0,0.00022570369411022603
1,0,0.050831201778139164
0,0,0.09446722295804699
0,0,0.12159921621989925
1,1,0.9479623747304919
1,1,0.966265118780553
0,0,0.2751232527445685
0,0,0.0017048184362885256
0,0,0.05186286504841719
0,0,0.05597942873595132
1,1,0.9775673364677536
0,0,0.23296763306686452
1,0,0.4824293141703265
1,1,0.8768884618333797
1,1,0.9911383011548638
1,1,0.9988417341676225
1,1,0.9097441471488875
0,0,0.005239777489888817
1,1,0.9731891255240512
1,1,0.991552212845341
0,1,0.9746743159458165
0,0,0.00016654925388044232
0,0,0.46671803087875324
1,0,0.08691950144893378
0,0,0.4775606560462287
1,1,0.9939168456015113
0,1,0.8537478719716541
1,1,0.9892409664404124
1,1,0.9926459555642286
0,1,0.5457505488648436
0,0,0.11869066137690033
1,1,0.7578539419799621
0,1,0.9005913073878753
1,1,0.9936077782395977
1,1,0.9833016235201744
0,0,0.004836595247026617
0,0,0.2721051738121071
0,0,0.0002867156799676805
0,0,0.4962098113873912
1,1,0.9938563025871286
0,1,0.7169700932855331
0,0,0.0005235054576548274
0,0,0.0007209619193352436
1,1,0.662786365369597
1,1,0.8433663827498639
0,0,0.052225669742352654
0,0,0.38903664729129406
1,1,0.907394885913162
1,1,0.9996735426749065
0,0,0.00040422269206877087
0,0,0.06228940903191877
0,0,0.3253145596542794
0,1,0.9007119676330206
1,1,0.9935669771958159
1,1,0.9545705000709707
0,0,0.00034264537006907893
1,1,0.8831812567338819
0,0,0.08348087318427401
1,1,0.9997304531467742
0,1,0.7348756459092711
1,1,0.9895408658187688
1,1,0.9031258841543942
1,1,0.8191159102622472
1,0,0.13857162064575418
0,1,0.9654148063656247
0,0,0.0011683763041110866
1,1,0.9989451651045694
0,0,0.0009863353828356639
0,0,0.014445413694612401
1,1,0.8461130758269533
1,1,0.8952256027451801
1,1,0.9964446143303796
1,1,0.908143054302668
1,1,0.9782319444553429
1,0,0.1823065101952372
0,0,0.013650850903244154
0,1,0.8262484433569642
0,0,0.05101874469014552
1,0,0.3151068284549207
1,1,0.9853636419517997
1,0,0.04169553214124036
0,1,0.9009598762145308
0,0,0.11819288382358727
1,1,0.7727322270073217
1,0,0.4916953687297406
1,1,0.9524511330142458
0,0,0.033907009788365694
0,0,0.011461892707929591
1,1,0.9992917529450969
1,1,0.9932742952054172
0,0,0.02808650585578157
1,0,0.3760733797890371
1,0,0.19180641671890505
0,0,0.06249132994439335
1,0,0.10458215411211177
1,1,0.9640893592076352
0,0,0.004004210439617655
1,1,0.9748429130887862
1,1,0.9584577245966095
0,0,0.04373725256814773
1,1,0.9932657445469072
1,1,0.9939861006607601
0,0,0.016942244889501294
1,1,0.966085560032938
0,1,0.7054992065056767
0,1,0.615373648714886
1,1,0.9785880583230337
0,0,0.0001475705038636723
0,0,0.0055691835543443145
0,0,0.0013846197698774707
1,1,0.999672344586654
1,1,0.9145184457383388
1,0,0.0016559333225517263
1,1,0.9162554437317574
0,0,0.004281635776918535
1,1,0.9766904723971981
1,1,0.8328127587588736
1,1,0.9997855142623413
0,1,0.7990954277640661
1,1,0.9667566372390552
0,0,0.3354928851913445
1,1,0.724028103732534
1,1,0.708904485146065
0,0,0.21140740698228222
1,1,0.7562417038562805
1,1,0.8834610797218726
1,1,0.9915379967457604
1,0,0.2818843854351032
0,0,0.0037981666440990427
0,0,0.1014544231903361
0,0,0.09117280148473157
1,1,0.9998018991600828
1,1,0.9823828446121929
1,1,0.9848146258735911
1,1,0.9994363863595567
0,0,0.0662362037130686
1,0,0.14711475278330255
0,0,0.10485531307269501
0,0,0.004054843353531379
0,1,0.9553840473204279
1,1,0.9359540622872672
1,1,0.9997507272598047
1,1,0.8139609140659515
0,0,0.0008374484262674686
0,0,0.1776473927844067
0,1,0.9034715263777566
0,1,0.9541496630699792
0,1,0.7244924766993468
0,0,0.0006914657724816927
1,1,0.9996122720815557
1,1,0.9941228313768987
0,0,0.10357708683967254
1,1,0.9679528066724326
1,1,0.99736599190076
1,1,0.9985045657444146
0,0,0.0024519761061636176
1,1,0.9821197481417306
0,0,0.03235041977967898
1,1,0.9995844383509308
1,1,0.9895551831328211
1,1,0.9994473519260536
1,1,0.9996612606520331
1,1,0.5434986903670818
1,1,0.9960905938094271
0,0,0.03314620902797558
1,1,0.9974123373167876
0,1,0.5767906168995618
0,0,0.000451601448576908
1,1,0.5311071290495737
1,1,0.551885870199645
0,0,0.01547968678737121
1,1,0.8679963660308585
0,0,0.02410570070338788
1,1,0.9962281329010754
1,1,0.9978659697026376
1,0,0.22651772184898808
0,0,0.00391730271564059
0,0,0.19768897028956395
1,1,0.9012272935368142
0,0,0.041483781722254316
1,1,0.9578564813939228
0,0,0.47163662201905576
1,1,0.8087861370015594
0,0,0.0010268870174952305
1,1,0.5901323335617124
0,0,0.0006699396737284615
1,1,0.9997261580764903
1,0,0.4881600619473242
0,0,0.11102388599158028
0,0,0.32704988601477825
1,1,0.9963982413331219
1,1,0.9754026091675891
1,1,0.9228548680362187
0,0,0.0023788120439429856
0,0,0.0008545135008999621
0,1,0.9298515358536544
0,1,0.9637038256858717
1,1,0.9357911682137156
1,1,0.9694689501205168
1,0,0.11361410022592856
1,1,0.9152677114760466
1,0,0.34953967982799244
1,1,0.9992841997934009
1,1,0.9905464098568945
1,1,0.9620207444956677
0,0,0.2215464342728547
0,0,0.054209214012359654
0,0,0.046346972117004344
1,1,0.8952477311504313
0,0,0.05600215007506211
1,1,0.74842813581125
0,0,0.002184412524996631
1,1,0.9848990114670055
1,1,0.9792709773755042
0,1,0.5959416729996808
1,0,0.22570845560117442
1,1,0.8887605974146116
0,0,0.0011285809778712064
1,1,0.9795280669204692
0,0,0.05567079482382674
1,1,0.6326002237469474
1,1,0.9914574120232335
1,1,0.8977179911147017
0,0,0.3678590946835823
1,0,0.018917311303541493
1,0,0.49063227764026907
1,1,0.9713484649717375
0,0,0.3067393786356416
0,1,0.5139877433932728
1,1,0.9974994348701245
1,1,0.9988499396767558
1,0,0.3531771525593317
1,1,0.9926715897579602
1,0,0.423137357941302
1,0,0.49541533633214224
0,0,0.018675712659412157
1,1,0.8121189747014228
1,1,0.9782691206732703
0,0,0.001056761982555873
1,1,0.9922903830323835
0,0,0.0771921053328829
0,0,0.14703217868463217
1,1,0.9944227683275705
1,1,0.9997587542429034
1,1,0.9108595667875514
0,0,0.2682750957392693
1,1,0.6304863222796435
0,1,0.8811890557677604
1,1,0.9998898496649705
0,0,0.03743415891898606
0,1,0.6340268375878365
0,0,0.0004999745247055957
1,1,0.9995597522298444
0,0,0.01386815561696047
0,0,0.001849631364201784
0,0,0.24454116464406386
1,1,0.7629578882833037
1,1,0.9732882647059936
1,1,0.6519868442009779
1,1,0.6312855243215459
0,0,0.024616134921427175
0,0,0.008331710115260163
1,1,0.9742077369332953
1,1,0.8921686928506198
1,0,0.057291020876002394
1,1,0.9643056703059539
1,1,0.9995053258010861
0,0,0.0007004000197570805
0,0,0.01006058412729711
1,1,0.89905613249605
1,1,0.9861406538288591
1,1,0.9814645484175312
0,0,0.1374504828783037
1,1,0.811679580637918
0,0,0.0002490708047816384
0,0,0.01578715540601358
1,1,0.9965487936131132
1,0,0.000901990604416376
1,1,0.7892825180576704
1,1,0.9838936200117682
0,1,0.9460599934420609
1,1,0.9926230167558849
1,1,0.9565425408325157
1,1,0.9962360021805875
0,0,0.009330180121918375
1,1,0.9777145896541236
1,1,0.9822976856492538
0,0,0.0015164259923957286
1,1,0.9987510800841091
0,0,0.004115195001324352
0,0,0.11691806097984174
0,0,0.14849339576395315
1,1,0.9489107517423528
1,1,0.8822039794291447
1,1,0.9394381270920343
0,0,0.0007252931385498627
0,0,0.1856258938589277
0,0,0.002172529409557998
1,1,0.9979464866907541
1,1,0.9940926273131317
0,0,0.0019286736039546193
0,0,0.0007900751011311702
0,0,0.0005609745919669986
1,1,0.9950829223377863
0,0,0.0004791392956249839
1,1,0.9992864819491316
0,0,0.0006579465509830608
1,0,0.31814879397021184
0,0,0.003346360315420444
1,1,0.501660171084057
1,0,0.4303215838357542
0,0,0.4956794271008034
0,0,0.0006389683097294275
1,1,0.997706254189595
1,1,0.9941876383138204
1,1,0.9996789850433825
0,0,0.39048076216576777
0,0,0.001689532046924051
0,0,0.49229024624366685
0,1,0.6528040391867397
1,1,0.9142543536911245
1,1,0.9874624515194176
0,1,0.8250264630520393
0,1,0.8559709341715158
1,0,0.19665571594961764
0,0,0.06790618827595317
1,1,0.7124032408879375
0,0,0.017075827161915143
1,1,0.9971254133665532
1,1,0.952412883242303
0,0,0.051659971532781304
0,0,0.017203111258027537
1,1,0.9539854459569713
1,1,0.9799015677197384
1,1,0.9781574315117478
0,0,0.012407328113241852
0,0,0.2997577716255392
0,0,0.004638231491952888
1,1,0.9391622461852953
1,1,0.9325362322630616
0,0,0.0038036457460877433
1,1,0.9995507669361128
0,0,0.02063248530237725
1,0,0.3695532838777011
0,0,0.0012134205374918715
1,1,0.9580741376667553
1,1,0.9988522431700643
1,1,0.8988978746170475
1,1,0.9075956148192889
0,0,0.044002631207446456
0,0,0.041539436238792686
1,1,0.9928195333839683
1,1,0.5397524037321746
1,1,0.888312453129432
1,0,0.18481966307680117
1,1,0.9946428683493159
0,0,0.00026379991795434345
0,0,0.002644607539267347
0,0,0.0010526448667890354
1,1,0.7841304970141075
1,1,0.9995017677134237
1,1,0.9950317827848462
1,0,0.044075612285657234
0,0,0.0070496546740503934
1,1,0.9999000241132517
0,0,0.01697873748552379
0,1,0.815381798713328
1,1,0.8623287846949944
1,1,0.9288047903871967
0,1,0.5348602166537804
0,1,0.6674352852827704
1,1,0.8774267766627305
0,0,0.002252870484489847
0,0,0.0036029027058939534
1,1,0.7867655366305656
0,0,0.05604942223675937
0,0,0.30782486024404604
0,0,0.00035634433230195746
0,1,0.5661969308056906
1,1,0.9951210373966384
0,0,0.019363868099351107
0,0,0.004333527217264538
0,0,0.00029096343207824486
1,1,0.9795807264787834
0,0,0.0006865335162647692
0,0,0.07859858273775021
1,1,0.8603638160106498
1,0,0.1717273277610805
1,1,0.9991217381872796
1,1,0.9942034767759093
1,1,0.9658662052545648
1,0,0.370786397252853
0,1,0.5547349245780759
1,1,0.9970833687751148
0,0,0.10353011917200547
1,1,0.9700432668809604
1,1,0.947287888818573
0,1,0.8076518658569345
1,1,0.9518254638034147
1,1,0.9997169686319829
0,1,0.5193328933260161
1,0,0.16659153732375145
1,1,0.995150842245742
0,0,0.06409929486695215
0,0,0.0011961640736354402
0,1,0.9809611116457735
1,0,0.4847802260151789
0,1,0.9236952075074258
0,0,0.00032618953586738736
0,0,0.044284687443118295
0,0,0.08814275094091359
0,1,0.7162007221090588
1,1,0.9634032940130061
0,0,0.06252472826844153
0,0,0.16264261450156198
0,0,0.01671479183503966
1,1,0.9769967836699375
1,1,0.9564683464531755
1,1,0.9948391306595502
0,0,0.0003276200265408263
0,0,0.2331001380258615
1,1,0.9907887695968108
1,1,0.9932011484952676
1,0,0.18894298740792417
0,0,0.18955716906295933
0,0,0.24268541199178656
0,0,0.004312911027648966
0,0,0.0665291564986997
0,0,0.005991968760242517
0,0,0.04840079174446889
1,1,0.9192656235205352
1,1,0.5180901702277733
0,0,0.11493773309486863
1,1,0.6294020025799001
1,1,0.9757256233427392
0,0,0.4951809352009676
0,0,0.005697709199522204
1,1,0.9814875631270241
1,1,0.9993438292067873
1,0,0.48237574519344306
0,1,0.5134139602129792
1,1,0.9959110831514191
0,0,0.003449702295488297
0,0,0.002988899032029832
0,0,0.1917568403004115
0,1,0.9093998894619187
0,0,0.0007800982200654647
1,1,0.8669402279610946
0,0,0.0018665430262929776
1,1,0.9871329820959636
0,1,0.8188196402868585
1,1,0.944926460609308
0,0,0.21127944555794184
0,0,0.0010980733896763573
0,0,0.012943735593581284
1,1,0.9883625341750215
0,0,0.0962365160203687
1,1,0.9963896478155727
0,1,0.5885686557270122
0,1,0.5391610642203899
1,0,0.3033540080403242
0,1,0.7196883970334967
1,1,0.9828424873488538
1,1,0.5671724562034439
0,0,0.0007422365928374242
1,1,0.9995337331794579
1,1,0.988780274949302
1,1,0.9672758070054833
0,0,0.15942416494065423
1,1,0.9909089378287101
0,0,0.0015476028107710132
0,1,0.7681860508432871
1,1,0.9995769621949632
0,0,0.4610278943365223
1,1,0.8310109866808165
1,1,0.9989485298143467
0,1,0.8904247926655839
0,1,0.7475609815323907
1,0,0.15700996046171609
1,1,0.9604753447479312
1,1,0.8700046826770382
0,1,0.6598644381779412
0,0,0.0009528186213956721
1,0,0.0031783117543423608
1,1,0.999121130047683
1,1,0.8347424035810024
0,0,0.001258937922728695
0,1,0.6981433579176034
0,0,0.010456121494990759
0,0,0.0015381246750790201
0,0,0.001060226574831867
0,0,0.00022922622702238767
1,0,0.08263897963283863
0,0,0.1002544339242954
1,0,0.49964712437593584
0,0,0.002530255717830543
1,1,0.9905566364773354
1,1,0.9990071129257098
0,0,0.0007833960197961656
1,1,0.7160938038606709
1,1,0.8262119423561045
0,0,0.0007609537038414107
1,1,0.8766514030666502
0,0,0.0003385857634153994
1,1,0.9418268598670355
0,0,0.009452771950362007
0,0,0.0020985555534894385
0,0,0.014573335701715893
0,0,0.017395744758488554
0,0,0.0022635121734786595
1,1,0.9974347071681273
0,1,0.7115693767460404
0,0,0.3700198709463028
1,1,0.9995779337836326
1,1,0.5828937531264001
1,1,0.8864786486493563
1,1,0.8203202597345826
0,0,0.0015462435155775374
0,0,0.00010797323655375006
0,1,0.979430093919423
1,1,0.9926696951739904
0,0,0.014403364606333199
1,0,0.11822982519381302
1,1,0.8776733879299867
0,0,0.33806398062035115
0,0,0.000557401410248254
0,0,0.3091550799438071
1,1,0.9156799759018593
1,1,0.9972829280796123
1,1,0.9942464995369135
1,1,0.9295260951878002
0,1,0.751933577076497
1,1,0.9978800036233568
1,0,0.10777708529787748
1,1,0.9769765135076768
0,1,0.6689355363424804
1,1,0.9998596352331165
1,0,0.3912333662472882
0,0,0.47831963988129916
0,0,0.00040313357418543977
0,0,0.46917882858877136
0,0,0.000638551067667626
1,1,0.9927015525440753
1,0,0.33781897381741766
0,0,0.09183761684051259
1,1,0.9428380437130758
0,0,0.02624434027011781
0,0,0.0732375589716744
0,0,0.002264577772535753
0,1,0.7285391255769634
0,0,0.0004979251291351459
0,0,0.0022044678135303827
0,0,0.00033118051415196274
1,1,0.9989214697280343
1,0,0.1312019439057767
0,0,0.35264420195387963
0,1,0.51001428461541
0,0,0.0005332654705780737
0,0,0.003504415232059756
0,0,0.0020877945176844895
1,1,0.9995765172782236
0,1,0.8867789595984965
0,0,0.09795399517878632
1,1,0.9961605560653752
1,1,0.8475346511835977
0,0,0.002860298326385792
0,0,0.0101676012288271
1,1,0.6730821791081021
0,0,0.021125912448727628
0,1,0.9687157527039988
0,0,0.0039665067291404935
0,1,0.7124032408879375
1,1,0.9992306350976652
1,1,0.9653811020153497
0,0,0.04570617823239609
0,0,0.28126641220844334
1,1,0.862769242051113
0,0,0.31644911714537555
1,0,0.03631986770054593
0,0,0.248979932278552
0,0,0.0070101509541257104
0,0,0.12731493543211286
1,1,0.8722062581752786
1,1,0.9533099147081532
0,0,0.0004133126700705446
0,0,0.011517052672906774
1,0,0.043704550673675846
1,1,0.7269973346094697
0,0,0.044493663541182366
0,1,0.6703186156122592
1,1,0.9347034121879247
0,0,0.46173398062702453
0,0,0.0039961840270932225
1,0,0.36944488139012177
1,0,0.49453188940553217
1,1,0.9965442534574044
1,1,0.8705089007030891
0,0,0.0031191071074894556
0,0,0.021979605799753225
1,1,0.9971489131739179
0,0,0.0004190169887056227
0,0,0.0006083110674369157
0,0,0.0003488849548407406
1,1,0.8934941758195911
0,0,0.17360506299796866
0,0,0.00024479032561847326
1,1,0.821200553050992
0,0,0.038554076535771184
1,0,0.15567044972397096
0,0,0.0033140300264383462
1,1,0.9713065182099204
1,0,0.3708237101808148
1,1,0.9524781716571187
0,0,0.000140937455962131
0,1,0.7110442052779291
1,1,0.9974972419723703
0,0,0.15912093320505058
0,0,0.006195952895206289
0,0,0.013141511779890886
0,0,0.008457434465962383
0,0,0.17869846381536292
1,1,0.9992144859185681
1,1,0.5105884569935878
0,1,0.8741256676112621
1,1,0.7765475838864361
1,1,0.878539086315637
0,0,0.048971788946505175
1,1,0.9643287079699575
0,0,0.0007391269406402046
0,0,0.001478568452260652
1,1,0.7427053031352796
1,1,0.6391225116284582
0,1,0.6065393258683194
1,1,0.8775618472952114
1,1,0.9995501587255365
1,1,0.9995157330208
0,0,0.056797130076398986
0,0,0.001141587315884563
1,1,0.8327488524800793
0,0,0.0006869541534133644
1,1,0.9995764191219034
1,1,0.5982318066330798
1,1,0.6020454689284879
1,1,0.8339775108451146
0,0,0.25469489744010176
1,1,0.675083779843508
0,1,0.6360105952029838
1,1,0.9896211028520614
1,1,0.9949702114842474
0,0,0.001193349695276806
1,1,0.9977987562021411
1,1,0.9997226014448922
0,1,0.7989890501783902
0,1,0.8713391503493606
1,0,0.08575335191691277
1,1,0.999522476329668
1,0,0.49560817306769345
0,0,0.023868380229439535
1,1,0.7519743529348946
0,0,0.2653958254785471
1,1,0.9958310959218308
0,0,0.13795786839594373
0,1,0.5403163761360067
0,0,0.05298323581799173
0,0,0.048950186619676275
1,1,0.997710208370633
0,0,0.07000113023690302
0,0,0.14163036555485056
0,0,0.00023181302207133823
1,1,0.5897739487545254
0,0,0.0008516533783867726
0,0,0.3019846801108835
1,1,0.9975531327514783
0,0,0.001027355328586016
0,1,0.74452689817285
0,1,0.5498244872701638
0,0,0.34368167153149426
0,0,0.0001283596364809228
1,1,0.655673503684054
1,1,0.6175606865204467
0,0,0.35025783890251827
0,0,0.2999507212806022
1,1,0.9949471057651144
1,1,0.9952673906396903
1,1,0.8146000036689182
1,1,0.9502544491053726
1,1,0.9081746907577269
1,1,0.7137813506217915
0,0,0.00045202713766310127
0,0,0.0031362071323499147
1,1,0.9762553191377087
0,0,0.207692376870085
1,1,0.9843805946772101
0,0,0.004951112954473455
1,0,0.1939516637472128
1,1,0.609455292332478
1,1,0.9534511464564214
1,1,0.9775371343012875
0,0,0.06517299381010731
1,1,0.8898976598494527
1,1,0.9973646924909362
0,0,0.0039510056639941995
0,0,0.00043071062422634694
1,1,0.9494538662562486
1,1,0.9755155232139247
1,1,0.7983681385998862
0,0,0.0013034038401798574
0,0,0.0015573110495013932
0,0,0.10880637752354644
0,0,0.019737688530315448
1,1,0.9043459025203345
1,1,0.791731731329273
1,1,0.6563174039729882
0,0,0.0008853721965076138
0,0,0.0014152987279414996
1,1,0.967531987190033
0,0,0.05206976678298183
0,0,0.06295207516658953
0,0,0.0004953413257547927
0,0,0.013648044323689629
1,1,0.9440738839842849
1,0,0.3796851008538372
1,1,0.9923157463127452
0,0,0.013916268966831794
1,1,0.9969811113648052
0,1,0.6746575362760683
1,1,0.8469577152611961
0,0,0.006144690021546196
0,0,0.0009356523689604896
0,0,0.003109757845750067
0,0,0.0018423744296883276
0,0,0.0416272834137238
1,0,0.3074933430504549
1,1,0.556542449853564
0,1,0.6987896932127563
1,1,0.6155598094639886
1,1,0.9997966001589893
0,1,0.8137384407494973
0,0,0.000416548727561927
0,0,0.02291891556139966
0,0,0.023166028243207012
1,1,0.9573116063264834
0,0,0.2518807598458779
0,0,0.004793884805959831
0,1,0.7610353020736614
1,1,0.9902699178378327
0,0,0.002331608897615837
0,1,0.5363031004394476
0,1,0.8569037155713697
1,1,0.9834860643338842
1,1,0.9709627131234743
1,1,0.8172565036583077
1,0,0.47842982816372975
1,1,0.9996776215463367
0,0,0.004565665265720894
0,0,0.0014932700129623915
0,0,0.1572993494918206
1,1,0.8009809237115028
1,1,0.999201532034334
0,0,0.00626214720996106
1,1,0.9997920920182349
0,0,0.001974908672511019
0,1,0.9055530540505415
1,1,0.8951074389418925
1,1,0.9829280723732033
1,1,0.9759832388275209
1,1,0.9314958231057981
0,0,0.020187296244440836
1,1,0.9991931329405258
1,0,0.255365860907321
1,1,0.9998146070518648
0,0,0.0009196514995272411
0,0,0.009728335476349695
1,1,0.8875812418245193
1,1,0.9997020707307464
0,0,0.0015317672942904846
0,1,0.8756154148903692
0,0,0.02064613062502281
0,0,0.06172356538956156
0,0,0.11546552991452189
0,0,0.15321255504347914
1,1,0.9779837664875155
1,1,0.9705113790575484
1,1,0.9594160963973928
0,0,0.15011283965812922
1,0,0.24083474066238866
1,1,0.9996413320138038
1,1,0.9835496732920266
1,0,0.11906339572133212
0,0,0.1436533271955191
1,0,0.044736743438638066
1,1,0.9986013322624979
1,1,0.7298947594701752
1,1,0.8174723204072852
0,1,0.8619961806408448
1,1,0.7351521037951588
0,1,0.5175838290686008
0,0,0.0060831921044459435
1,1,0.9979181348751788
0,0,0.0003476456928819127
1,1,0.6876438226182383
1,1,0.982135770372477
0,0,0.025014845585301104
0,0,0.0722848703806064
1,1,0.6645408790378382
0,0,0.20715850379364253
1,1,0.5171502091599292
0,0,0.0025100239728361663
1,0,0.015407640856522447
0,0,0.013054844000005731
1,1,0.9885582870807501
0,0,0.0030286269681953615
1,1,0.9746795952212899
0,0,0.1754515849774906
0,0,0.0013054470374560133
1,1,0.7855418941474288
0,0,0.0006001254213432517
0,0,0.027102517454355088
1,1,0.9993680522934926
0,0,0.004126041201308719
0,0,0.0027621040873212475
1,1,0.9993540052591561
1,1,0.9997800969816929
0,0,0.028061306474866432
0,0,0.007594397222041545
0,0,0.00664857199384301
1,1,0.965137517148953
1,1,0.9838214810696518
1,1,0.991379098800237
0,0,0.0003421078091961384
0,0,0.03670371139413871
1,1,0.8857130366257286
0,0,0.3482434389722654
1,0,0.47675615622551526
1,0,0.08655502678525194
0,1,0.7280253304130905
1,1,0.8883068443764707
1,0,0.02938820467251695
0,0,0.18000981547289754
1,1,0.9840548582718729
0,0,0.001007900290286411
1,1,0.9996546879356593
0,0,0.1738162024749017
1,1,0.9970703919350933
0,0,0.0010648378813776188
1,1,0.7944643213189753
1,1,0.8790289288911234
0,0,0.31971117901566215
1,1,0.8129309126044654
1,1,0.9849211117161394
0,1,0.576003301029407
0,0,0.07050402044077714
1,1,0.9135612734315072
0,0,0.00563726249559211
1,1,0.9449576387543518
0,0,0.0006577434196708143
1,1,0.7471143747719867
0,0,0.2080079891179685
1,1,0.9996766272113508
0,0,0.025552579468314976
1,1,0.9897354336616957
1,1,0.9092050386317195
0,0,0.3458850540215117
0,1,0.7854406148023939
1,1,0.9600868145954357
0,0,0.012000903110779117
1,1,0.9995331759160678
0,0,0.022011263795861387
1,1,0.9957713380669461
0,0,0.0040563419526699306
1,1,0.5325980557779734
1,1,0.9578584595942845
0,1,0.6670101046857762
0,0,0.004580307888439242
1,0,0.22043150025081662
1,1,0.996285444678224
0,0,0.00037340899690455076
1,1,0.8785302724320847
0,1,0.5515629001362321
1,1,0.9983895482802344
1,1,0.9997274963844804
1,0,0.46128393760320036
1,1,0.9935037195739223
0,0,0.001738872463324449
1,1,0.9758848824914027
0,0,0.49948783021581017
1,1,0.9976991239965335
1,0,0.0786751864066335
0,0,0.26752550728664637
0,0,0.0010483336327437455
0,0,0.022050005170253337
0,0,0.0014927273725795329
1,1,0.8995396979528636
1,1,0.9847331247582981
0,1,0.6179120051321554
0,0,0.002791630878974382
1,1,0.8055015583904245
0,0,0.0024310537541982723
1,0,0.064641185823151
0,0,0.00040893246516808963
1,1,0.9473219061062771
1,1,0.6246358254970268
0,0,0.08782014259332882
1,1,0.9559150628107909
0,1,0.6799819266949013
1,1,0.9958484305846433
0,0,0.0160649166633545
1,1,0.9943578935864724
0,0,0.0004991273519289409
0,1,0.6501710917817932
0,0,0.002010006798713195
1,1,0.7560977744683721
1,1,0.9917160386910499
1,1,0.6325834875655775
1,0,0.2641022123182694
1,1,0.9896144221001074
0,0,0.13766566878631475
0,0,0.09354751788053316
0,0,0.029255630755423822
1,1,0.9578200290583068
1,1,0.9730838566178713
1,1,0.897020089913883
0,0,0.154776914970213
0,1,0.85789978633283
0,0,0.004143331312046087
0,0,0.017630219775333526
1,1,0.999250896320363
1,1,0.9887228596892381
1,1,0.787670368138748
0,0,0.0017890893342075288
1,1,0.9237763828248239
1,1,0.5947572329549898
1,1,0.9032546429925111
0,0,0.11274708198366257
0,0,0.0031071616322665145
0,0,0.4167834926910843
0,0,0.2290740304187613
1,1,0.9687402859075491
0,1,0.9112505010118753
1,1,0.9998669984893082
0,0,0.28212216401827667
0,0,0.0009745991625533538
0,1,0.7413308110859717
1,1,0.7927946466728075
0,0,0.006301826202820095
1,1,0.7361037412398392
0,0,0.002289091219936395
0,1,0.9028112136104977
0,0,0.3870588688766502
0,0,0.0028068365595023364
0,0,0.24389567691031422
0,1,0.8772942898392471
1,1,0.9805695441552089
0,0,0.1609738566300335
1,1,0.945900493478074
1,1,0.9976768953439946
1,1,0.9736689262455797
0,0,0.002512865069169746
1,1,0.9974160966401534
1,1,0.9496052672017472
1,1,0.8833400421656059
1,0,0.002704694064153143
1,1,0.97769266286796
0,0,0.0011692989763807057
0,1,0.6408864979334963
1,0,0.19770196240849452
1,1,0.8763130888811782
1,1,0.9851095609795836
1,1,0.9266044202152015
1,1,0.912133789314343
0,1,0.5803528439641802
1,1,0.9402387504721721
0,1,0.8510645637886346
0,0,0.00584746658951205
0,0,0.021571693024605515
1,1,0.983550999180021
1,1,0.9991965206357214
1,1,0.9004474498735122
1,1,0.9935152131240177
0,0,0.006782367885117505
0,0,0.4661565478257655
1,1,0.9058170012411062
0,1,0.6140390099086913
1,1,0.8567270974663375
0,0,0.04696125549911764
1,1,0.7259777128986876
0,0,0.002150108535734831
1,1,0.9793265027135674
1,1,0.9807783315958526
1,1,0.9993659147096359
1,1,0.8830006089053034
0,0,0.00040291978512088184
1,1,0.9864618743409006
1,1,0.9336448526394651
0,0,0.4507602543861379
1,1,0.9764980804957674
0,0,0.00044788718144488234
0,0,0.1869789940433358
0,0,0.0023972036091564185
1,1,0.7087861382669254
1,1,0.9918840761830666
0,1,0.9582468137392672
1,1,0.9276596111279244
0,1,0.6924973721232709
1,1,0.9953866153871933
1,1,0.9958501109191268
1,1,0.501483508814184
1,1,0.981220163638869
0,0,0.00943019073505392
0,0,0.0016662841575196504
1,1,0.8356310487316965
0,1,0.769520210984316
1,1,0.8319883052831928
0,1,0.9413359531549405
1,1,0.5732211922147692
1,1,0.9995658496717025
0,0,0.0004791056478944709
0,0,0.0038980061853163867
0,1,0.9681586623711577
0,0,0.3648775124425438
0,0,0.33585308948369164
1,0,0.051311333244991104
1,0,0.07988168988895603
1,1,0.9827531161778404
0,1,0.5797117802658851
0,0,0.0013326014574959611
1,1,0.8663571998738407
0,0,0.0025081898784419764
1,1,0.9597497876207205
0,0,0.04244951908277894
0,0,0.015964320224517877
1,1,0.6003006793678828
1,1,0.9721942017035964
0,1,0.7881495130453897
0,1,0.7128686316289874
1,1,0.9793412521595432
0,0,0.0011401471141092435
0,0,0.001079408505454727
1,0,0.12045056748557938
1,1,0.8286485938779848
1,1,0.5276952703340334
0,0,0.292138572414118
0,0,0.12065493785156743
0,0,0.003353140337445373
0,0,0.21023645157290302
1,1,0.9130230031797272
0,0,0.0010960414104254422
1,1,0.7014924576349661
1,1,0.9412798122294529
1,1,0.9468367991791599
1,1,0.9360197318520148
1,1,0.9640321217723301
0,1,0.9828762177459037
1,1,0.8028686888215255
0,0,0.00558112967075309
0,0,0.49069133781381197
1,1,0.9920502784388413
1,1,0.7919052016871587
0,0,0.00020951505881039364
1,1,0.947033879206977
0,0,0.001606669616832423
1,0,0.1880544378326869
0,0,0.0008953132735616603
0,0,0.43307204125914583
1,1,0.8358490913110502
0,0,0.0036553195036096928
1,1,0.7633215109132931
0,1,0.7067793826777923
1,1,0.9780415218588103
1,1,0.9698565516611959
0,1,0.8613266693415675
0,0,0.04405042393928384
0,1,0.9195495173204202
1,1,0.9659408661713043
1,1,0.998437527110297
0,1,0.9717358729138681
1,1,0.5587631033284016
0,0,0.20883190912085686
0,0,0.02489555568024825
1,1,0.9991261681455834
0,0,0.0007646367672511939
0,0,0.0011329738787286734
0,0,0.0034505458178926605
1,1,0.9998686445068615
1,1,0.9656866899163015
1,1,0.8848889116284567
1,1,0.8172997559315677
1,1,0.99965535340312
1,1,0.9659529345494312
1,0,0.04984361336750175
1,1,0.9376859528575214
1,1,0.9757220777368696
1,1,0.6482794733231332
1,1,0.9879499065083804
1,1,0.9995957126664229
0,0,0.0004710224891166536
0,0,0.004801403797174543
1,1,0.9213815046199538
0,0,0.000442968775072514
0,1,0.5254211184817774
1,1,0.9964576606811069
1,1,0.9639368062401402
0,1,0.6168098732083696
0,0,0.027532199683021095
0,0,0.017365831924181584
0,0,0.20494925217501905
1,1,0.9849967473842237
1,0,0.07544871229199747
0,0,0.04678715574885676
1,1,0.8523278532454233
1,1,0.9776207117244712
1,1,0.5823663338218695
1,1,0.7309317216175939
0,0,0.19717442907655905
1,1,0.597095818652399
0,0,0.006115406630812219
1,1,0.9481807371527021
1,1,0.779547544452563
0,1,0.7265186313150392
0,0,0.08889948859771661
1,1,0.9994028464974852
1,1,0.5665787926470469
1,0,0.0030308492720698185
1,1,0.9908768608523872
1,1,0.944216333585223
1,1,0.999826775229164
1,1,0.5639873259656395
0,0,0.002529357788111182
1,1,0.7582497328246918
0,1,0.9177086955151184
1,1,0.9660134108531353
0,0,0.0011097657505204834
0,0,0.19012708466106512
0,0,0.44361209870990725
0,1,0.7253061770754777
0,0,0.434108911656612
1,1,0.9992196036114546
0,0,0.05929324928681175
0,0,0.09470323768157383
0,0,0.001800118274964759
0,0,0.36912284374672416
0,0,0.0005318824629300488
0,1,0.6289195461595611
1,1,0.8547112800494644
0,0,0.0004399430954286989
1,1,0.7423244850928906
0,1,0.7303255935087817
1,1,0.9995959983066557
1,1,0.9646367267628396
1,1,0.9721859734313741
0,0,0.0846975182758587
0,0,0.0001860939418860067
1,1,0.7832987783168215
0,0,0.041639501761175694
0,0,0.05063831645468854
0,0,0.0018812493881682157
0,0,0.0020917232141847526
0,0,0.0004449074182681954
0,0,0.00145467965729705
1,1,0.9698718063424719
0,0,0.007039479536516977
0,0,0.3141237293898462
1,1,0.9913407856025477
1,1,0.7427274770592529
1,1,0.9997675091009719
0,0,0.0003367756584242961
0,0,0.00129005303430581
0,0,0.007376339564363404
1,0,0.004984857134500409
1,1,0.9995431725579627
1,1,0.7033308429232559
1,1,0.9996771009249643
1,1,0.9602308062914234
0,0,0.0031461354086331035
0,1,0.9804332679866957
1,1,0.9526974894342086
0,1,0.914440400986764
0,0,0.0007853697147858753
1,1,0.857777191833734
1,1,0.9840352730363052
1,1,0.8892534410619581
1,1,0.9470293099610714
1,1,0.9504349837506192
0,1,0.8833285869728472
0,0,0.00021863306934347772
0,1,0.6454191293127651
1,1,0.9867249292763566
0,0,0.004102605706167793
1,1,0.8252089914363516
0,0,0.023502964730216264
1,1,0.9906471570472164
0,0,0.00307301227084651
0,0,0.0006389513286979978
0,0,0.0004934286223238264
1,1,0.9995980751518263
0,0,0.03317299668890268
0,0,0.0018686733515955146
1,1,0.8680080149578842
1,1,0.9925397105789753
1,1,0.9762368010404957
0,0,0.0037924897420305113
1,1,0.7316793362302844
1,1,0.9988079210173347
0,1,0.8938357448422483
1,1,0.9996800281742969
0,0,0.05452502945121917
1,0,0.23933829685443214
0,0,0.05374294049542183
0,0,0.3382447811115336
0,0,0.08597937170724598
1,1,0.8169854827977022
1,1,0.9992305245681414
1,1,0.9223409293832545
1,0,0.07960951748073072
1,1,0.961105921533798
0,1,0.9201958809814942
0,0,0.014585984479988495
1,1,0.9961985253664847
1,1,0.9132554116127738
1,1,0.9501589344247711
0,0,0.0009285430259519371
0,0,0.04297532218218293
1,1,0.6116080007942589
1,1,0.9390016849266315
0,1,0.978190222999471
0,0,0.038118829341905615
0,0,0.0013828612961771407
0,1,0.9208131001706125
1,1,0.7913343575090966
1,1,0.9935819484973063
0,0,0.0015378352183657478
0,0,0.20929157732866394
1,1,0.8990316373406328
1,1,0.9734255224060923
1,1,0.9981919541122699
1,0,0.3932208139453155
0,1,0.8453973776438624
0,0,0.2452146907273671
1,1,0.9163382592616816
1,1,0.9368251312031362
1,1,0.9940315357131423
0,0,0.035785583159209794
0,1,0.7597889797049863
0,0,0.04549793162148271
1,0,0.2738191619211497
0,0,0.3682431212677026
0,0,0.17257058266656658
1,1,0.9909872131052206
1,0,0.05932050114796076
1,0,0.07876152881862479
1,1,0.9987246224572454
0,1,0.6821317851660763
0,0,0.4660064449040771
0,0,0.06219113598149432
0,0,0.003314434279055873
1,0,0.31319990738833364
0,1,0.8671495364043943
0,0,0.002003468396532812
1,1,0.9906624760345144
0,0,0.0016984873269354878
1,1,0.9949141177583704
0,1,0.9471741376409116
0,0,0.008328134309349271
0,1,0.8201333517567396
1,1,0.9996402264945535
0,0,0.0030122075840225736
0,0,0.021469432876521297
1,1,0.8097835875866323
1,1,0.8798653454212297
1,1,0.9748300001101762
1,0,0.003977383226199085
1,0,0.4524041061403077
1,1,0.9832203679603672
0,0,0.004523214836240518
1,1,0.9866005262735037
1,1,0.8380200920645329
0,0,0.1482225013867031
1,1,0.9995997501125794
0,1,0.9530007673842522
0,1,0.5246420636687016
0,0,0.4099683281794099
1,1,0.8854569851256174
1,1,0.995749205637041
1,1,0.99753239748698
0,0,0.1959266797136384
1,1,0.8127634679904878
0,0,0.019099323727259376
1,1,0.6617826563051085
0,0,0.0012498805855752952
0,0,0.0003642283771150391
0,1,0.9961618599658758
0,0,0.0008619989471345099
1,1,0.9628061724823809
0,0,0.028437422195167917
1,1,0.999388254610666
1,1,0.9949198322844087
1,0,0.3046942140207211
0,0,0.0007907162396296237
0,0,0.14613799396535004
1,1,0.7339958450818664
0,0,0.17975621678346101
1,1,0.9293675524744983
1,1,0.9255876054159876
0,0,0.06998567011905879
0,0,0.0015972269214693693
1,1,0.825557484354642
1,0,0.10111123594052017
1,1,0.9831762443107612
1,1,0.9997663830115497
0,0,0.28437640614868853
1,0,0.4696020887411337
0,1,0.6462835986103491
0,1,0.5069337918052952
0,0,0.1670860076257369
0,0,0.03537628333075695
1,0,0.24018094535296172
1,1,0.9965349917318977
0,0,0.00029975299739394356
1,1,0.9588476602298989
1,1,0.9992503175821207
0,1,0.7984720138997113
0,0,0.04176130467556205
1,1,0.9874448483912506
1,1,0.9271673071549581
1,1,0.9757952970380158
1,1,0.9922505872095086
1,1,0.9909944139941214
0,0,0.28896113734153406
0,0,0.06448462150920017
1,1,0.9710578455219478
1,1,0.9997783448114028
1,1,0.9268571936226728
1,0,0.008721803228564211
0,0,0.0018510576968472977
0,1,0.9586315102085687
1,1,0.628073411398154
1,1,0.8313630085831539
1,1,0.9977782941875354
1,1,0.9604304683144548
1,0,0.05492150920257125
1,0,0.014694591897328423
1,1,0.996227980614866
0,0,0.00027132984480682546
1,1,0.9066209997984399
0,0,0.2402515337477245
1,1,0.9913177943179077
0,1,0.9736128820974244
1,1,0.93204608754823
0,0,0.0008243763162766201
1,1,0.845584947047148
0,0,0.004748500785365149
0,1,0.6321541752127952
1,1,0.9985526820378622
0,0,0.005123249624130236
0,1,0.6942601960614173
1,1,0.994270266112964
1,1,0.9984708444355567
1,1,0.9021215951910017
1,1,0.9664431970614445
1,1,0.9560194379102784
0,0,0.0006220445817906413
0,0,0.0104297014061964
0,1,0.9592966080165748
0,1,0.9761019264485417
1,1,0.9994166730617835
0,1,0.5556168708813705
1,1,0.9596065232333199
1,1,0.9552135501153994
0,0,0.002284175860063932
1,0,0.37110720527820407
0,0,0.0005523864834535877
0,1,0.595356594607578
0,0,0.002918526989250634
1,1,0.9693780439502326
0,0,0.13310148669995348
1,1,0.9053154860205959
0,0,0.0020198617677877006
0,0,0.03856564650714645
1,1,0.9751701108427133
0,0,0.00225599627236355
1,0,0.19997271734512317
0,0,0.001052526209328928
0,0,0.17380840964131522
0,0,0.40294012570449955
1,1,0.985787255768151
0,1,0.9426941978366222
0,1,0.7060195297973957
1,1,0.9674932717407304
0,1,0.5834778910339644
0,1,0.9825356312818048
1,1,0.9422779381016916
0,0,0.025958842996166402
0,0,0.0037336012851448873
0,0,0.00021986778341038276
0,0,0.0008764024955514443
1,1,0.5530593833732945
1,0,0.3471193143939562
1,1,0.6589923479270487
1,0,0.13439457142189923
1,1,0.9412453765101534
0,1,0.620220546683786
0,0,0.0050424680594593
0,0,0.00490333691428502
1,1,0.7849431096390054
0,0,0.02812321059241809
1,1,0.99972226716367
0,0,0.006064704070879693
1,1,0.9990469349761851
0,0,0.0549815928018225
0,0,0.0011736604975565682
1,1,0.9976145990184708
0,0,0.03360325984389338
1,1,0.9985486268702161
1,0,0.39511759567127924
0,0,0.023730851112717048
0,0,0.42975775228864255
0,0,0.0006214961993518293
1,1,0.8239964522773288
1,1,0.9510915461327902
1,1,0.8490812887645626
1,1,0.8619482157114655
1,0,0.22423616585248587
0,0,0.0009032941538936239
0,0,0.1302512254460981
0,0,0.0005046471830905465
0,0,0.00044245825069182907
1,1,0.9941450755520957
1,1,0.9798174698748143
0,0,0.0005510449653872756
0,0,0.006715799138858391
1,0,0.057313850191670186
1,1,0.9525201417946705
0,0,0.3697617308338145
0,0,0.23210781824861215
1,1,0.7961099651961177
0,1,0.7615964817049422
0,0,0.15477766887445046
1,1,0.9788658156951862
0,1,0.9336516412221175
0,0,0.2512621476719592
1,1,0.997457505185512
0,0,0.005208714913823125
0,0,0.07352280614351903
1,1,0.9965014169833836
0,0,0.0002555985868579003
0,1,0.5154157094519576
1,1,0.8799113388558603
1,0,0.2987168915037232
1,1,0.895755173603009
0,0,0.0009175659769046972
1,1,0.9843351935123356
1,0,0.4927444464027377
1,0,0.003259510704916386
0,0,0.005027590888387405
1,1,0.8027648172456161
0,0,0.029695066987661327
1,1,0.994427205629941
0,0,0.004189604733203858
1,1,0.6091839619680727
1,0,0.4744724191222414
1,1,0.9876147900813452
1,1,0.7328412172449484
0,0,0.002954039639588003
1,0,0.0005973272824784816
0,0,0.0006431393704846927
1,0,0.4700454947223434
1,0,0.08116386603323653
1,1,0.6622512089858315
0,0,0.22333268156501124
1,0,0.43889504792643314
0,0,0.21274467589810506
1,1,0.9826731156517822
0,0,0.0033880589952219545
0,0,0.021547005506359622
1,1,0.9886341402989729
1,1,0.9740654294159371
0,0,0.10658451936412681
0,1,0.8456893727360588
0,0,0.007254953376871782
1,1,0.7171268459059627
0,0,0.31737090892528613
1,1,0.7640942057257419
0,0,0.01930976674767764
0,0,0.28556573247650946
0,0,0.0031042978103149334
1,1,0.98880442093304
0,0,0.06434191225655102
1,1,0.9941522748629036
0,0,0.00018485927386000715
0,0,0.4134241081043525
1,1,0.9736641458656179
1,0,0.3972100642336665
0,0,0.06728681837517803
1,1,0.9992845753704365
1,0,0.03721897107569453
0,0,0.15586642722909172
0,0,0.0017093406819889692
1,1,0.8352070094213447
0,0,0.0027862509783876405
0,0,0.0008345843696960759
0,0,0.000527125188625126
1,1,0.9487187338238798
0,0,0.01543236900212975
1,1,0.9931749186485013
1,1,0.9974872139031932
1,1,0.9440099224063202
1,1,0.6417060108316913
1,1,0.9797395743811611
0,1,0.7036032881374744
0,1,0.8076189021430857
0,0,0.0030840509907754535
0,0,0.0879554243640521
0,0,0.17452160159918495
1,1,0.9987113741082609
1,1,0.8132195334695881
1,1,0.9594909496972348
1,1,0.7269258136748176
1,0,0.41313708584066255
1,1,0.9999533408523179
1,1,0.999678131708443
0,0,0.2566179908484611
0,0,0.0001512883306973039
1,1,0.9916637222662954
1,1,0.997158772216539
1,1,0.5973463152669392
1,1,0.5064348836871843
0,0,0.006344115712345844
0,0,0.056476072560810456
0,0,0.07280625599276393
0,0,0.4792544882288215
1,1,0.7665131003075871
1,1,0.9556913199053679
0,0,0.0034344675998199225
1,0,0.021967594304339956
1,1,0.9470472318261404
1,1,0.9995302660748012
0,1,0.95816409581611
1,1,0.9586015398509636
1,1,0.9054821804502297
1,1,0.9179300642636765
0,0,0.07892500269117737
1,1,0.9983398193674003
1,1,0.8875639240910489
0,0,0.005860343910355022
0,0,0.0033825839764549
0,0,0.03747180460460548
0,1,0.753592660845323
0,0,0.0008031566425362459
1,1,0.963675339491653
1,1,0.9357359265993241
1,1,0.9503802021851063
1,1,0.7031588887873795
1,0,0.46554244685359775
0,0,0.002247657702035334
0,0,0.2854174091682393
1,1,0.9994331301242309
0,0,0.0018087578044584573
1,1,0.7213511741530677
1,1,0.9969424411636116
0,0,0.2762646714357109
0,0,0.14955483180472257
1,1,0.9983253374256176
0,0,0.4044031260590389
1,1,0.9549736493149021
0,0,0.0019481602451306792
0,1,0.7687815342792182
0,1,0.9356559683468829
0,0,0.004748000522657033
1,1,0.639953306636873
0,0,0.14462055486550787
1,1,0.9710729566645627
1,0,0.20927032068005083
1,1,0.7194237618545292
1,0,0.4006180538904853
0,0,0.040247867007446966
0,0,0.3223976855553403
1,1,0.9849302687942425
0,1,0.8965111483049897
0,0,0.0006037501502549876
1,1,0.9072092598405176
1,1,0.8820162100921026
0,0,0.44189748327929423
0,0,0.010273841641418265
1,1,0.9995694917886775
0,0,0.06525506147858795
1,0,0.2632020062688729
1,1,0.9413067034253113
1,1,0.9724376572687039
0,0,0.0016613951284000002
0,0,0.00068079683710891
0,0,0.0032927078870653285
1,1,0.9992700012663324
1,1,0.9533159930925299
1,1,0.6513598851314215
0,0,0.001712432936661291
1,1,0.999481007712336
0,0,0.0273041195809819
1,1,0.9038981599648972
0,0,0.0005158266549631008
1,1,0.6940979479583302
1,1,0.9233411772987058
0,0,0.0014461544239927967
0,1,0.6228803860908759
1,1,0.5895357088583199
0,0,0.011245444423157811
1,1,0.8900402246707113
1,1,0.9905785442902392
0,0,0.03826745817331443
0,0,0.012482763258829951
1,1,0.9556536191683868
1,0,0.2885746513979147
0,0,0.0005198878264764757
0,0,0.0028105326551191375
1,1,0.6849498897640905
0,0,0.1210521147785061
0,0,0.007991749400703409
0,1,0.9919691636566469
1,0,0.029758581375336452
0,1,0.9070737084273416
0,0,0.47555579174967216
0,1,0.9884205665300068
0,1,0.893110061712253
0,0,0.033345990450489214
1,1,0.9866243355573735
0,0,0.00405509990343327
1,1,0.7469310879976357
1,0,0.09450173697005201
1,1,0.9972043963934677
0,0,0.011375857442288197
1,1,0.9997036939567879
0,0,0.00023318932008269233
0,0,0.0013157642908365138
0,0,0.014684543651549722
1,1,0.9821068531017796
0,0,0.0004012946877208507
1,1,0.8409697175988295
1,1,0.905662444462869
1,1,0.9263292599806439
1,1,0.9956354724331251
1,1,0.8504258136382072
1,1,0.9510839829552606
1,1,0.9967366799415439
1,1,0.9693926833437592
0,0,0.0017009206459621619
1,1,0.9975693237545474
1,1,0.9992665586987045
0,0,0.032487738796633844
1,1,0.9984932431439542
1,1,0.9843091169197424
1,1,0.5705579627145314
0,0,0.035258782154157176
0,0,0.0014805061223517606
1,1,0.9995128834699963
0,0,0.02275492800623755
1,1,0.9362117195748599
1,0,0.28733379636219253
0,0,0.003389499254559218
1,1,0.9868065237821458
0,1,0.7375919692114218
1,1,0.9598416024135122
1,1,0.9973589931376001
0,0,0.11318569825614846
1,1,0.7057199003023743
0,0,0.2879650592073192
0,0,0.007432717347178847
1,0,0.11502009246888534
0,0,0.038143868071153185
0,0,0.006093599598272342
1,1,0.9236599647971869
1,1,0.6019028618011867
0,0,0.00281774207317145
1,1,0.999683019485579
1,1,0.8794290362394722
1,1,0.9996557275876512
0,1,0.930280286991131
0,0,0.005487661130097578
0,0,0.0007206947415936477
0,0,0.06737142268934912
0,0,0.295875708237783
0,1,0.8663802216829674
0,0,0.018394992248628134
1,1,0.9692225832308226
0,0,0.2871010022075624
1,0,0.008507307322970592
0,1,0.5832861346567285
0,0,0.000172207756485615
0,0,0.0064310933700616555
0,0,0.0039537042593201935
0,1,0.8622519267046389
1,1,0.8675547452625713
0,0,0.14498502073268293
1,1,0.835408514213276
1,1,0.9655993734250473
1,1,0.8750438144816782
0,0,0.004949700566214932
0,0,0.12022156466637939
1,1,0.9754354632504305
0,0,0.39307881698768027
0,0,0.14016547275455374
1,1,0.6787552213513478
1,1,0.9995292865455426
1,1,0.9871769067564281
0,1,0.6381160195695368
0,0,0.00014401159451826913
0,1,0.9406291131374652
0,0,0.00468339223924006
1,1,0.7183773965428287
0,0,0.08201763574531701
1,1,0.9146980591047835
0,1,0.5824085842533548
0,0,0.48571654640612144
0,0,0.0008303627627159404
1,1,0.8440538021435395
0,0,0.010497495005939172
0,0,0.00442999857914778
0,0,0.00032334078129558636
0,0,0.0008804212155790172
0,0,0.003816692727616828
0,0,0.02536218461907782
0,1,0.960236654641741
0,0,0.07890059924703971
0,1,0.9713117696680006
1,1,0.9900960065471287
0,0,0.0006707327843992005
1,1,0.7356801799607182
0,0,0.005345520795968036
0,1,0.9453717990481454
1,1,0.8336849561235352
1,0,0.057835738589564784
0,0,0.00029952114341823374
1,1,0.9387813960086251
1,1,0.7810246719868147
1,0,0.15278603703915505
0,0,0.0009319510751660602
1,1,0.969356906337631
1,0,0.1557131289460447
0,0,0.037912909388279986
0,0,0.0005992130898086461
0,0,0.004751651313224498
1,1,0.758614665238266
1,1,0.949504346021839
1,1,0.7965749476631548
0,0,0.055165750649590235
0,0,0.36905744621060016
1,1,0.910185315272574
0,0,0.027807873719022286
1,1,0.9994441627827705
1,1,0.9893335586760296
0,0,0.0010743134841389827
0,1,0.6065333423950829
0,1,0.8236101029506127
1,1,0.9411884093135945
0,0,0.006898166978809255
1,1,0.9985726578907167
1,1,0.9571640404308006
0,1,0.6905580915844802
1,0,0.09633683998566776
0,0,0.004068503836765245
0,0,0.0008110851482119593
0,0,0.0009153351826435281
0,0,0.0026913136015564534
1,1,0.7313554188627542
0,0,0.0008314180241787654
0,0,0.04614455552637648
1,1,0.985828021131186
1,1,0.9716451802780774
0,0,0.014037180965853624
0,0,0.0001131188823336545
0,0,0.012804169141301594
0,0,0.0007832059716866885
1,1,0.8269717139131608
1,0,0.25439399352208875
0,0,0.06841489341105675
0,0,0.0005488201269823485
0,1,0.9359241253126392
1,1,0.8560805513319824
0,1,0.85167523604509
0,0,0.035255436932223126
1,1,0.9926220694604824
1,1,0.9089870745842422
1,1,0.89120763203801
0,1,0.5713393560276157
1,1,0.9863699792679966
1,0,0.011283314200134321
0,0,0.03666965131148526
0,1,0.9125991468664052
1,1,0.8673321709272869
1,0,0.22162687789847324
0,0,0.14390882140155023
1,1,0.9844336642741963
0,0,0.11628516576733697
1,1,0.623885480566044
0,0,0.0007582718971118546
0,0,0.10334974315239376
1,1,0.817509590348382
1,0,0.11178077522579762
1,1,0.9995200226173464
0,0,0.4011913412446924
0,0,0.004237878180025003
0,0,0.09668056421554941
0,0,0.0536573491045111
0,0,0.001700474947109007
1,1,0.984217439926188
0,0,0.14158220692952148
1,1,0.959198494019469
1,1,0.560857792194713
0,0,0.0011193672256220295
1,1,0.8176259539420729
0,1,0.9041571486473207
1,1,0.9884981436750315
1,1,0.7036877659350655
1,1,0.8468361438750814
1,1,0.544207465765211
0,0,0.00017101552590543858
0,0,0.047097047689257605
1,0,0.3278535911673618
0,1,0.5594803378236562
0,0,0.00019800748124176686
1,1,0.8926912935769726
1,0,0.16845766615246716
0,0,0.35152069442421574
1,1,0.9994542575751513
1,1,0.8677261075286891
0,1,0.918157621301679
0,0,0.015360446704275131
1,1,0.9982950877332468
0,1,0.827267999811421
0,0,0.01657875741826677
1,1,0.9619659487985938
1,1,0.7894828130583529
0,0,0.0009332993081017301
1,1,0.9878820809217546
1,1,0.7520967386756723
1,1,0.9966658447576604
0,0,0.018208152412534418
1,1,0.9697173637740557
0,0,0.05445835815004599
1,1,0.6289859309192697
0,0,0.4308608823329942
1,1,0.9551785815620593
0,1,0.785720456569213
0,0,0.021633481284681812
1,1,0.9901290717088995
1,1,0.8655863976394552
0,0,0.015254096458681593
0,0,0.06689042837556822
0,0,0.2204108997090114
1,1,0.9983451170084859
0,0,0.0006871055076466914
1,1,0.9788753571912331
1,1,0.9906226100540899
0,1,0.835625786964988
1,1,0.9994476145979687
1,1,0.9969769067495198
1,1,0.7988157145199536
0,1,0.7618011910227186
1,1,0.9998021273954572
0,0,0.03622944271802617
1,1,0.8922737469824782
1,1,0.9896672413750811
0,0,0.0009215283709411808
0,1,0.8155552708440607
0,0,0.0006352769518937861
1,1,0.9265530508555496
1,1,0.9995781743262132
1,1,0.9122343479690653
0,0,0.0011396113956975123
1,1,0.866523934630696
0,1,0.9980791724242637
1,1,0.8225494255910395
1,0,0.05440936585942885
0,0,0.0012784192312694986
1,1,0.9465700187208029
0,0,0.0007678342089626589
1,0,0.416979164531878
1,1,0.9999350670893781
1,1,0.9965179274394185
1,1,0.9902507558718227
0,1,0.6504881172513761
0,0,0.2509224491372342
1,1,0.9962818273491899
0,0,0.0020168709434256744
0,0,0.15668263904494745
1,1,0.9734223063474846
1,1,0.9745647135040569
1,1,0.8338826898741944
1,1,0.997789328077844
0,0,0.0033125098363406724
1,0,0.3593213674921588
1,1,0.9366791951080882
1,0,0.025619527474866826
1,1,0.5263986377082415
0,1,0.9451596298688182
1,1,0.9989098879786394
1,1,0.9995803103872077
1,1,0.999385440259698
0,1,0.5203639385314394
0,1,0.8475239587915738
0,0,0.04027666772305883
0,0,0.0726523828586361
1,1,0.9482258095302876
1,1,0.9944465518276385
1,1,0.9764660331955779
0,0,0.1867102575218503
0,0,0.0003840868927094329
1,1,0.9938388966069159
0,0,0.003793997665928458
0,0,0.02671930920008225
0,0,0.00122214504787085
1,1,0.9602391214744662
1,1,0.7391051213770192
1,1,0.9547660465154341
0,0,0.0013452883954034494
1,0,0.13802907626909125
0,0,0.15704155396617264
0,0,0.0006513708102291033
0,0,0.0001993689994607251
1,0,0.18335251153084067
1,1,0.9916346845146227
1,1,0.9800052918958598
0,0,0.04880479249821505
1,1,0.9951675839244961
0,1,0.9805886239245903
1,1,0.9998197458299312
0,0,0.20449639138189885
0,0,0.0056260463840431246
0,0,0.402862140099598
1,1,0.9952535601672737
1,1,0.7876561318899961
0,0,0.2514600747239503
1,1,0.9260591053702792
1,1,0.8039355659731268
1,1,0.7767179661650038
0,1,0.5866923505179815
1,1,0.9265408372732569
1,1,0.999533716588534
0,0,0.031134901706915977
0,0,0.4040195080298039
1,1,0.6632153397609852
0,1,0.5807458158506822
0,0,0.0004248459508416244
1,0,0.491501023677649
1,0,0.13829457067587866
0,0,0.0006903476124561484
1,1,0.9599417549778998
1,1,0.8680501818481813
0,0,0.009830394937660223
1,1,0.9787333645368594
1,1,0.7448825399533746
0,0,0.0013308885887568919
1,1,0.704435490478939
0,1,0.6679379136023703
0,0,0.1283765645480405
0,0,0.40698996115284214
0,1,0.8496771100734304
0,0,0.200875854502254
1,1,0.9366139958198888
0,0,0.0004331002798694057
0,0,0.008032404527633456
1,0,0.44026531798110735
0,0,0.014362903750674678
1,1,0.9928700891367179
1,0,0.041985796327331106
1,1,0.5967623458092411
0,0,0.07947493965056508
1,1,0.9619606818642804
1,1,0.803365640417402
0,1,0.6759531329504069
1,1,0.8402713718540717
0,1,0.9023738138746721
1,1,0.9500852609271799
0,1,0.7817869533506591
0,0,0.10641395362598127
1,1,0.9811742123434447
1,0,0.4593972127212071
0,0,0.05832047513405978
0,0,0.4005399727287975
1,1,0.9947677355215266
1,1,0.9995248138175364
1,1,0.9602784487478896
0,0,0.001067299334186071
1,0,0.12593347695009385
0,0,0.00026516340251208585
0,1,0.9221451142940665
0,0,0.3676619681441566
1,1,0.9932337815559196
0,0,0.2355925288291552
1,1,0.8901472813849687
0,0,0.008603661916252609
0,0,0.000756730097117323
0,1,0.9145203550513268
0,0,0.004210433423885066
0,1,0.8938861435419876
1,1,0.6797106122355585
1,1,0.8887215644170325
1,1,0.9995311405317524
0,1,0.8635561619418678
0,0,0.02484003054856629
1,1,0.9686817183909245
1,1,0.5416805746408255
1,1,0.5622461816661578
0,1,0.7993005267362057
1,1,0.9721452780940303
0,0,0.006174713510644177
1,1,0.5133909703981685
0,1,0.8066899275102316
0,1,0.783680983120115
0,0,0.0006836386183160703
1,0,0.44331161105854594
0,0,0.04254873456851231
1,1,0.9291402684710484
1,1,0.7245621643105027
0,1,0.9681433842692688
1,1,0.8754872724707303
0,1,0.9001846556715212
0,1,0.7650134312694842
0,1,0.5545369213224035
0,0,0.0014003684292741708
0,0,0.37498402414777454
0,1,0.993104471953521
1,1,0.9868270617086061
1,0,0.07473355007418002
0,0,0.001595011408280211
1,1,0.8930422486727645
1,0,0.04373433153318725
0,1,0.7726309786426246
1,0,0.3696705047550754
1,1,0.9991765484087572
0,0,0.020711129719663567
0,0,0.004222723341060934
0,0,0.003197987583631751
1,0,0.35836725711041556
0,0,0.001868249091123672
1,0,0.10646069366208336
0,1,0.8097639288642858
0,0,0.03962274158331971
0,1,0.517334576846086
1,1,0.9840848808619523
1,1,0.9754548613186672
0,0,0.04242704854578077
0,0,0.00021612561354479465
0,1,0.8793249105788806
1,1,0.9881163877212481
0,0,0.000625988197739861
0,0,0.49076305967589645
1,1,0.7615735550838679
0,0,0.0008543513339182344
1,0,0.01639521318896323
0,1,0.9715449091105879
0,0,0.009913960556367007
1,1,0.9619336774575351
1,1,0.9703632383789765
1,1,0.994759376036051
0,0,0.013648995730708744
0,0,0.4835044784900973
1,1,0.796106881876042
1,0,0.49926514497824
0,1,0.8407051710061026
1,1,0.9852452986623703
0,0,0.13174744217176537
1,1,0.9998491339466439
1,1,0.9995097047087164
1,1,0.8796938645681709
0,0,0.08911049643162265
0,0,0.041432526278047145
1,0,0.48293208480277455
0,0,0.0018497953102120724
0,0,0.1357264536056941
0,0,0.0012694997550564365
1,1,0.8636666927716433
1,1,0.9848347503995848
0,0,0.05541453417917114
0,0,0.030028017209460998
1,1,0.9994159181272251
1,1,0.9842080808754664
0,0,0.0005221609200136537
0,0,0.3919971616089596
1,1,0.991076914686114
0,0,0.10497372186859148
0,1,0.9498250705913726
1,1,0.9940079381079714
1,1,0.904916678115089
0,0,0.07121563551814541
1,1,0.9831295421967398
1,1,0.909418771662525
1,1,0.8313691866081071
0,0,0.0001735127807768246
1,1,0.9827394065571476
1,1,0.9969073983856027
1,1,0.9888588752747931
1,0,0.1294595606499483
1,1,0.9861287371561771
1,1,0.9986524696466557
0,0,0.007684454148681573
1,1,0.9784580780382502
0,0,0.0009208701277783447
0,1,0.7540499471000316
0,0,0.001846811312705731
1,1,0.9996735041619592
1,0,0.0107522982401297
1,1,0.9823534347386856
1,1,0.9949506764964093
0,0,0.08914864409459956
1,1,0.9605400941367007
0,0,0.0005082042946845731
1,1,0.9995498283974696
0,0,0.04929383546346591
0,0,0.29316489788453176
0,1,0.5688765461758123
1,1,0.8620996228810778
1,1,0.9960956778829281
1,1,0.9821988923159868
1,0,0.4711267987783914
0,0,0.028082627477446304
1,1,0.7237459459212684
0,0,0.037622751895780016
1,1,0.9021818024401342
0,0,0.0009741924331994796
0,0,0.004008869068688089
0,1,0.7012104273930491
1,1,0.9996135996798999
1,1,0.9909909032498879
1,1,0.994551415079387
1,1,0.9804517187679016
0,0,0.0010846976865910183
1,1,0.9123427320668345
0,0,0.11589730632756035
0,0,0.039081240451451164
1,1,0.9797488443013203
1,1,0.8611064791643751
0,0,0.05725125041533567
0,0,0.08036468860437496
0,1,0.675589205059713
0,0,0.0014664848628139836
1,1,0.9750450484934537
1,0,0.08105784951555485
1,1,0.9755999241478639
0,0,0.02840537351362628
0,1,0.8699722128966899
0,0,0.0003930034210618155
1,1,0.8597085905658787
1,1,0.8834815002531274
0,1,0.5694179804957846
1,1,0.8887689288676677
1,1,0.8887543482219878
0,1,0.7577795954159046
1,1,0.9992591046539981
1,1,0.9880162459518314
0,0,0.3177075712556717
0,0,0.0020543931209014584
0,1,0.942708867386217
0,1,0.9803607510532062
0,0,0.10037849488992803
0,0,0.027154318614360944
0,0,0.01760435077452915
0,0,0.0007054162246594629
1,1,0.9412513435568374
1,1,0.5019637685464439
1,1,0.999139073009105
1,1,0.9312123091939055
1,1,0.7281217983397157
1,1,0.8188912369533369
0,0,0.4762938613494957
0,0,0.4879266815850844
1,1,0.9989530914292241
0,0,0.24536407518449113
0,0,0.33669742838131156
1,1,0.994861691094485
1,1,0.9621816816603198
1,1,0.9679848086090003
0,0,0.0009953963369526996
0,0,0.1242406324276211
0,0,0.00048524933351162656
1,1,0.8680981553381985
1,1,0.950368651985883
1,1,0.9566489076160084
0,1,0.9196224474457815
1,1,0.9987684773224987
0,0,0.42330041714456207
0,0,0.1481642718534414
0,0,0.04032004860544491
0,0,0.010256863413943473
0,1,0.8648118435941208
0,0,0.00035744009642010003
0,0,0.003993844467309517
1,1,0.5446364221587584
1,1,0.504117559014336
1,1,0.9947356777668775
1,1,0.9759863386979548
1,1,0.9923620939595453
1,1,0.9893697480462611
0,0,0.025897698978582174
1,1,0.992715544006444
0,0,0.0017432049289937191
0,1,0.7867272942787138
0,0,0.0002174813513824326
0,0,0.000623683052394268
0,0,0.28117566311592385
0,0,0.00810680510148581
1,1,0.9962852132120407
0,0,0.0050539965048228
1,1,0.9946091033056005
0,0,0.003174416641406003
0,1,0.6055027001813937
0,0,0.016156108817689016
0,0,0.04397433048849912
1,1,0.9757405250937217
1,1,0.9275024428224583
1,1,0.8738927260107976
0,0,0.0023901175426527532
